Age,c_charge_degree,race,sex,Priors_count,Length_of_stay,Probability
69,F,0,0,0,0,1
34,F,0,0,0,10,0
24,F,0,0,4,1,0
44,M,0,0,0,1,1
41,F,1,0,14,6,0
43,F,0,0,3,0,1
39,M,1,1,0,2,1
27,F,1,0,0,1,1
23,M,0,0,3,4,0
37,M,1,1,0,0,1
41,F,0,0,0,0,1
47,F,1,1,1,14,0
31,F,0,0,7,3,0
37,M,0,0,0,0,1
25,F,0,0,3,1,1
31,F,1,0,6,1,0
31,F,1,0,5,1,0
64,F,0,0,13,1,0
21,F,0,0,1,3,0
27,M,1,0,0,0,0
21,F,1,1,0,1,1
24,F,0,0,1,0,0
43,M,1,0,1,1,1
32,M,0,0,0,1,1
27,F,0,0,8,17,0
26,F,0,0,5,0,0
33,F,0,0,0,37,0
30,F,1,0,9,44,0
32,F,0,0,4,1,0
55,F,1,0,0,2,1
49,F,0,0,7,3,0
33,M,1,1,4,11,0
24,M,1,0,1,1,0
34,F,0,0,21,33,0
29,M,1,0,0,-1,1
21,F,0,1,2,79,1
51,M,0,0,2,1,1
29,M,1,0,2,0,0
51,F,0,1,7,1,1
29,F,0,0,0,0,0
25,M,1,0,9,6,0
35,F,0,0,13,0,0
49,M,1,0,0,0,1
29,F,0,0,0,0,1
29,F,1,0,1,0,0
28,F,0,1,0,0,1
31,F,0,0,15,135,1
24,F,0,0,2,1,0
30,M,0,0,0,23,1
49,M,0,0,4,0,1
53,F,1,0,8,13,1
35,F,0,0,5,0,1
27,F,0,0,15,1,0
38,M,1,0,4,1,0
22,F,0,0,1,1,0
29,F,0,0,4,18,0
62,M,0,0,0,-1,1
27,F,0,0,6,30,0
33,M,0,0,0,1,1
56,M,0,1,0,3,1
45,F,0,0,6,241,0
22,F,0,0,1,1,1
39,M,0,0,1,4,1
29,F,0,0,5,1,0
27,F,1,0,1,14,0
40,F,0,0,2,3,1
22,M,0,0,1,16,0
22,F,1,0,0,57,1
26,F,0,1,1,2,0
32,F,0,0,0,1,1
41,M,0,0,1,1,1
30,M,0,0,8,1,0
50,F,0,0,0,0,0
25,F,0,0,14,7,0
20,F,0,0,0,1,0
22,F,0,0,2,30,0
35,M,0,1,1,0,1
36,F,0,0,9,3,0
26,F,1,0,7,0,0
21,F,0,0,1,3,0
25,F,1,0,9,0,0
20,F,1,1,0,0,1
39,F,1,0,2,-1,0
54,M,1,1,0,0,1
44,M,0,1,0,1,1
19,M,0,0,1,9,0
30,F,0,0,1,0,1
39,F,1,1,0,1,0
24,F,1,0,8,12,0
30,F,1,0,0,5,1
31,M,1,0,0,38,1
39,F,1,1,1,106,1
43,F,1,0,1,1,1
21,F,0,0,3,6,0
38,M,1,0,5,2,0
34,F,1,0,0,14,1
33,F,0,0,5,0,0
37,F,0,0,3,1,1
42,F,1,0,1,0,0
41,F,0,0,10,176,0
22,F,0,0,0,0,0
33,F,0,0,28,1,0
31,M,0,0,1,1,1
30,F,0,1,1,1,1
31,F,1,0,13,471,0
27,F,0,0,3,0,0
52,M,1,0,3,0,1
33,F,0,0,19,0,0
42,F,1,0,6,-1,1
25,F,1,1,2,3,1
30,M,1,0,1,3,1
37,M,0,1,2,1,1
28,M,1,0,0,0,0
24,M,0,1,0,2,1
29,F,1,1,10,7,0
44,M,1,0,2,-1,0
32,F,0,0,3,8,0
31,M,1,0,2,15,0
31,M,0,0,1,1,1
59,F,1,0,1,0,0
20,F,0,1,1,2,1
43,M,1,1,0,0,1
38,F,0,0,9,13,0
32,F,0,0,11,1,0
33,M,0,0,8,0,0
31,F,0,1,0,1,0
33,F,0,1,7,26,0
27,F,0,0,2,1,0
20,F,0,1,0,0,1
26,M,1,1,0,0,1
61,F,0,1,1,0,0
52,F,0,0,13,1,0
63,F,0,0,1,14,1
32,F,0,1,4,6,0
29,F,0,0,1,0,1
26,M,0,1,2,0,0
39,M,1,0,1,3,1
30,F,1,1,3,530,0
30,F,0,0,1,70,1
48,M,1,0,2,0,1
22,F,0,0,1,0,1
46,F,1,0,6,22,0
31,F,1,0,0,2,1
25,M,0,0,1,1,0
23,F,0,0,0,0,1
32,F,0,1,5,1,1
52,M,0,0,2,3,1
62,F,0,0,8,15,1
31,F,0,0,8,117,0
28,M,0,0,6,0,0
54,F,0,0,2,188,1
58,F,0,0,0,0,1
78,M,1,0,1,0,0
56,F,1,0,0,1,1
24,F,0,0,0,1,1
22,F,0,0,1,0,0
47,M,0,0,23,0,0
23,M,0,0,0,1,0
57,F,0,0,1,19,1
66,F,0,0,3,2,1
45,M,1,0,8,71,0
37,M,0,0,2,0,0
39,F,1,0,0,0,0
26,F,0,0,9,79,0
45,F,1,0,2,358,1
23,F,0,0,0,0,0
34,M,0,0,2,25,1
23,M,0,1,1,0,1
36,M,0,0,2,2,0
50,F,1,0,1,1,1
37,M,1,1,0,0,1
44,M,1,0,4,1,1
35,F,0,1,23,2,0
24,F,0,0,5,0,0
26,F,0,0,2,1,0
27,M,0,0,0,2,1
28,F,0,1,0,29,1
28,F,1,1,7,1,0
38,F,0,0,2,1,1
28,F,0,1,1,38,1
56,F,1,0,7,0,0
38,F,0,0,15,1,1
28,M,0,0,2,0,1
51,M,1,1,0,0,0
51,M,1,0,0,0,1
36,M,0,0,1,1,0
48,F,0,0,0,1,1
37,F,1,0,4,1,0
30,F,0,1,2,2,1
41,M,0,1,5,0,1
27,F,0,0,11,223,0
37,M,0,0,0,1,1
33,F,0,0,4,2,0
54,F,0,0,11,129,1
23,F,0,0,2,71,1
41,M,0,0,0,0,1
52,F,1,0,0,0,1
43,F,1,0,13,51,0
52,F,0,0,0,13,1
28,F,1,0,1,3,1
30,M,0,0,11,1,0
28,F,1,0,1,6,1
22,F,0,0,0,0,1
30,F,0,0,4,-1,1
25,F,0,0,4,1,1
31,F,1,0,0,30,0
37,F,1,0,0,35,0
32,F,0,0,14,1,1
53,M,1,0,1,1,1
28,F,0,0,25,25,0
44,M,1,0,8,4,0
25,F,0,0,0,0,1
22,M,1,0,1,5,0
37,M,0,1,0,1,1
40,F,0,1,3,1,1
31,M,0,1,0,0,1
23,F,0,0,1,1,0
23,F,1,1,5,0,0
24,M,0,0,0,0,1
29,M,0,0,1,0,1
20,F,0,0,1,1,0
30,F,0,0,2,1,0
39,F,0,0,0,0,1
27,F,0,0,4,0,1
37,F,0,1,2,0,1
20,F,0,0,0,2,1
22,F,0,0,0,2,1
52,F,0,1,0,0,1
23,F,0,1,0,3,0
48,F,0,1,0,1,1
25,F,1,0,0,0,1
27,F,1,0,0,1,0
30,F,0,0,11,1,0
22,M,0,0,3,1,0
22,F,1,1,1,0,1
41,M,0,1,2,0,1
25,F,0,1,0,0,1
52,F,0,0,3,24,0
43,F,0,0,0,41,1
37,F,1,0,3,2,1
70,M,1,0,1,12,1
46,F,1,0,3,14,1
21,M,0,0,0,1,0
26,M,0,0,1,1,0
38,F,0,0,3,1,0
34,M,1,0,5,1,1
34,M,0,0,5,0,1
23,F,1,0,0,0,0
34,F,0,0,5,2,0
39,F,0,0,6,2,0
24,F,0,0,0,1,1
58,F,1,0,2,1,1
21,M,0,1,0,0,1
23,M,0,0,4,11,0
62,F,1,0,0,1,1
37,F,1,0,5,10,1
43,F,0,0,2,7,0
32,F,0,1,5,-1,1
23,F,0,0,0,45,1
27,M,0,0,0,0,1
44,M,1,0,0,1,0
28,M,1,0,3,0,0
42,F,1,1,0,1,1
24,F,0,0,9,4,0
27,F,0,0,0,17,1
20,F,0,0,0,0,0
51,M,1,1,0,1,1
56,M,1,0,0,1,1
29,F,0,0,7,1,1
20,F,0,0,0,209,0
27,F,1,0,8,68,1
24,F,0,0,2,19,0
53,F,1,0,36,32,0
28,M,1,0,2,1,0
21,F,0,0,3,22,1
36,F,0,1,0,12,1
25,M,1,1,2,1,0
23,M,0,1,1,0,1
28,F,1,0,1,1,1
21,F,0,1,0,1,0
36,M,1,0,0,0,1
24,F,0,0,0,0,1
30,F,0,0,1,0,0
29,F,0,0,0,1,1
30,M,1,1,0,3,1
51,M,0,0,1,1,1
32,F,0,0,12,1,0
23,F,0,0,1,1,1
47,F,0,0,3,0,1
37,F,1,0,0,19,1
19,F,0,0,2,1,0
27,M,0,0,0,2,1
39,M,0,0,0,0,1
21,F,1,1,0,0,1
69,M,1,0,0,0,1
21,F,1,0,2,2,1
26,M,0,0,6,3,0
22,F,1,0,0,0,1
23,F,0,1,0,0,0
49,F,0,0,3,3,1
29,M,0,0,2,50,1
60,M,1,1,0,0,1
23,F,0,0,3,0,0
20,F,0,1,1,2,1
36,F,0,0,1,95,1
30,F,1,0,0,1,1
21,F,0,0,1,-1,1
22,M,1,0,2,0,0
21,F,0,0,4,219,0
21,F,0,0,0,12,0
34,M,1,0,1,0,1
50,M,1,1,1,0,0
40,F,1,0,0,8,0
25,F,0,0,7,127,0
53,M,1,1,1,0,1
24,F,0,1,0,1,1
42,F,0,0,1,4,1
28,M,0,0,1,1,1
26,F,0,0,6,1,0
22,F,0,0,4,260,0
21,M,1,0,3,5,1
37,F,0,0,23,17,0
35,F,0,0,2,5,1
53,F,0,0,2,0,1
29,F,0,0,7,1,1
48,F,1,0,23,360,0
52,M,1,1,0,0,1
27,F,0,0,12,31,0
28,F,0,0,5,51,1
33,M,1,0,3,0,1
28,F,0,1,0,2,1
36,F,0,0,14,0,0
29,F,0,0,2,1,1
22,M,0,0,0,21,0
25,F,1,0,0,0,1
56,F,0,0,5,12,1
27,F,0,0,9,52,0
52,F,1,0,4,7,0
32,F,0,0,3,1,1
60,F,0,0,4,1,1
23,M,0,0,1,5,1
39,M,1,1,0,0,1
56,M,1,0,0,0,1
22,F,0,1,0,0,1
53,F,0,0,11,110,1
25,M,1,0,0,0,0
21,M,0,0,0,0,1
22,F,1,0,0,1,1
58,M,1,1,2,1,1
31,M,0,0,7,1,0
22,F,1,0,1,0,0
28,F,0,0,8,3,0
42,F,0,0,1,2,1
20,F,0,0,0,0,0
29,M,1,0,0,5,0
58,M,0,0,21,59,0
22,F,0,0,3,106,1
48,M,0,0,1,0,0
37,F,1,0,0,0,1
57,F,0,0,1,25,0
27,M,1,0,3,-1,1
26,F,0,0,3,33,1
24,F,1,0,3,0,0
33,F,1,0,0,1,1
29,F,0,0,2,0,1
24,F,0,1,3,1,0
19,F,1,0,1,32,0
36,M,1,0,2,0,1
24,F,1,1,0,0,1
34,M,1,0,0,0,1
25,F,0,0,2,0,0
20,F,0,0,1,1,0
24,M,0,0,1,1,0
61,F,1,0,4,1,1
50,F,0,1,3,-1,1
30,M,0,0,1,4,1
38,F,0,0,5,1,1
24,M,1,0,0,0,1
46,F,0,1,2,9,0
41,M,1,0,0,3,0
20,F,0,0,0,22,0
27,M,0,0,13,1,0
26,M,0,0,1,13,0
29,F,0,0,3,1,0
52,F,1,0,6,1,0
28,F,1,0,1,4,0
55,F,0,0,5,118,0
26,F,0,0,10,0,0
28,F,0,0,5,1,1
63,F,1,0,2,3,1
42,F,0,0,0,1,1
23,F,0,0,6,0,1
54,F,0,0,28,5,0
35,F,0,0,8,10,0
24,F,0,1,6,26,0
54,M,0,0,2,0,1
58,M,0,0,12,3,0
23,M,1,0,1,0,0
35,M,0,0,1,0,1
20,F,0,0,1,2,0
51,F,1,0,0,35,1
24,F,0,0,0,1,1
37,F,1,0,3,6,1
47,F,1,0,3,0,1
34,F,1,0,4,1,0
56,F,1,0,0,0,1
34,F,0,0,4,31,0
59,F,1,0,1,0,0
35,F,0,0,0,101,1
58,F,0,0,1,10,1
29,M,0,0,2,0,1
24,F,1,1,6,3,0
21,M,1,0,2,8,0
50,F,0,0,5,11,0
26,F,0,0,1,1,1
30,M,1,1,0,1,1
29,M,1,0,0,1,0
54,M,0,0,0,1,1
29,F,0,0,4,8,0
59,M,1,1,0,0,1
38,F,0,0,0,1,1
27,M,1,0,1,1,0
26,F,0,0,7,1,0
52,F,0,0,20,27,1
66,F,0,0,33,13,0
27,F,1,0,2,0,1
51,M,1,0,1,1,1
35,F,1,0,1,74,1
52,M,1,0,4,0,1
48,F,0,0,12,1,1
26,M,0,1,0,1,1
48,M,1,1,0,0,1
30,M,0,0,7,37,1
28,M,0,0,2,1,1
33,M,0,0,2,0,1
34,F,0,1,6,52,1
25,M,0,0,0,-1,1
59,F,0,0,10,127,0
29,F,0,0,5,2,0
24,F,1,0,0,1,1
48,F,1,0,1,129,0
52,M,0,0,4,1,1
20,F,0,0,0,0,0
25,F,1,0,4,5,0
24,F,1,0,0,15,1
23,M,1,0,0,1,1
27,F,1,0,6,1,1
25,M,0,0,1,0,0
31,F,0,0,0,0,1
25,F,0,0,6,4,0
32,F,1,0,1,0,0
21,F,1,0,0,-1,0
37,F,0,0,1,5,1
25,F,1,0,0,0,1
32,F,0,0,20,0,1
35,F,0,0,0,2,1
42,F,0,0,14,1,0
24,M,1,0,9,10,0
21,F,0,0,0,0,0
47,M,1,0,1,0,1
27,F,0,0,5,1,0
43,M,0,0,2,4,0
46,F,1,0,2,0,0
44,M,0,0,1,0,1
23,F,1,0,2,0,1
42,F,0,0,8,1,1
58,F,0,0,6,144,1
26,F,0,0,3,1,1
48,F,0,1,0,17,1
39,F,0,0,3,3,0
21,F,0,0,3,-1,0
63,M,1,0,1,5,1
22,F,0,0,3,7,0
50,M,0,0,3,0,1
38,F,0,0,0,9,1
41,F,1,0,1,6,1
28,F,0,0,16,1,0
30,M,0,1,0,1,1
23,F,0,0,1,0,1
25,F,1,0,2,12,0
40,F,1,0,5,0,1
24,F,0,0,8,-1,1
27,M,0,0,5,64,0
44,M,1,0,11,180,1
35,F,0,1,6,1,0
42,M,1,0,0,0,1
38,F,0,0,15,0,1
26,F,0,0,4,-1,1
25,M,0,1,0,0,1
64,F,0,0,1,7,1
49,M,1,1,2,0,0
50,F,1,0,5,1,0
66,M,1,0,0,0,0
46,M,1,1,0,1,1
30,F,0,0,5,1,0
22,M,1,1,0,-1,1
23,M,1,0,1,9,1
30,M,0,0,0,1,0
31,M,0,0,0,0,1
31,F,0,0,1,0,1
25,M,0,0,0,0,1
21,F,1,1,0,2,1
27,M,0,0,0,1,1
20,M,0,0,0,1,0
32,F,0,0,1,0,1
24,F,1,1,0,0,1
20,F,0,0,1,0,1
31,M,0,0,3,19,0
27,M,0,0,3,6,0
40,F,0,0,0,1,1
22,F,0,0,11,0,0
38,F,0,1,1,0,1
36,M,0,0,1,39,0
30,M,0,0,1,0,1
27,F,1,0,6,34,0
59,M,1,1,0,0,1
37,M,1,0,2,1,1
28,M,0,0,5,1,0
38,F,1,0,0,0,1
22,F,0,0,0,0,0
25,F,0,0,4,31,0
51,M,1,0,0,0,1
29,M,1,0,2,25,0
28,F,0,0,10,0,1
55,M,0,0,9,3,0
23,F,1,1,3,5,1
22,M,0,1,0,7,1
19,F,1,1,2,22,0
31,M,0,0,1,-1,1
29,M,0,0,0,0,1
61,F,0,0,15,1,0
31,M,0,0,0,0,1
20,F,0,0,4,2,0
26,F,1,0,3,1,0
27,M,1,0,5,1,1
25,F,1,0,1,1,1
23,F,1,0,3,9,0
38,F,0,0,0,1,1
27,F,0,0,18,0,0
35,F,1,1,0,-1,0
22,F,0,0,0,16,1
58,F,0,1,4,1,0
57,M,1,1,0,1,0
21,F,0,0,0,0,1
22,F,0,1,0,1,1
30,F,0,0,0,2,1
30,F,0,0,8,1,0
31,F,0,1,10,0,1
45,F,1,1,1,1,1
39,F,1,0,2,4,0
31,F,0,0,0,1,0
22,F,0,0,1,1,0
27,F,0,0,13,2,0
38,F,1,0,1,0,0
31,F,0,0,23,55,0
47,F,0,0,20,1,1
22,F,0,0,3,0,1
35,M,0,0,1,79,0
23,M,0,0,2,19,0
65,M,0,0,2,5,0
35,M,0,0,0,1,1
33,F,0,1,0,1,1
53,M,1,0,1,1,1
52,F,0,0,0,1,1
21,F,0,0,0,0,1
37,F,0,0,11,1,1
30,M,0,0,4,0,0
54,F,0,0,0,-1,1
31,M,0,1,0,-1,1
59,F,1,1,2,29,1
27,M,0,0,0,1,1
36,M,0,0,0,0,0
46,F,0,0,17,6,0
22,F,0,0,3,323,1
28,M,1,1,0,0,1
34,F,1,1,15,3,0
29,F,0,0,7,0,0
23,M,0,0,2,80,0
27,F,0,0,3,0,1
21,F,0,0,0,0,0
48,F,1,0,3,0,0
31,F,0,0,5,6,1
36,M,0,0,4,2,1
44,F,0,0,14,1,0
53,F,1,0,2,0,1
33,M,0,0,3,1,0
47,F,1,0,2,2,0
57,F,0,0,20,33,0
28,M,0,0,2,6,1
24,M,0,0,1,1,1
44,F,0,0,1,1,1
46,F,0,0,0,1,1
37,F,0,0,6,1,1
26,M,0,0,10,5,0
27,F,0,0,10,0,0
40,F,1,0,1,1,1
60,F,1,1,9,384,0
53,F,1,0,1,6,1
28,F,0,0,0,1,1
23,M,0,0,0,0,1
46,F,1,1,2,19,1
23,F,0,0,0,1,0
50,F,0,0,18,248,0
45,M,0,0,0,1,1
22,F,0,0,1,0,1
26,F,1,0,1,16,0
62,F,1,0,0,2,1
34,M,1,0,0,-1,0
24,F,0,0,1,6,1
21,M,1,0,0,1,1
25,F,1,0,0,0,0
68,M,1,0,0,3,1
21,F,1,0,1,0,1
37,F,0,1,1,1,1
22,F,0,0,0,0,1
42,F,1,0,1,0,1
22,F,1,0,1,1,0
45,F,0,0,0,2,0
36,F,0,1,4,0,0
48,F,0,0,2,1,1
23,F,0,0,6,8,0
24,F,0,0,0,1,1
29,F,0,0,0,1,1
24,F,0,0,0,0,1
50,F,0,0,11,2,1
34,F,0,0,10,2,0
23,F,0,0,0,0,1
22,M,1,1,0,2,1
36,F,0,0,0,7,1
30,F,1,0,22,3,0
21,F,0,0,0,1,0
53,F,1,1,0,1,1
25,M,0,0,7,0,0
25,M,0,1,1,0,1
71,F,0,0,8,24,1
39,M,0,0,10,40,1
37,F,0,1,0,37,1
20,F,0,0,0,7,0
29,F,0,1,3,0,1
22,F,0,0,2,1,0
26,F,0,0,4,83,0
47,F,0,1,19,30,0
21,F,0,0,1,0,0
23,M,0,1,0,1,1
20,F,1,1,1,17,0
23,F,0,1,0,1,1
27,M,0,0,3,0,1
53,F,0,1,0,0,1
23,F,0,1,0,0,1
26,F,0,0,5,22,0
25,F,0,0,6,6,1
23,M,0,0,2,1,1
27,F,0,0,4,0,0
29,M,0,0,1,3,1
27,F,0,0,1,0,0
28,F,0,0,0,1,1
31,M,0,0,0,0,1
41,F,0,0,8,0,0
25,M,1,0,0,0,1
47,M,1,0,0,-1,1
37,F,0,0,4,1,1
35,F,0,1,4,2,1
24,M,1,0,1,1,0
21,F,1,0,2,5,0
22,F,1,0,0,2,0
57,F,0,0,11,140,1
48,F,1,0,0,11,1
36,F,0,0,0,5,1
37,F,0,1,3,28,1
31,M,1,0,0,5,1
22,F,0,0,1,4,0
31,M,1,0,2,0,1
24,F,0,0,0,0,0
32,F,0,0,22,0,0
23,M,0,1,0,1,1
63,M,0,0,0,0,1
30,F,0,0,0,1,1
20,F,1,0,0,1,1
24,M,0,1,1,0,0
36,M,0,1,1,0,1
83,M,0,0,0,0,1
28,F,1,0,2,0,1
36,F,0,0,3,1,0
33,M,0,1,0,1,1
39,F,0,0,0,0,1
29,M,0,0,3,0,1
30,F,0,0,17,4,0
24,F,0,0,1,0,0
35,F,0,0,7,1,1
24,F,0,0,0,0,1
26,F,1,0,8,2,1
28,F,0,0,14,0,0
32,M,0,0,0,0,1
32,M,1,1,1,0,0
33,M,0,0,5,5,0
29,F,0,0,16,17,1
34,M,1,0,1,0,0
37,M,0,1,0,0,0
43,M,1,0,0,0,1
47,F,1,0,2,0,1
25,M,0,0,3,2,0
23,F,0,1,1,1,1
39,M,1,0,2,0,1
35,F,0,0,13,5,0
33,F,0,0,0,1,1
21,F,0,0,0,1,0
43,F,0,0,20,1,1
25,F,0,0,3,0,0
48,F,0,0,25,6,0
22,M,0,0,1,1,0
52,M,0,0,9,38,0
26,F,1,0,5,35,0
67,M,0,0,4,27,0
34,M,0,0,4,1,1
56,M,1,0,4,0,1
28,F,0,0,1,5,0
29,M,0,0,2,0,1
37,F,0,0,6,20,0
43,F,0,0,3,1,1
51,F,1,0,0,1,1
20,M,0,0,1,0,0
26,M,1,0,4,293,0
39,M,1,1,1,10,0
21,F,0,0,1,2,1
21,F,0,0,1,2,0
24,F,1,0,3,1,0
26,M,0,0,4,1,0
48,F,1,0,1,0,1
24,F,0,0,5,1,0
26,F,1,0,0,-1,1
46,F,1,0,0,1,1
24,M,0,0,7,1,1
21,M,1,1,0,0,1
24,F,0,0,1,1,0
36,M,0,0,9,1,1
30,F,0,0,5,1,0
22,F,1,1,1,1,1
25,F,0,0,0,9,0
31,M,0,0,25,117,0
24,F,0,0,0,2,1
39,F,0,0,13,1,0
46,F,0,0,0,5,1
30,F,0,1,4,0,1
40,F,1,0,0,22,1
52,F,0,1,0,2,1
23,F,0,0,3,33,1
26,M,0,1,1,1,1
22,F,1,0,1,19,0
42,F,1,0,3,0,1
23,F,0,0,6,135,0
33,F,0,0,4,1,0
28,F,0,0,1,2,1
50,F,1,0,1,1,1
32,F,0,0,1,1,1
24,F,0,0,3,97,0
51,F,0,0,3,1,1
19,M,1,0,1,0,0
32,F,0,0,4,108,1
31,F,1,1,1,0,0
29,F,0,1,1,179,1
43,M,0,0,0,0,1
26,F,0,0,9,11,0
27,F,1,0,0,27,0
52,F,1,0,1,3,0
27,M,0,0,1,0,1
57,M,0,1,1,0,1
28,M,0,0,3,1,0
32,F,0,0,3,2,0
27,M,0,0,5,0,0
45,M,0,0,0,3,0
42,M,1,1,0,0,1
33,F,0,0,0,0,0
28,M,1,1,3,45,1
53,M,1,1,0,0,1
24,F,1,0,0,1,1
28,F,0,0,1,8,1
28,F,0,0,1,1,1
39,M,0,0,6,35,0
22,F,0,0,1,-1,0
46,F,0,0,2,9,0
25,M,0,0,0,1,1
52,F,1,0,1,3,1
28,M,0,0,4,0,0
57,F,1,1,1,1,0
49,F,0,0,3,0,0
21,F,0,0,2,0,0
32,F,0,0,19,14,0
63,M,0,0,3,220,1
29,F,1,0,2,1,1
46,M,0,0,0,1,1
28,M,0,0,10,1,0
27,F,0,0,1,3,1
69,M,0,1,0,-1,1
47,M,0,0,0,1,1
45,F,0,0,1,128,1
33,M,1,1,1,0,1
27,M,0,1,0,0,0
32,F,0,0,14,2,0
24,F,0,0,2,1,1
26,F,0,0,5,3,0
47,M,0,0,0,1,1
25,F,1,0,1,1,1
21,F,0,0,1,108,1
25,M,0,0,2,0,0
22,F,0,0,6,2,0
26,F,1,1,0,0,1
20,F,1,0,0,1,1
30,M,0,0,1,1,0
45,F,0,0,0,1,0
33,F,0,0,7,78,0
35,F,1,0,2,0,1
41,F,1,0,5,1,1
23,M,1,0,0,2,1
21,M,1,1,0,1,0
54,F,0,0,0,1,1
27,F,0,0,10,1,0
22,M,1,0,0,1,1
21,M,0,1,0,0,0
23,F,0,0,2,6,0
30,M,0,0,1,7,1
36,M,0,0,5,19,0
29,F,0,0,10,23,0
54,M,0,0,4,78,0
22,M,1,0,2,13,0
26,M,0,0,0,0,0
20,F,0,1,0,1,1
52,M,0,0,6,1,0
29,F,0,0,0,2,1
23,M,0,1,6,17,1
35,M,0,0,1,9,1
32,F,1,0,8,0,0
21,M,0,0,1,0,0
25,F,0,0,0,0,1
30,M,0,0,4,1,0
30,F,0,1,3,26,1
23,F,0,0,2,6,0
32,F,1,0,8,2,1
29,F,0,0,6,39,0
42,M,1,0,0,0,1
21,F,0,0,0,0,0
22,M,0,1,0,0,1
45,F,0,0,2,47,1
29,M,0,0,0,0,1
30,F,0,0,6,2,0
51,M,0,0,17,0,1
45,F,0,0,20,2,0
24,F,1,0,2,0,1
23,M,0,0,2,5,1
36,F,0,0,5,0,1
69,M,0,0,0,0,1
21,F,0,0,1,1,0
59,M,0,0,1,0,1
39,F,0,0,1,4,1
29,F,0,0,2,37,1
22,M,0,0,1,1,0
44,F,1,0,6,-1,1
25,F,0,0,2,58,1
31,F,0,0,0,0,1
35,M,0,0,17,2,0
27,M,0,0,11,2,0
33,F,0,0,1,1,1
28,F,0,0,6,0,0
60,F,1,0,1,0,1
53,M,0,0,0,1,1
51,F,0,0,0,1,0
54,F,0,1,0,1,1
24,M,1,0,3,1,1
55,F,0,0,1,1,0
26,F,0,0,0,2,1
75,F,0,1,5,1,1
36,F,0,0,16,0,0
34,F,0,0,0,2,0
25,M,0,1,5,47,0
46,F,1,0,0,0,1
27,F,0,0,1,6,1
28,M,0,0,3,-1,0
42,M,0,0,13,0,0
59,M,0,0,2,0,1
39,F,1,0,1,14,1
46,M,1,0,5,12,1
25,F,0,0,1,0,1
55,F,1,0,2,1,1
35,M,0,0,1,1,0
43,M,0,0,0,1,0
53,M,1,1,0,0,1
21,M,0,1,0,1,1
55,F,0,0,17,25,0
27,F,0,0,1,1,0
40,F,0,0,0,2,1
37,M,1,1,0,1,1
32,M,1,0,2,5,0
32,M,0,0,2,1,1
36,M,0,0,4,2,0
22,M,0,0,0,0,1
31,F,0,1,0,2,1
26,F,0,1,4,0,0
50,M,1,1,30,3,0
47,F,0,0,4,0,1
36,F,0,0,2,1,1
38,F,1,1,0,1,1
35,F,0,0,0,2,1
53,F,1,0,0,0,1
53,F,0,0,2,0,1
57,F,0,0,19,117,1
22,F,0,0,5,19,0
21,F,0,0,0,1,0
26,F,0,0,0,1,0
27,F,0,0,2,20,1
49,F,1,1,4,3,1
47,F,1,0,1,0,0
30,F,0,0,8,1,0
44,F,1,0,3,0,1
34,F,0,0,1,1,1
45,F,0,0,10,1,0
38,F,0,0,0,1,1
50,M,1,0,2,0,1
29,M,1,0,1,0,1
26,F,1,0,0,0,1
22,F,0,1,1,1,0
47,M,0,0,0,1,1
49,F,1,0,0,0,1
49,F,0,0,1,19,0
59,F,1,0,2,12,1
32,M,1,0,6,27,1
24,M,0,0,1,-1,0
40,M,0,0,0,1,1
32,F,0,0,0,-1,1
54,M,0,1,0,0,1
27,F,0,0,9,799,0
25,M,1,0,2,12,1
20,M,1,0,0,0,0
37,M,0,0,18,1,1
30,F,1,1,5,7,0
23,F,0,0,1,0,0
20,F,0,1,0,-1,1
50,F,1,0,8,11,1
50,F,0,0,7,0,1
40,F,1,0,3,1,1
24,F,1,1,2,2,1
24,F,0,0,0,0,0
23,F,0,1,3,0,0
54,M,1,0,3,2,0
25,M,1,0,4,1,1
46,M,1,0,1,1,1
25,F,0,0,1,266,1
22,M,1,1,0,-1,1
32,F,1,1,1,2,1
25,M,0,0,0,4,0
33,F,0,0,16,0,0
33,M,0,0,4,1,0
24,F,0,0,0,-1,1
33,M,0,0,12,2,0
37,M,1,0,0,0,1
40,M,1,1,0,0,1
43,F,0,0,9,0,0
35,F,0,0,5,1,0
25,F,0,0,11,6,0
61,F,0,0,1,0,0
52,F,0,1,1,0,1
39,M,0,0,1,-1,0
47,F,0,0,5,0,1
52,M,1,1,6,33,1
37,M,1,0,0,0,1
24,F,0,1,0,1,1
34,F,0,1,14,3,1
20,M,0,0,0,11,0
25,M,1,0,1,0,0
62,M,1,1,0,0,1
23,F,1,0,0,1,0
60,F,1,1,0,13,1
35,M,1,0,0,1,1
24,F,0,1,0,0,1
30,M,1,0,0,-1,1
35,F,1,0,4,1,0
28,M,1,1,0,0,1
56,F,0,0,0,1,1
23,F,0,0,2,1,0
20,F,0,0,0,0,0
23,M,1,0,1,0,1
21,F,0,0,0,1,0
35,F,0,1,2,14,1
33,M,1,0,3,0,1
21,F,0,0,0,4,1
41,M,0,0,9,0,1
24,F,0,0,0,4,1
20,F,0,0,2,192,0
28,F,0,0,9,1,0
25,F,0,0,7,0,1
49,F,0,0,3,1,1
22,F,0,1,0,0,1
21,F,0,0,0,1,0
27,F,0,1,3,3,0
50,M,0,0,4,2,1
23,M,0,1,0,0,1
34,M,1,0,0,0,1
25,F,0,0,4,32,0
33,F,1,1,2,43,0
25,M,0,0,1,58,0
30,M,0,0,0,0,1
42,M,0,0,0,3,1
29,F,1,1,11,34,0
32,F,0,1,6,3,0
24,F,0,0,5,1,1
52,F,0,0,3,0,1
26,M,1,1,3,0,1
31,F,1,0,2,0,0
38,F,0,0,0,1,1
30,F,1,1,0,1,1
20,M,0,0,0,4,0
24,F,0,0,0,0,1
31,F,1,0,0,77,1
37,M,1,1,1,1,1
43,M,0,0,0,0,0
49,F,1,0,8,3,0
33,F,0,1,1,0,1
42,M,0,0,0,-1,1
44,F,1,0,0,8,0
28,F,0,0,5,51,0
32,F,0,0,4,414,0
28,F,0,0,7,1,0
38,F,1,0,0,158,1
38,F,0,0,3,1,1
34,M,0,1,0,1,1
21,F,1,0,1,1,0
36,F,0,0,1,31,0
29,M,0,0,0,0,0
34,F,0,0,3,0,0
38,M,0,0,1,8,1
36,F,1,0,0,24,1
32,M,0,0,0,6,1
23,M,0,0,0,0,1
47,M,1,0,0,0,1
20,F,0,0,0,-1,1
25,F,0,1,2,0,0
35,M,0,0,0,0,1
28,M,1,1,1,1,1
24,M,0,0,2,0,0
22,F,0,0,0,0,1
20,F,0,0,8,1,0
40,M,0,0,0,0,1
27,F,0,0,1,5,1
60,F,0,0,12,1,1
33,M,0,0,6,0,1
34,M,0,0,2,23,0
24,M,1,0,4,0,1
27,M,0,0,0,2,0
29,F,0,0,4,355,0
21,F,1,0,1,36,0
32,M,0,0,0,0,1
42,F,1,1,0,0,0
32,F,0,0,1,-1,1
27,F,0,0,0,2,1
30,M,1,0,3,0,1
22,F,0,0,1,0,0
20,M,1,0,0,0,0
57,M,1,0,0,1,1
51,F,1,0,3,1,0
21,F,0,0,0,0,1
22,F,0,0,0,35,1
35,F,0,0,4,353,0
58,F,1,0,2,4,1
32,F,1,1,0,0,0
30,M,1,0,9,7,0
20,F,0,0,0,209,0
40,M,0,0,0,0,1
45,M,1,1,5,0,1
31,F,0,0,4,0,0
23,F,0,0,4,27,1
26,M,0,0,0,3,0
53,M,1,1,1,0,1
44,M,1,0,0,2,1
44,M,1,1,1,4,1
21,F,1,0,0,-1,0
28,M,0,0,0,0,1
28,M,1,0,2,1,1
24,F,0,0,0,182,0
28,F,0,0,0,-1,1
53,F,1,0,4,-1,1
47,F,0,0,1,183,1
20,F,0,0,1,1,1
21,M,0,0,0,0,1
30,F,0,0,1,2,0
37,M,1,0,1,0,0
60,F,0,0,1,18,1
26,M,0,0,1,0,0
30,M,1,0,0,0,1
26,F,1,0,2,1,0
26,F,0,1,5,6,0
21,F,0,0,0,1,1
39,F,0,1,1,0,1
30,F,0,0,0,5,1
44,F,0,0,2,2,1
45,M,1,0,0,2,1
30,F,0,0,1,0,1
38,F,0,0,2,8,1
23,F,1,0,6,0,0
46,M,0,0,0,0,1
42,F,0,0,0,0,1
54,M,1,0,4,3,1
47,F,0,0,7,1,0
26,F,1,0,0,1,0
29,M,1,0,7,1,0
51,F,1,0,7,14,0
44,M,0,0,0,0,1
49,M,1,0,12,21,1
22,F,0,0,0,0,0
32,M,0,0,4,1,0
27,M,0,0,0,1,1
30,M,1,0,0,0,1
28,M,0,0,11,0,1
45,M,0,0,0,1,1
51,F,1,1,5,32,1
27,F,0,0,4,1,0
32,F,0,0,0,17,0
43,F,0,0,2,5,1
37,F,1,0,2,0,1
26,F,0,0,0,1,0
26,M,0,0,0,0,1
32,F,0,0,4,-1,1
39,F,0,0,3,13,1
58,F,0,1,4,1,1
33,M,0,0,0,0,1
22,M,1,1,1,0,1
21,F,0,0,2,140,0
31,F,1,0,0,35,0
43,F,1,0,2,1,1
23,M,0,0,0,0,1
25,F,1,0,0,1,1
22,F,0,0,6,1,1
30,F,0,0,6,133,1
25,F,0,0,15,2,0
20,F,0,0,0,1,0
39,F,0,0,0,0,1
33,F,0,0,1,3,0
59,F,0,0,1,0,1
21,F,0,0,1,1,1
53,F,0,0,8,5,0
34,M,1,0,2,1,1
36,F,1,0,6,0,1
23,F,0,0,0,1,1
32,M,0,0,2,109,1
32,M,0,0,11,1,0
66,M,0,0,0,1,1
24,M,1,1,0,23,1
30,F,0,0,7,602,0
28,M,0,0,1,1,1
43,F,1,0,4,2,0
35,M,0,0,3,11,1
19,F,0,0,2,14,0
22,M,0,0,1,4,0
29,F,0,0,0,0,1
23,M,0,1,0,2,1
33,M,1,1,0,0,1
35,M,0,0,1,-1,1
53,F,1,0,0,0,1
59,F,1,0,17,23,0
48,M,1,1,0,0,1
33,F,0,1,1,0,1
44,M,1,0,0,1,1
31,F,1,0,10,1,0
28,F,0,0,2,1,0
51,F,0,0,1,17,1
23,F,0,0,0,5,0
21,F,0,0,0,0,1
26,F,1,0,0,0,1
22,F,0,0,3,0,1
29,M,0,0,0,1,1
20,F,0,0,2,2,0
44,M,1,0,0,0,1
41,F,0,0,2,14,1
28,F,0,1,4,0,1
27,M,1,0,1,21,0
31,M,1,0,7,1,1
26,F,0,0,3,0,0
20,F,0,0,0,1,1
55,M,1,0,2,0,0
36,F,0,0,0,1,1
48,F,0,0,4,4,0
22,F,0,0,5,2,0
23,M,0,0,1,5,1
34,F,0,0,19,4,0
59,F,1,1,1,5,1
37,F,1,0,0,1,0
28,F,1,1,0,0,0
31,F,0,0,0,1,1
38,F,0,1,14,4,0
33,F,0,0,0,3,0
27,F,0,0,3,0,0
25,M,1,0,2,1,0
42,F,0,1,2,1,1
22,F,0,0,3,26,0
21,F,0,0,0,1,1
45,F,1,0,1,27,0
21,M,0,1,1,1,0
52,M,1,0,2,1,1
29,M,1,0,0,0,1
37,M,0,1,0,5,1
34,F,1,0,0,0,1
53,M,0,0,0,1,0
30,F,0,1,8,1,0
35,M,0,0,0,1,1
28,F,1,0,1,4,1
21,F,0,0,1,0,1
22,F,0,0,1,43,1
42,M,1,0,1,0,0
26,F,0,0,3,0,0
54,M,0,0,9,1,1
39,F,0,0,1,0,0
30,F,0,0,20,317,0
26,F,0,1,1,27,0
41,M,0,0,0,0,1
23,M,1,0,5,54,0
43,F,1,0,1,64,0
22,M,0,0,0,0,0
27,F,1,1,6,1,0
42,M,0,1,2,34,1
25,F,0,0,8,29,0
49,M,0,0,4,35,1
52,F,1,0,1,24,1
60,F,1,1,2,1,1
23,M,0,1,0,1,1
30,M,0,0,2,1,1
48,F,0,0,9,3,0
32,F,0,0,2,1,0
28,F,0,0,3,1,0
24,F,0,0,5,1,0
22,F,0,0,3,214,0
44,F,0,0,2,1,1
32,F,1,0,3,86,1
27,M,0,1,1,0,1
52,M,0,0,15,0,0
61,M,1,0,3,0,0
69,M,0,0,3,0,1
51,F,0,0,2,34,1
21,F,1,1,1,1,1
31,M,1,0,2,3,0
19,F,0,0,3,30,0
24,M,0,0,12,36,0
24,F,1,0,3,6,0
57,F,0,0,3,1,1
30,F,1,0,6,6,1
43,F,0,0,4,1,0
24,F,0,0,4,4,1
30,M,1,1,7,17,1
25,F,0,0,5,1,0
56,F,1,1,1,169,1
21,F,0,0,1,8,1
31,F,0,0,6,31,0
23,F,0,1,1,1,1
30,F,0,0,15,1,0
42,M,0,0,1,0,1
64,F,1,0,0,108,1
21,F,1,1,0,0,0
36,F,0,0,5,11,1
50,F,0,1,1,1,1
23,M,0,0,0,0,0
28,F,0,0,2,49,1
25,F,1,1,5,0,1
54,M,1,0,14,28,0
37,M,0,0,6,1,1
25,M,1,0,5,14,0
63,M,1,0,0,3,0
35,M,0,0,2,1,1
26,M,0,0,0,0,0
25,M,0,0,8,1,0
33,M,1,0,0,0,1
29,F,0,0,7,1,1
27,M,0,0,2,0,1
37,M,0,0,12,0,0
20,M,1,1,3,0,0
32,F,0,0,1,1,0
72,M,1,0,1,1,1
38,F,1,0,0,2,1
40,F,1,0,0,0,1
23,F,1,0,0,0,1
21,F,1,0,5,1,0
27,F,1,0,4,0,0
55,F,1,0,13,0,0
41,M,1,1,0,0,1
56,M,1,0,1,2,1
55,M,1,0,11,57,1
23,F,0,1,0,1,0
28,F,0,0,3,0,1
31,F,0,0,2,13,0
53,M,1,0,0,0,1
27,F,0,0,6,10,0
22,F,1,0,0,0,0
22,F,0,1,0,0,0
33,M,0,0,7,1,0
34,F,0,0,15,6,1
22,M,0,0,0,0,0
32,F,0,0,12,1,1
47,F,0,0,14,0,0
24,M,0,0,0,0,1
25,F,0,0,14,83,0
56,F,1,0,0,-1,1
36,F,0,0,1,106,0
28,F,0,0,4,21,0
20,F,0,0,2,0,0
59,M,0,0,0,1,1
29,F,0,1,11,0,1
72,F,1,0,3,4,1
24,M,0,1,2,14,0
45,F,0,0,3,36,1
30,M,0,0,7,2,0
45,M,0,0,0,0,1
47,M,1,0,0,0,1
24,F,0,0,0,9,0
20,M,0,0,0,2,0
51,F,1,0,6,0,0
49,M,1,1,2,11,0
41,F,1,0,5,1,1
49,F,1,0,1,12,1
26,M,0,0,0,0,1
28,M,0,1,0,1,1
33,M,1,0,2,1,1
46,F,0,0,0,0,1
21,M,0,0,0,1,1
26,F,0,0,14,-1,0
48,F,0,0,1,126,0
58,F,0,0,24,3,0
29,F,0,0,0,1,1
20,F,0,1,2,23,0
28,M,0,0,0,0,0
21,F,1,0,0,4,0
26,F,0,0,0,0,1
34,M,0,0,3,0,1
32,F,0,0,15,7,0
38,F,0,0,10,10,0
22,F,0,0,0,1,1
42,F,1,0,2,0,0
57,M,1,1,0,1,1
56,F,1,1,1,1,1
32,M,0,0,2,0,0
30,F,0,0,11,0,1
29,M,0,0,2,0,1
46,F,0,0,15,6,0
24,F,0,1,0,0,1
70,F,0,1,1,1,1
21,F,0,0,0,0,0
45,M,1,1,1,0,1
33,M,0,1,2,2,1
39,F,0,1,6,0,1
25,F,1,0,6,1,1
48,M,0,0,1,1,1
46,F,1,0,0,0,1
28,M,1,0,0,2,0
27,F,0,0,1,1,1
43,F,1,0,11,76,0
30,F,0,0,9,50,0
29,F,1,0,1,0,1
54,F,0,0,8,-1,0
20,F,1,1,0,0,1
29,F,0,0,0,0,1
67,M,0,0,0,0,1
25,F,0,0,0,0,1
24,F,0,0,8,0,0
29,F,0,0,3,177,1
45,M,0,0,2,28,1
31,F,0,0,5,11,0
23,F,1,0,0,7,0
21,F,0,0,0,8,0
61,M,1,0,0,0,1
51,M,1,1,5,20,0
32,F,0,0,1,15,1
43,F,1,0,9,0,1
32,M,0,0,0,1,1
36,F,0,0,0,0,1
58,F,1,0,3,15,0
57,F,0,0,12,50,1
37,F,0,0,2,0,1
44,F,0,0,6,1,1
45,F,0,0,8,0,0
48,F,0,0,1,2,1
26,F,0,0,13,-1,0
34,F,1,0,9,1,0
25,F,0,0,0,1,1
31,M,0,0,8,0,0
43,F,0,0,1,1,1
30,M,0,0,0,0,1
50,M,1,0,0,0,1
31,F,0,1,2,1,1
33,M,1,1,7,0,1
32,F,0,0,1,19,0
46,M,1,1,0,2,0
22,F,0,0,0,1,1
37,F,0,0,8,1,0
32,F,1,1,6,8,0
23,F,0,1,2,1,0
21,F,1,0,0,-1,1
52,F,0,0,2,1,1
49,M,1,0,2,1,1
55,F,1,0,3,36,0
22,F,0,0,0,1,1
45,F,0,0,0,13,1
31,F,0,1,7,1,0
22,M,1,0,0,1,0
28,M,0,0,5,1,1
21,F,0,0,1,11,0
37,M,0,0,2,1,1
30,F,0,0,21,1,0
22,F,0,0,13,0,0
35,F,0,0,23,1,0
28,F,0,0,11,26,1
24,F,0,0,1,1,1
32,F,0,0,24,2,0
24,F,0,1,1,0,1
57,F,0,0,19,1,1
21,M,0,0,0,0,1
28,F,1,0,0,-1,1
51,M,1,0,0,91,1
26,M,0,0,0,0,0
20,F,0,0,0,1,0
25,M,0,0,6,32,1
19,M,1,0,0,2,0
49,F,1,0,1,20,0
57,M,0,0,27,9,1
27,M,0,1,0,0,1
66,M,1,0,1,19,1
21,F,1,0,0,0,1
45,F,1,0,1,-1,1
37,F,0,0,24,19,1
44,F,1,0,13,16,0
64,F,0,0,0,4,1
30,F,0,0,1,0,0
61,M,0,0,1,2,1
49,F,1,1,8,8,1
23,F,0,0,0,0,1
21,F,1,0,0,0,0
30,F,1,1,2,43,0
26,M,0,0,7,1,1
35,M,0,0,3,1,0
27,M,0,0,2,1,1
38,M,1,0,1,14,1
48,F,0,0,14,142,0
26,M,1,0,0,0,1
24,F,0,0,4,26,0
28,F,0,1,2,0,0
44,F,1,1,4,5,0
23,F,1,0,2,13,1
34,F,1,1,1,12,0
20,F,1,0,1,1,0
63,F,0,0,23,2,0
36,M,0,1,0,0,1
58,F,1,0,1,79,1
35,F,1,1,4,13,1
23,F,0,0,3,1,1
40,F,1,0,1,21,1
31,F,0,0,3,0,1
34,F,0,1,5,1,1
23,M,0,0,3,13,0
27,M,1,0,0,4,0
26,F,0,1,3,27,1
49,F,0,0,1,24,1
47,M,0,1,0,1,1
47,F,0,0,6,5,1
34,F,0,0,7,0,0
27,F,0,0,10,7,1
52,M,1,1,0,0,1
26,M,0,0,0,0,0
25,F,0,0,9,2,1
51,F,0,0,1,162,1
29,M,0,1,1,-1,1
46,F,1,0,0,0,1
28,F,1,0,6,2,1
57,F,0,0,0,1,1
23,F,0,0,2,0,1
34,F,0,0,27,118,0
27,F,0,0,3,12,1
25,M,0,0,7,3,0
31,F,1,0,1,32,0
37,F,0,0,8,1,1
51,F,0,0,0,1,0
28,F,0,0,8,40,1
56,F,1,0,4,7,1
45,F,0,0,15,330,0
26,F,1,0,7,18,0
33,F,1,0,7,1,0
23,M,1,0,0,1,1
31,M,0,0,0,0,1
31,M,0,0,0,1,1
19,F,0,0,1,4,1
32,F,1,0,0,0,1
30,M,1,0,1,0,0
66,F,1,0,1,0,1
40,F,0,1,0,-1,1
59,M,0,0,4,0,1
27,M,0,0,3,1,1
22,F,0,0,0,0,1
58,F,1,0,1,0,1
29,F,1,0,2,2,1
27,F,0,0,0,60,0
24,F,1,0,0,1,1
35,F,1,1,3,0,1
29,F,0,0,7,2,0
30,F,0,0,5,2,0
23,F,0,0,1,2,1
32,F,1,0,2,0,0
22,F,1,0,2,3,1
21,M,0,0,0,1,1
43,M,1,1,0,-1,1
29,F,0,0,0,2,1
43,F,0,0,1,1,1
25,F,0,0,1,2,1
47,M,1,0,0,1,1
21,F,0,1,0,0,1
54,M,1,0,0,-1,1
34,F,0,0,3,33,0
28,M,0,1,2,1,1
53,F,1,1,4,0,0
54,M,0,0,0,-1,1
37,F,0,0,3,83,0
34,F,0,0,2,0,1
60,F,1,1,0,1,0
22,F,0,0,0,1,1
51,F,0,0,3,-1,1
29,F,0,0,0,12,0
28,M,0,0,5,27,1
33,F,1,0,0,0,0
43,M,1,0,4,2,1
45,M,0,0,1,26,1
32,F,1,0,5,65,0
35,F,0,1,0,1,0
23,F,0,0,1,1,0
41,M,0,0,1,113,1
25,F,0,0,24,0,0
35,F,0,0,12,10,1
25,F,0,0,4,43,0
69,F,1,0,6,1,0
24,M,0,0,0,1,1
28,F,0,0,0,0,1
47,F,0,0,23,403,0
29,F,0,0,13,1,0
26,F,0,0,9,2,0
31,M,0,0,0,2,1
28,F,1,0,0,1,1
48,M,1,0,1,0,0
44,M,1,0,0,0,1
42,M,0,0,7,0,1
39,F,0,0,5,4,1
46,F,0,1,2,3,1
55,M,1,0,0,10,1
27,F,0,0,5,4,0
31,M,1,1,0,4,1
25,F,0,0,0,0,1
32,M,1,0,6,0,1
36,F,0,0,2,0,1
21,F,0,0,3,4,0
39,M,1,0,2,-1,1
26,M,0,1,0,-1,1
28,F,0,0,8,20,0
67,M,1,0,2,0,0
22,F,0,1,0,2,1
37,M,1,0,3,0,1
23,M,0,0,2,2,0
49,M,0,1,14,122,0
32,M,1,0,9,4,0
41,M,1,0,9,32,1
25,M,0,0,1,0,1
58,M,1,0,0,0,1
44,M,0,0,19,17,0
28,F,0,0,1,15,1
39,F,0,1,0,2,0
54,F,1,0,0,6,1
43,M,1,0,0,0,1
31,M,0,0,5,0,1
30,F,0,0,11,117,1
27,M,1,0,4,1,0
28,M,0,0,0,1,0
24,M,0,0,0,0,1
43,M,1,0,0,0,1
44,M,0,0,10,5,0
24,F,0,0,11,0,0
23,F,0,0,0,1,1
36,M,1,0,5,0,0
27,F,1,0,1,1,1
24,F,0,0,0,1,0
66,M,1,0,0,0,1
36,F,1,1,3,25,1
53,F,0,0,9,130,0
23,F,1,0,1,0,0
22,M,0,1,0,0,0
25,F,0,0,1,0,1
56,F,0,0,4,2,1
51,F,0,0,1,1,0
58,M,0,1,3,18,1
24,M,1,0,3,0,1
22,F,0,0,0,71,0
39,M,1,0,0,0,1
20,F,0,0,3,42,0
46,F,1,0,10,73,0
38,F,1,0,1,0,0
23,M,1,0,0,3,0
39,F,0,0,6,26,1
25,F,0,0,0,1,1
31,F,0,0,19,0,0
25,M,0,1,1,0,0
26,F,0,0,6,1,1
25,F,0,0,2,274,1
37,F,1,0,11,1,0
36,F,0,0,0,0,1
26,F,0,0,1,0,0
21,F,0,0,3,0,0
35,F,0,0,7,0,0
22,F,0,0,2,1,0
25,F,1,0,0,0,1
36,M,0,0,0,1,1
24,M,0,0,2,12,0
21,F,0,0,0,0,0
32,F,1,0,15,70,0
33,M,0,0,2,-1,0
33,F,0,0,10,2,0
29,M,1,0,0,0,1
50,F,1,0,8,172,1
33,F,0,0,14,2,0
37,F,0,0,13,0,0
27,F,0,0,9,24,0
27,M,0,0,0,1,1
21,M,0,0,1,0,0
58,F,0,0,1,60,1
27,F,0,0,4,33,1
28,F,1,0,1,30,0
31,M,1,1,0,0,1
24,M,0,0,3,6,1
26,F,0,0,6,18,0
43,M,1,0,0,1,1
22,F,0,0,3,1,0
23,F,0,0,0,3,1
42,M,1,0,0,0,1
30,M,0,0,18,17,1
29,F,0,0,1,290,1
38,F,1,0,2,47,0
26,M,1,0,3,2,1
51,M,0,0,5,4,1
36,M,0,0,0,-1,1
62,M,0,0,0,1,1
23,F,0,0,0,0,0
34,F,0,0,7,0,0
35,M,0,0,1,1,1
22,F,1,0,0,3,1
29,M,0,0,10,108,0
40,F,0,0,0,1,1
36,F,0,0,2,0,1
26,F,0,0,8,0,0
25,F,0,0,1,0,0
69,M,1,0,0,0,1
27,F,0,0,1,8,1
20,F,1,0,0,1,0
27,F,0,0,1,2,1
24,M,0,1,6,310,1
42,F,1,0,0,2,1
25,F,1,0,1,1,1
25,F,0,0,0,7,1
22,F,0,0,0,0,1
21,F,1,0,0,0,1
30,M,0,0,1,1,1
46,M,1,0,9,4,1
26,M,0,0,2,0,1
33,F,0,0,0,0,0
40,M,0,0,1,1,1
34,F,1,0,0,28,1
22,F,1,0,1,36,0
28,M,0,0,3,0,1
31,M,0,0,4,1,0
59,M,1,0,3,1,0
37,F,0,0,0,0,1
50,F,0,0,0,2,1
57,F,0,0,8,99,0
31,M,0,0,5,0,1
44,F,0,0,9,25,1
48,F,0,0,5,242,0
25,F,1,1,0,1,1
51,M,0,0,5,0,1
50,F,1,0,0,0,0
57,F,1,0,2,2,1
55,M,1,0,0,0,1
59,F,0,0,4,1,0
42,F,0,1,0,0,1
20,F,0,0,2,21,0
21,F,0,0,0,28,1
32,F,0,0,21,64,0
24,M,0,1,0,0,1
42,F,0,0,1,1,1
29,F,0,0,8,13,0
21,F,0,0,1,7,1
58,M,1,0,0,0,1
22,F,0,0,1,0,0
46,M,1,0,1,0,0
50,M,1,0,0,14,0
46,F,0,0,2,0,1
44,F,0,1,11,15,0
35,M,0,0,4,29,1
30,F,0,0,14,2,0
42,F,0,0,2,0,1
46,F,0,0,5,202,0
42,F,0,0,0,34,0
29,F,1,0,7,1,0
32,F,0,0,8,4,1
31,F,0,0,5,3,1
33,M,0,1,1,1,1
25,F,1,0,4,183,1
33,M,0,1,0,1,1
21,F,0,0,1,0,1
35,F,1,0,1,49,0
56,F,0,0,1,2,1
38,M,1,0,0,2,0
40,M,0,1,4,1,1
28,F,0,0,4,1,1
51,M,0,0,0,1,1
35,M,0,0,2,1,1
61,F,0,0,5,12,1
25,F,0,0,0,1,1
25,F,0,0,4,0,0
26,M,0,0,0,0,1
42,M,1,0,1,2,1
25,F,0,1,1,0,1
26,M,0,0,13,-1,0
31,F,0,0,9,0,1
35,F,1,0,1,1,1
34,F,1,0,0,116,1
33,M,1,1,1,0,1
30,F,0,0,3,0,1
50,M,0,1,7,1,1
21,F,0,0,0,50,1
31,F,0,0,16,482,0
31,F,0,0,2,3,0
23,M,0,1,0,0,1
25,F,0,0,1,1,1
24,F,1,1,1,1,1
31,M,0,0,13,0,0
60,F,0,0,0,2,1
30,F,0,0,2,0,1
32,M,0,1,0,0,1
46,M,1,0,0,-1,1
21,M,1,0,0,0,0
35,F,0,0,0,1,1
34,F,0,0,2,9,0
41,F,0,0,2,161,0
23,F,0,0,1,15,0
23,F,0,0,3,1,0
28,M,0,0,2,2,1
21,F,0,0,0,0,0
46,M,1,0,2,3,1
56,F,0,0,1,0,1
40,F,0,0,8,0,0
30,F,0,0,5,2,0
24,M,0,0,1,0,0
33,M,1,1,0,0,1
48,M,1,0,2,4,1
33,F,0,0,11,44,0
25,F,0,0,0,0,1
30,F,0,0,7,0,0
37,F,0,0,0,2,0
43,F,1,1,7,8,1
32,F,1,0,0,1,1
33,F,0,0,3,0,1
39,F,0,0,4,0,0
49,F,1,0,4,5,1
24,F,1,0,0,18,1
26,F,0,0,1,-1,1
42,F,1,0,0,1,1
22,F,0,0,1,6,0
36,F,0,0,0,0,1
29,M,1,0,7,27,0
39,M,1,0,0,18,1
27,F,0,0,13,14,0
38,F,1,0,2,7,0
20,F,1,0,0,3,0
25,F,0,0,4,86,0
53,M,1,0,0,0,1
27,M,0,1,0,6,0
21,F,0,0,0,6,0
50,M,1,0,1,5,0
41,F,0,0,4,0,1
22,F,1,0,5,4,0
22,F,1,0,0,2,0
25,F,0,0,2,26,1
42,F,0,0,1,1,0
51,F,0,0,2,1,1
24,F,0,0,0,-1,1
37,F,0,0,4,92,1
37,M,1,0,0,0,1
27,M,0,1,0,0,1
21,F,0,0,0,5,1
35,F,0,0,1,1,0
24,F,1,1,0,36,1
49,M,1,0,2,1,1
38,F,0,0,9,2,1
61,M,0,0,0,0,1
30,M,0,1,0,0,1
22,F,0,0,3,128,1
25,F,0,0,0,1,0
30,M,0,1,3,1,0
52,M,1,0,0,0,1
26,F,1,0,0,0,1
26,M,0,0,0,1,1
45,F,1,0,9,54,0
20,F,0,0,0,0,0
29,F,0,0,4,80,1
43,F,1,0,1,69,0
26,F,1,0,2,0,1
46,F,0,1,4,0,1
46,F,0,1,0,1,1
29,F,0,0,12,5,0
41,M,1,0,0,-1,1
25,F,0,1,5,0,1
23,F,0,0,2,18,1
30,M,1,0,0,0,1
34,F,1,0,1,2,1
70,F,1,0,11,12,0
52,F,1,0,2,1,1
51,M,0,0,4,7,1
45,F,0,1,15,1,0
55,F,0,0,21,85,0
49,F,1,1,1,1,1
47,F,1,1,0,0,1
27,M,0,0,0,1,1
25,M,1,0,5,0,0
21,F,0,0,1,59,0
37,F,0,0,26,1,0
21,F,0,0,1,49,0
21,F,0,0,0,1,1
25,F,0,0,4,0,0
27,F,0,1,3,1,0
30,F,1,0,3,12,0
70,M,1,0,0,0,1
37,F,1,0,11,0,0
46,F,0,0,5,2,0
40,M,0,0,4,2,0
43,F,0,0,18,9,0
38,F,0,0,15,55,1
29,F,0,0,0,0,1
37,M,0,0,8,1,0
38,F,0,0,3,0,1
27,F,1,1,0,0,1
20,M,0,1,0,10,0
44,M,0,0,0,0,1
31,M,1,0,6,1,1
29,F,0,0,3,1,0
30,M,0,1,0,0,1
25,F,1,1,2,11,0
40,F,0,0,3,1,1
33,M,1,0,1,1,1
26,F,1,0,5,1,0
31,M,0,0,1,1,1
61,M,1,0,1,0,1
30,F,1,0,2,0,1
62,M,1,0,0,2,1
27,M,1,1,4,54,0
48,F,1,0,9,1,1
40,F,1,1,0,1,1
24,F,1,0,0,2,1
22,F,0,0,0,1,0
30,M,0,0,4,15,0
63,M,1,0,0,0,1
33,F,0,0,4,1,1
43,M,1,0,0,1,0
26,F,0,0,3,33,0
51,F,0,0,1,7,1
39,F,1,0,3,1,0
30,M,0,1,0,1,0
32,F,0,0,14,1,0
22,M,0,0,0,0,1
59,F,1,0,0,0,1
38,M,0,0,37,30,0
23,F,0,0,2,237,1
42,M,0,0,0,1,0
38,F,0,0,2,192,0
34,F,1,1,2,1,1
36,F,0,1,7,2,0
36,M,0,0,0,1,0
31,F,0,0,1,13,1
28,F,0,1,3,4,0
28,F,0,0,1,0,0
43,F,0,0,0,1,1
40,F,0,0,1,1,1
31,F,0,0,15,2,0
54,F,0,0,6,13,0
24,F,0,0,17,130,0
41,F,0,0,0,1,0
21,F,0,0,1,242,0
29,F,0,1,1,1,0
22,F,0,0,0,0,1
52,F,0,0,9,33,0
40,F,0,1,0,1,1
45,F,0,1,1,6,1
29,M,0,0,1,0,0
46,F,0,0,10,9,0
21,F,1,0,1,12,1
35,F,1,0,6,1,0
52,M,0,0,1,70,0
48,M,1,0,0,0,1
29,M,0,1,9,214,0
48,M,1,0,0,1,1
31,F,0,0,10,8,0
21,F,1,0,3,127,0
32,F,0,0,0,22,0
47,M,0,0,0,3,1
21,F,0,0,3,0,0
35,F,0,0,13,0,1
46,M,0,0,3,20,0
34,F,0,0,5,5,0
52,F,0,0,2,3,1
21,M,1,0,0,9,0
53,M,1,0,1,1,1
19,F,1,1,0,1,0
22,M,0,0,0,2,1
45,F,0,0,1,2,1
27,F,1,1,0,1,1
25,M,1,0,0,0,1
30,F,1,0,0,-1,0
31,F,0,0,2,-1,0
28,F,1,0,3,1,1
36,M,0,0,3,2,0
27,F,0,0,7,10,0
42,F,0,0,1,0,1
35,F,1,0,0,40,0
33,F,1,1,2,0,1
24,F,0,0,6,218,0
25,F,0,0,21,2,0
42,M,1,1,0,1,1
21,F,0,0,0,3,0
28,M,0,1,0,0,1
27,F,0,0,25,40,0
21,F,1,1,0,2,1
26,M,1,0,0,5,0
36,F,1,0,0,0,1
49,F,1,0,0,1,0
44,F,1,0,0,1,0
28,M,1,0,1,24,1
35,F,0,1,12,0,0
34,F,0,0,3,0,1
45,F,0,0,15,0,0
28,F,0,0,9,16,0
25,F,0,1,1,4,1
21,M,0,0,1,0,1
48,F,0,0,1,0,1
37,M,1,0,1,0,1
24,F,0,0,3,0,0
37,M,1,0,1,1,0
39,F,1,0,1,0,1
24,F,1,0,1,21,0
49,F,0,0,2,0,1
23,F,0,0,1,1,0
43,F,1,0,5,0,1
28,M,0,0,6,1,0
53,M,0,0,1,0,1
27,M,0,1,2,1,0
39,M,1,0,0,2,1
47,F,0,0,22,1,0
28,F,0,0,4,2,0
36,F,1,0,2,0,1
24,F,0,1,1,3,1
35,M,0,0,0,1,1
23,F,0,0,3,1,1
26,F,0,0,2,1,1
31,F,0,0,7,54,0
30,F,0,1,14,5,0
25,M,1,0,2,1,1
24,F,0,0,6,1,0
34,F,0,0,1,0,0
26,M,0,0,2,28,1
60,F,0,0,0,1,1
20,F,0,1,0,0,1
23,F,1,0,0,0,1
26,F,0,0,5,6,0
40,M,1,0,4,1,1
28,F,0,0,1,1,0
49,F,0,0,1,5,0
19,F,0,0,1,-1,0
53,F,1,0,1,11,1
24,F,0,1,0,0,1
31,F,0,0,0,1,1
33,F,1,1,2,-1,1
26,F,1,0,8,41,0
32,F,1,0,2,0,1
25,F,1,0,0,3,0
21,F,0,0,1,0,1
38,F,0,0,3,1,1
23,F,1,0,0,1,1
20,F,1,0,0,8,0
39,F,1,1,4,1,0
24,F,0,0,1,6,0
23,F,0,0,0,0,1
49,F,0,0,3,0,1
31,F,0,0,7,77,0
20,F,0,0,1,16,0
28,M,1,0,0,13,1
67,F,1,0,3,1,1
33,F,0,0,0,1,1
52,F,0,0,0,0,1
45,F,0,0,17,46,0
27,F,0,0,8,1,0
22,F,1,0,1,1,1
40,M,1,0,0,0,0
30,M,1,0,1,0,0
42,F,0,0,1,0,1
24,F,0,0,2,1,0
46,F,1,0,4,2,1
38,F,0,0,4,-1,1
32,M,0,1,0,7,0
26,M,1,0,0,1,1
54,M,1,0,1,1,0
27,F,0,0,2,10,1
61,F,1,0,1,1,1
51,M,0,0,1,0,0
57,F,1,0,0,27,1
24,M,1,0,3,1,0
34,F,0,0,1,0,1
27,F,0,0,1,1,1
28,M,0,1,10,3,0
35,M,0,0,10,0,0
30,F,0,0,6,1,0
44,F,0,0,0,1,1
61,F,1,0,10,22,1
26,F,0,0,1,0,0
48,F,0,0,10,4,0
42,M,0,0,4,0,1
38,F,1,0,10,0,0
53,M,1,1,0,0,1
26,M,0,0,3,1,1
22,F,0,0,1,0,0
50,F,1,0,0,30,1
44,M,1,0,16,81,1
24,F,0,0,4,1,0
21,F,0,0,0,1,0
50,F,1,0,0,2,1
36,M,1,1,0,1,1
39,F,1,0,0,54,1
54,F,0,1,7,18,1
29,M,0,0,0,0,1
26,M,1,0,0,0,1
41,F,0,0,3,1,0
23,F,0,0,1,2,0
34,M,1,0,0,0,1
31,F,1,0,11,11,0
20,F,0,0,0,1,1
49,F,0,0,10,43,0
26,F,0,0,4,0,0
28,F,0,0,1,0,0
26,F,0,0,0,0,1
55,F,0,0,1,0,1
22,M,0,0,0,2,1
26,M,0,1,0,1,1
56,M,0,0,0,1,1
46,F,0,0,2,1,1
58,F,0,0,16,68,0
28,F,0,0,4,29,1
33,F,0,0,8,1,1
31,M,0,1,0,0,1
26,M,0,0,1,0,1
34,M,1,0,0,0,1
33,F,0,0,0,1,1
32,F,0,1,0,0,1
37,F,0,0,9,1,0
50,F,0,0,1,0,1
35,F,1,0,1,2,1
47,M,1,1,0,4,0
52,F,0,1,8,43,1
26,F,0,0,5,6,0
45,F,0,0,13,0,0
19,M,0,0,0,1,0
41,F,0,0,8,1,0
24,M,0,0,0,1,1
21,F,0,0,1,1,1
54,M,1,0,0,0,1
49,F,1,0,0,73,1
42,F,1,0,1,292,1
21,F,0,0,1,1,0
46,F,1,0,5,-1,0
74,M,1,0,0,0,1
38,F,0,1,0,0,1
39,F,0,1,1,0,1
38,F,0,1,0,4,1
19,F,0,0,1,1,0
28,F,1,0,0,1,0
25,F,0,0,1,28,0
53,M,1,0,1,0,1
23,F,0,0,2,76,1
55,F,1,0,33,242,0
64,F,1,1,1,1,1
23,M,0,0,1,27,0
23,F,0,0,4,0,0
41,F,0,1,0,0,1
53,M,0,0,0,0,1
34,F,0,0,0,2,1
24,F,0,0,0,1,0
26,M,0,0,1,32,1
44,F,1,0,4,1,1
27,F,1,1,0,5,1
28,F,1,0,14,0,1
55,M,1,0,1,1,1
36,F,0,0,15,1,1
23,F,0,0,1,1,1
56,M,0,0,1,0,1
27,F,1,0,2,0,0
37,M,1,0,1,1,1
32,F,0,0,1,1,0
41,M,0,0,18,33,0
22,F,0,0,1,1,0
37,F,1,0,1,0,0
45,M,0,0,3,1,1
31,F,0,1,14,1,1
42,F,0,0,7,1,0
26,F,0,0,20,29,0
33,F,1,0,0,0,0
22,M,1,0,0,0,0
36,M,0,1,1,-1,1
54,M,1,0,0,0,1
25,F,0,0,5,155,0
24,F,1,0,3,39,0
23,M,0,0,0,1,1
61,M,1,0,0,0,1
42,M,1,1,0,0,1
28,M,1,0,1,-1,0
27,M,0,0,1,2,1
24,M,1,0,2,15,1
32,F,0,0,16,0,0
38,F,1,0,0,7,1
21,M,1,0,1,0,1
27,F,0,0,1,168,0
39,F,1,0,0,-1,1
29,F,1,0,0,1,1
29,F,1,0,1,0,1
36,F,1,0,1,2,0
46,F,0,0,0,0,0
44,F,0,0,7,24,1
27,M,0,0,0,1,1
27,F,0,0,8,49,0
61,M,1,0,0,2,1
47,M,0,0,0,0,0
27,M,0,0,1,0,1
28,F,1,0,0,1,0
31,M,1,1,1,10,0
26,M,1,0,9,1,0
53,F,0,0,2,7,0
26,F,0,0,1,22,0
25,F,0,0,2,18,1
23,M,0,0,5,32,0
21,M,0,1,4,0,0
23,M,0,0,1,2,1
30,M,0,0,3,0,1
45,F,0,1,2,11,1
27,M,0,0,2,9,0
26,M,0,1,0,0,1
21,F,1,0,0,7,0
62,M,1,1,0,3,1
48,F,1,0,0,27,1
53,M,0,0,1,0,1
62,M,0,0,3,1,0
28,F,0,0,5,136,1
56,F,1,0,1,1,1
35,F,0,0,2,8,1
56,M,0,1,2,49,0
22,F,0,0,2,1,0
26,F,0,0,5,36,0
35,M,0,0,4,1,1
22,F,0,0,1,15,0
37,F,0,1,7,1,1
32,F,0,1,0,0,1
33,F,0,1,3,9,0
38,F,0,0,2,0,0
53,M,1,0,0,1,1
32,M,1,0,0,0,1
26,M,1,0,0,0,1
61,M,1,0,0,2,1
21,M,0,0,0,0,1
69,M,0,0,22,1,1
26,M,0,0,0,0,1
30,F,0,0,9,196,0
21,F,1,0,1,0,1
41,M,1,0,0,0,1
45,F,0,0,0,0,0
31,F,0,0,10,1,0
22,F,1,0,0,1,1
54,F,1,1,0,20,0
50,M,1,0,2,0,0
37,F,0,0,11,1,1
21,F,0,1,0,1,0
23,M,0,0,6,5,0
30,F,1,0,0,0,0
30,F,0,0,11,2,0
26,M,1,0,5,0,1
59,M,0,1,0,0,1
29,F,0,0,13,1,0
67,F,0,0,0,0,1
30,F,1,0,13,33,0
25,M,0,0,5,0,0
45,F,0,0,8,1,1
22,F,0,0,0,-1,1
41,F,0,0,8,2,0
46,F,0,0,3,59,0
27,M,0,0,0,1,1
37,F,0,1,13,1,1
22,F,0,0,0,13,0
19,F,0,0,0,0,0
45,M,1,0,2,0,1
33,F,0,1,5,0,0
52,F,0,0,7,181,1
21,F,0,1,0,1,1
43,M,0,0,6,0,0
33,F,1,0,3,1,1
26,F,0,0,3,3,0
37,M,1,0,0,1,1
38,F,0,0,1,7,0
35,M,0,0,1,0,0
27,F,0,0,1,0,0
40,F,0,0,1,0,1
21,F,0,0,1,0,1
38,F,1,0,3,1,0
37,M,1,0,0,0,1
44,F,1,0,0,1,1
30,F,0,0,0,1,1
40,F,0,0,0,0,1
49,F,1,0,1,1,1
67,M,1,0,0,0,1
59,F,0,0,14,33,0
21,F,0,0,1,1,0
31,M,1,0,6,10,1
50,F,1,1,2,0,0
30,F,0,0,7,0,1
28,M,1,0,1,0,1
48,F,0,0,7,2,0
55,M,1,0,0,0,1
42,M,1,0,0,2,1
34,M,0,0,0,29,0
43,M,0,0,4,0,0
44,F,0,0,0,42,1
29,F,0,0,17,2,0
25,F,1,0,2,0,0
32,M,0,1,0,1,0
96,F,0,0,2,0,0
29,M,0,0,0,1,1
27,F,0,0,8,1,0
31,M,0,0,0,0,1
24,F,0,0,1,0,0
34,F,0,0,0,241,0
48,F,0,0,2,1,0
41,F,0,0,1,2,1
26,M,0,0,12,10,0
42,F,0,0,0,7,0
29,M,0,0,0,42,1
26,M,1,0,0,1,1
27,F,0,1,1,44,1
35,M,1,0,4,31,1
54,F,1,0,1,0,1
20,F,0,0,0,0,1
27,F,1,0,0,1,1
21,F,0,0,1,1,1
27,M,1,0,7,2,0
34,F,0,0,11,1,0
54,M,0,0,0,1,1
29,F,0,0,2,1,0
39,F,0,0,1,4,1
33,M,1,1,0,0,1
40,F,0,1,7,6,0
35,M,0,1,0,0,1
28,M,0,0,0,2,0
53,M,0,0,0,0,1
28,M,1,0,2,13,1
26,F,0,0,0,0,1
31,F,0,0,3,0,1
24,M,1,0,3,1,0
45,F,1,0,19,1,0
33,M,0,0,1,0,1
28,F,0,0,1,0,1
45,F,1,1,1,1,0
33,F,1,0,3,14,0
23,F,1,0,4,-1,0
36,F,0,0,6,84,1
22,F,0,0,0,0,1
28,F,0,0,2,1,0
37,M,0,0,3,0,1
52,M,1,1,0,0,1
26,F,1,0,0,1,1
28,F,1,0,4,3,0
33,F,1,1,2,14,1
23,F,1,0,3,41,0
31,M,1,0,3,0,0
55,M,1,1,0,1,1
24,F,1,0,3,-1,0
37,M,0,0,2,0,1
41,F,0,0,0,177,1
26,M,1,0,0,0,1
41,F,0,0,13,2,1
33,F,0,0,6,0,1
47,M,0,0,0,3,0
23,F,0,0,0,1,1
27,F,1,0,1,1,1
24,F,1,0,0,36,0
30,F,0,0,10,93,1
55,F,1,0,1,0,1
26,M,0,0,13,7,0
35,F,0,0,0,0,1
20,M,0,0,1,0,1
24,M,1,0,3,8,0
31,M,0,0,8,3,0
55,F,0,0,0,1,0
33,F,1,0,7,0,0
44,F,1,0,6,270,0
41,F,0,0,25,185,0
56,M,0,0,9,0,1
21,F,0,0,1,2,1
48,M,1,1,1,0,1
56,F,1,0,7,194,0
39,M,1,0,2,2,1
31,F,0,0,0,1,1
25,F,1,1,0,0,1
28,F,0,1,3,16,1
30,F,0,0,0,0,0
19,M,0,1,0,1,0
20,M,0,0,0,1,0
57,F,1,0,0,4,1
51,M,0,0,8,0,0
27,F,0,0,5,3,0
26,F,0,0,0,0,1
23,M,1,0,3,35,0
35,M,0,0,14,0,0
37,F,0,0,5,0,1
48,F,0,0,0,2,1
21,F,0,0,0,2,1
52,M,0,0,1,9,1
22,F,0,0,0,0,0
41,F,1,0,1,1,0
25,M,1,1,1,0,0
54,M,0,0,0,0,0
25,F,0,0,13,36,0
40,F,1,1,4,2,1
22,F,0,0,0,11,1
50,F,1,0,10,0,1
35,M,1,0,2,0,1
28,F,1,0,7,1,0
21,F,0,0,0,2,1
27,F,1,0,0,4,1
22,F,0,0,0,-1,0
38,F,0,1,20,1,0
32,F,1,0,0,7,1
59,F,1,0,0,1,1
20,M,0,0,0,0,0
59,F,1,0,0,0,1
44,F,1,1,1,1,0
26,M,0,0,9,1,0
30,F,0,0,9,1,0
25,M,0,0,3,0,0
44,M,0,0,0,1,1
31,M,0,1,0,1,0
32,F,0,1,0,0,1
37,F,0,0,22,81,0
22,F,1,0,2,1,1
38,M,0,0,8,9,0
34,F,1,0,2,2,1
30,F,0,0,7,1,1
38,F,1,1,0,1,0
36,F,0,0,10,32,0
46,F,0,0,0,0,1
35,F,1,0,2,0,0
35,F,0,0,0,0,1
20,F,0,0,1,1,0
30,F,0,1,9,243,0
34,F,0,0,16,1,0
31,F,1,0,3,1,0
32,M,0,0,0,1,0
31,F,1,0,4,1,0
22,F,1,0,2,11,0
31,F,0,0,0,80,1
36,M,0,0,5,1,0
39,M,0,0,2,47,1
51,F,0,0,9,35,0
35,F,0,0,7,1,0
35,F,0,0,0,1,1
23,F,0,0,0,0,0
37,M,0,0,0,2,1
25,M,0,0,3,7,1
27,F,0,1,0,0,1
47,M,1,0,2,1,1
46,M,0,0,12,2,1
27,F,1,0,0,0,1
34,F,0,0,0,2,0
25,M,1,0,0,0,1
26,M,0,0,5,1,1
25,F,0,0,1,0,0
60,F,0,0,9,0,1
49,M,0,0,0,1,0
30,F,0,0,12,-1,0
21,F,0,0,0,0,1
25,F,0,0,4,0,0
21,F,0,0,0,30,0
29,M,0,0,1,0,1
29,M,0,0,4,0,1
21,M,0,0,0,0,1
53,M,0,0,4,0,0
51,F,1,0,2,22,1
29,M,0,0,1,0,1
24,F,0,1,0,0,1
24,F,0,0,2,241,0
37,F,0,0,5,1,1
20,F,1,0,0,0,0
53,F,1,0,1,21,1
25,F,0,0,5,35,1
38,M,0,0,0,1,1
22,F,0,0,3,319,0
21,F,0,0,1,13,1
21,F,1,0,1,5,0
27,M,0,0,6,0,0
28,M,0,0,14,20,0
49,M,0,0,6,0,0
52,F,0,0,7,3,0
25,M,0,0,1,1,1
56,F,1,0,2,2,1
34,F,0,0,22,1,1
35,F,0,0,7,1,1
23,M,0,0,1,1,0
22,F,1,0,0,-1,1
23,F,0,0,0,2,0
30,M,0,0,4,54,1
42,M,0,0,1,6,0
50,M,0,0,24,32,0
37,M,0,0,4,2,0
37,F,0,0,0,0,1
23,F,0,0,1,0,1
41,F,1,0,0,1,1
50,F,0,0,5,31,1
41,F,0,0,19,42,0
26,F,0,0,2,4,0
40,F,0,0,8,40,0
23,F,0,0,2,6,0
55,F,1,0,1,33,0
24,F,0,0,0,1,0
33,M,1,0,5,1,0
23,F,1,0,0,1,1
37,M,0,0,1,0,0
64,F,0,1,0,0,1
51,M,1,0,0,0,1
40,F,0,0,4,15,0
35,M,0,1,3,0,0
22,F,0,0,1,1,0
29,F,0,0,2,160,1
57,M,1,0,0,1,1
20,M,0,0,1,0,0
23,M,0,1,0,0,1
23,F,0,0,3,91,0
36,M,1,0,9,1,0
55,M,1,0,1,0,1
53,M,0,0,18,41,0
21,F,0,0,1,0,0
27,M,0,0,3,12,0
28,F,0,0,6,2,0
26,F,1,0,1,0,0
25,F,1,0,1,1,1
66,F,1,0,0,1,1
28,M,0,0,3,0,1
24,M,0,0,0,0,1
60,M,1,0,18,3,0
37,F,0,0,2,0,0
73,M,1,0,0,1,1
44,F,0,0,0,2,1
42,M,0,0,0,4,1
40,F,0,0,6,1,1
21,F,0,0,0,7,1
56,M,1,0,0,0,0
42,F,0,0,3,1,1
50,F,1,0,1,1,1
34,M,1,0,0,1,1
47,M,0,0,1,2,0
58,F,1,0,3,2,1
48,F,1,0,3,0,1
20,F,1,1,0,0,1
53,F,0,1,10,4,0
29,F,0,0,0,1,1
38,M,0,0,1,0,1
43,M,1,1,0,0,1
25,M,0,0,2,1,0
53,M,1,0,1,4,0
22,M,1,0,0,0,1
32,M,0,1,1,10,1
26,M,1,0,9,1,0
48,F,0,1,0,1,1
23,F,0,0,4,0,0
71,M,1,0,1,3,1
61,M,1,1,0,0,1
22,M,1,1,2,0,1
54,M,1,1,1,0,1
24,F,1,0,6,1,1
28,F,1,1,0,1,1
25,F,1,1,2,181,1
22,F,0,1,1,13,1
24,F,0,0,2,1,0
35,F,0,0,0,1,1
21,F,0,0,0,1,1
49,M,1,0,1,4,1
26,F,0,0,6,2,0
30,F,0,0,7,38,0
30,F,0,0,5,180,0
64,F,1,0,8,0,1
45,F,1,1,7,0,0
37,M,0,0,3,1,1
34,F,0,1,1,116,0
60,F,0,0,4,6,1
58,M,1,0,0,0,1
27,F,1,0,0,0,1
30,M,0,0,0,0,0
25,M,0,0,0,0,1
60,F,0,0,19,39,0
56,F,0,0,24,6,1
33,M,0,0,2,1,1
25,F,1,0,9,87,0
32,F,0,0,6,4,0
24,F,0,0,3,0,0
23,F,1,0,2,7,0
23,F,0,0,3,3,0
25,F,0,0,1,0,0
20,F,0,1,0,0,1
32,F,0,0,9,0,1
49,F,0,1,0,1,1
22,F,0,0,1,1,1
24,F,0,0,0,0,1
26,F,1,0,10,0,0
29,M,0,0,1,1,0
22,F,1,0,0,1,1
26,F,0,1,3,0,1
21,F,0,0,0,3,0
54,M,1,0,2,39,1
59,F,0,0,1,1,1
22,F,0,0,0,1,0
24,F,0,0,1,4,0
64,F,0,0,20,2,1
45,M,1,0,1,0,0
22,F,0,1,0,5,1
24,F,0,0,5,0,0
30,F,0,1,3,12,0
27,F,1,1,0,0,1
20,F,1,0,0,0,1
29,F,0,0,0,6,0
28,F,1,0,5,20,0
37,M,0,0,0,1,1
25,F,0,0,2,-1,1
23,F,1,0,3,244,0
32,M,0,1,0,0,1
44,F,1,1,1,0,1
41,F,0,0,8,1,1
30,F,1,0,3,25,1
27,M,0,0,2,7,0
32,F,0,0,0,0,0
40,M,0,0,24,1,0
34,M,0,0,2,0,1
33,M,0,1,3,1,1
33,F,1,0,0,6,1
37,M,0,0,1,0,1
28,M,0,0,9,1,1
25,F,0,1,0,1,0
30,M,0,1,1,2,1
47,M,0,1,0,0,1
24,F,1,0,0,1,0
31,F,1,0,9,116,0
52,F,0,0,0,26,0
25,F,0,0,5,236,0
46,M,0,1,7,18,1
62,M,1,0,3,0,1
36,M,1,0,0,5,0
24,F,0,0,2,10,0
37,M,0,0,3,2,0
25,F,1,0,9,54,1
21,M,0,0,0,35,0
38,M,0,0,0,0,1
29,F,0,0,5,5,0
52,M,0,0,0,0,0
29,F,0,0,5,2,1
59,F,0,0,13,242,0
39,F,0,0,2,0,1
48,M,0,0,1,167,1
31,M,0,0,3,0,0
20,F,0,0,1,5,0
50,M,1,0,0,0,1
27,F,0,0,7,4,0
27,M,0,0,0,1,1
31,F,1,0,4,5,0
24,M,0,1,2,30,1
24,F,0,0,4,51,0
30,M,1,0,0,1,0
41,F,1,0,0,0,1
38,F,0,0,1,0,1
32,F,0,0,2,19,0
69,M,1,0,0,0,0
25,F,1,0,1,59,1
55,M,1,0,0,30,0
28,F,0,0,7,1,0
27,M,1,0,0,-1,0
20,F,0,1,1,1,0
36,F,0,0,2,-1,0
39,F,0,1,10,0,0
25,F,0,0,10,7,0
35,M,1,1,1,0,1
32,M,0,0,12,1,0
69,M,0,0,0,0,1
21,M,1,0,1,0,1
41,F,1,0,1,2,1
21,F,0,0,0,0,1
38,F,0,0,0,5,1
21,F,0,0,1,1,0
35,M,1,0,2,34,0
34,M,0,0,5,2,1
52,M,1,0,0,0,1
21,F,0,0,0,1,1
43,M,0,0,8,1,1
32,F,1,1,0,1,1
49,F,1,0,5,3,0
21,M,0,1,0,1,1
28,F,0,0,5,0,0
65,F,1,1,1,-1,1
27,M,1,1,0,1,1
48,F,1,0,20,46,0
20,M,0,0,0,1,0
49,F,0,0,7,12,0
42,M,0,0,6,1,1
63,F,0,0,6,24,1
40,M,1,0,0,-1,1
34,F,0,0,0,0,1
21,F,0,0,1,86,0
27,M,1,0,1,0,1
29,M,0,0,0,1,1
35,M,1,0,0,15,0
50,M,0,1,0,1,1
47,M,1,0,0,0,1
44,M,1,0,2,-1,1
56,F,0,0,0,1,1
23,M,0,0,0,12,1
54,F,0,0,10,30,1
38,F,1,0,17,180,1
25,F,0,0,0,0,0
44,F,1,0,2,1,0
52,M,0,0,3,31,0
52,F,1,1,0,118,0
21,M,0,0,0,0,0
30,F,1,1,9,4,0
56,F,0,0,6,1,1
35,F,0,0,12,0,0
39,F,1,0,1,29,1
29,M,1,0,0,0,1
23,F,0,0,2,22,0
26,M,1,0,0,0,1
64,M,0,1,1,0,0
58,F,0,1,0,1,1
20,F,1,0,1,1,0
21,F,0,0,0,42,0
21,F,0,0,0,46,1
23,F,0,0,0,2,1
46,F,0,0,3,2,1
25,F,0,0,21,117,0
35,F,0,0,5,0,1
30,M,0,1,0,-1,1
47,F,1,0,1,1,1
30,F,1,0,4,3,1
47,F,0,0,1,1,1
39,F,0,0,1,0,0
30,M,0,0,2,5,0
24,F,1,0,1,0,1
45,F,1,0,3,1,1
26,F,1,0,2,0,0
39,F,1,0,3,0,1
40,F,1,0,1,41,1
24,F,0,0,0,0,1
23,F,0,0,1,0,1
61,M,1,0,0,-1,1
42,F,1,0,3,-1,0
38,F,0,0,3,4,0
67,F,1,0,0,24,0
23,F,1,0,2,7,1
31,F,1,0,1,0,0
40,F,0,0,15,54,1
44,F,0,0,0,3,1
37,F,0,0,10,0,0
22,M,0,1,3,1,1
31,M,1,0,6,0,0
28,F,0,0,9,53,0
24,M,0,0,5,5,1
33,F,1,0,9,0,1
30,F,0,1,10,0,0
31,F,0,0,5,1,1
35,F,0,0,0,1,0
57,F,0,0,23,30,0
39,F,1,1,8,31,0
65,F,1,0,3,23,1
22,M,1,1,0,1,1
35,F,0,1,2,14,1
29,M,0,0,2,2,0
62,F,0,0,13,1,0
22,M,0,0,0,0,0
31,F,0,0,8,13,0
56,F,0,1,1,1,1
25,F,1,0,2,29,1
33,M,1,0,10,1,1
25,F,1,0,2,2,1
27,F,0,1,3,0,1
37,F,0,0,1,3,1
41,M,1,0,2,1,1
35,F,0,0,5,6,1
25,M,0,0,1,0,0
55,M,1,0,0,2,1
26,F,0,0,2,3,0
35,F,0,0,7,195,1
50,M,1,0,3,25,0
25,F,0,0,3,2,0
65,M,1,1,1,1,0
31,F,0,1,0,0,0
24,M,0,1,0,0,1
34,F,0,0,6,13,0
24,M,0,0,3,3,0
30,F,0,1,4,1,1
35,M,0,1,0,0,1
30,F,0,0,14,22,0
24,M,1,0,1,2,1
51,F,1,0,3,13,0
28,F,0,1,3,1,1
27,F,0,1,4,0,0
22,F,1,0,2,0,0
29,F,0,0,2,0,0
31,F,0,0,0,2,1
31,M,1,0,0,0,1
32,F,0,1,3,30,1
27,F,0,0,1,1,0
29,F,1,0,6,0,0
59,F,0,0,3,8,1
24,M,0,0,1,0,0
33,F,0,0,0,141,1
35,M,0,1,0,0,1
28,F,1,0,9,8,0
40,F,0,1,0,4,1
45,M,0,0,0,1,1
24,M,0,0,9,4,0
31,F,0,0,16,52,0
25,M,0,0,0,4,1
24,F,0,0,0,1,1
23,M,0,0,6,34,1
23,F,0,0,7,1,0
48,M,0,0,0,-1,1
62,F,1,0,0,0,1
25,F,0,1,4,0,0
25,F,0,0,1,1,1
49,M,0,0,1,10,1
50,F,1,0,0,35,0
47,F,0,0,3,39,0
37,F,0,0,14,1,1
26,M,1,0,0,1,1
28,F,0,0,21,1,1
26,F,0,1,3,0,0
48,F,0,0,4,1,1
20,F,0,0,1,0,0
34,F,0,0,9,17,0
26,M,0,0,1,1,1
46,F,0,0,9,115,0
21,F,0,0,0,6,0
27,F,1,1,2,62,0
21,M,0,0,3,17,0
29,F,1,0,1,14,1
46,F,1,0,4,1,1
24,F,0,0,0,0,1
51,M,0,1,2,0,1
57,M,0,0,8,-1,0
33,F,0,0,4,1,0
23,F,0,0,4,143,0
29,F,0,0,5,1,1
22,M,1,0,0,9,0
56,M,0,0,10,13,0
33,M,1,1,1,4,0
27,F,0,0,0,1,0
40,F,0,0,3,0,0
48,M,0,0,0,0,1
32,F,0,0,10,3,0
24,M,0,0,1,1,1
32,F,0,0,1,0,1
19,F,0,0,2,0,0
23,F,0,0,6,1,0
39,F,1,0,17,181,0
25,F,0,0,1,0,1
42,F,0,0,6,0,0
29,M,1,0,1,43,1
38,M,1,0,2,1,1
32,F,1,0,10,6,0
23,M,1,0,4,0,0
58,F,0,0,10,1,0
42,F,0,0,9,0,0
52,F,0,0,3,13,1
26,F,1,0,1,8,0
27,F,1,0,1,1,1
33,F,1,0,1,0,1
33,F,0,0,2,-1,0
23,M,0,0,0,1,0
25,F,0,0,4,19,0
32,F,0,0,0,5,0
34,F,0,0,14,40,0
29,M,1,1,0,1,1
38,F,0,0,19,0,0
29,M,1,0,0,0,1
27,F,0,0,6,34,0
25,M,1,0,0,1,0
31,F,1,1,2,1,0
30,F,0,0,8,64,0
41,F,0,0,0,0,1
59,F,0,0,8,5,1
21,M,1,0,1,0,0
27,F,0,0,6,39,0
30,F,0,0,0,1,1
43,F,1,0,4,47,1
24,F,1,1,2,0,1
45,M,0,0,13,6,0
23,F,1,0,0,18,0
40,F,1,1,5,55,1
23,F,0,1,0,2,1
39,F,0,0,3,1,1
26,F,0,1,5,33,0
26,M,1,1,0,0,1
21,M,0,0,0,1,1
30,F,1,0,3,65,1
44,F,1,0,0,11,1
21,F,0,0,1,20,0
23,M,0,0,0,1,1
49,F,0,1,1,0,1
23,F,0,0,3,53,0
24,F,0,0,1,75,0
21,F,0,1,1,0,0
37,F,1,1,7,6,0
28,F,1,0,2,10,0
23,F,0,0,7,9,0
24,F,0,1,2,1,0
31,F,1,0,0,-1,1
24,M,0,0,2,506,0
25,F,0,0,1,0,1
33,M,0,0,1,1,0
26,M,0,0,24,85,0
27,F,0,0,1,5,1
46,F,1,0,0,1,1
38,M,1,1,1,1,0
24,M,0,1,0,0,1
38,M,0,1,0,1,1
27,F,0,0,7,4,0
48,F,0,0,6,1,1
31,F,1,1,2,27,0
28,M,0,0,5,51,0
30,F,0,0,7,1,1
25,M,1,0,6,1,0
55,M,1,0,0,1,1
40,F,0,0,5,30,0
21,F,0,0,0,1,0
28,F,0,0,10,243,0
20,F,0,0,2,0,0
31,F,0,0,10,4,0
57,M,0,1,0,77,1
25,M,0,0,0,7,1
22,F,0,0,7,11,0
31,F,0,0,3,15,0
43,F,0,0,7,0,1
25,M,1,1,0,0,1
39,M,0,0,1,0,1
40,F,0,0,1,1,1
20,F,0,0,0,2,0
35,M,0,0,2,0,1
34,M,0,0,1,1,0
27,F,1,0,18,178,0
38,F,0,1,3,0,0
21,F,1,0,0,0,0
25,M,0,0,0,1,0
53,M,0,0,6,8,0
50,F,0,1,4,13,1
23,M,1,1,1,1,1
22,F,0,0,0,6,0
27,M,1,0,0,0,0
29,F,0,0,5,0,0
38,M,0,0,1,3,1
54,F,1,1,2,0,1
26,F,0,0,1,57,0
37,F,0,0,23,1,0
36,M,0,0,25,0,0
28,F,0,0,18,12,0
49,M,0,0,1,1,1
36,F,0,0,11,0,1
41,F,1,1,0,1,1
26,F,0,0,9,0,0
40,F,1,0,9,0,1
21,F,0,0,7,10,0
22,F,0,0,0,1,0
33,F,1,0,0,0,1
26,F,0,0,7,19,1
27,M,0,1,0,3,0
35,F,0,0,1,0,1
27,M,0,0,3,1,1
37,M,0,0,3,2,0
31,F,0,1,3,61,1
36,F,0,0,26,0,0
32,M,0,1,0,2,1
50,F,1,0,1,0,1
52,F,1,0,1,0,1
24,M,0,0,1,2,1
38,F,0,0,0,1,1
54,F,0,0,11,1,1
71,F,1,0,13,0,1
27,F,0,0,9,0,0
39,F,1,1,1,39,1
34,M,0,0,1,-1,0
23,M,0,0,0,4,0
36,F,0,1,5,0,0
55,F,0,0,0,0,1
27,F,1,0,0,8,1
23,F,0,0,2,0,0
20,F,0,0,1,0,0
31,F,0,1,10,1,1
24,F,1,0,8,37,1
37,F,1,1,2,1,0
26,F,1,0,0,0,1
29,F,1,0,0,0,1
41,M,0,0,4,-1,0
37,F,0,0,0,0,0
46,F,1,0,2,0,1
56,F,1,1,10,41,0
23,F,0,0,0,0,0
23,F,0,1,1,1,0
25,F,0,0,0,-1,0
24,F,0,0,1,1,0
26,M,0,0,1,0,0
24,F,1,0,2,10,0
23,F,0,0,0,14,0
43,F,1,0,2,1,1
53,M,1,1,0,0,1
24,F,0,0,1,57,0
28,F,0,0,0,0,1
21,F,1,0,1,1,1
31,M,0,0,0,9,1
33,F,1,0,3,1,0
35,F,0,1,1,1,1
55,M,1,0,3,1,1
50,M,0,0,9,28,0
28,M,0,0,0,0,1
44,M,1,0,0,2,0
19,F,0,0,3,0,0
23,M,0,0,2,45,1
24,F,0,0,3,-1,0
50,F,1,0,2,1,1
31,M,0,0,0,21,1
28,F,1,1,0,0,0
42,F,1,0,0,1,1
21,M,0,0,0,97,0
21,F,1,0,0,0,0
24,M,0,0,0,1,0
31,F,1,0,3,1,0
23,M,0,0,0,2,1
27,F,1,0,0,0,0
32,M,0,0,0,0,1
28,F,0,0,7,77,0
67,M,1,0,0,1,1
32,F,0,1,11,0,1
44,F,0,0,7,1,1
25,F,0,0,1,0,0
30,M,0,1,15,1,0
28,M,1,0,9,0,1
27,F,0,0,0,3,0
36,M,0,0,8,1,1
25,M,1,1,0,2,1
31,F,1,0,5,1,0
30,M,1,0,0,0,0
33,F,0,0,4,7,1
38,M,0,0,0,0,1
26,M,0,0,1,0,0
52,F,0,0,5,6,0
22,M,1,1,2,2,0
50,F,1,0,0,0,1
58,F,1,0,1,0,0
34,M,1,0,3,1,0
32,F,1,0,1,0,0
29,M,0,0,0,1,0
27,M,0,0,0,0,1
39,F,1,0,5,18,1
24,F,0,0,0,1,1
38,M,0,0,8,1,1
52,F,1,0,7,0,1
56,M,0,0,3,1,0
46,F,1,0,7,36,0
38,F,1,0,5,3,0
47,M,1,0,3,63,1
32,F,1,0,0,0,1
34,M,0,0,27,0,1
42,F,0,0,5,2,1
35,M,0,1,0,2,0
20,F,1,0,0,6,0
32,F,1,1,2,32,0
21,M,1,0,0,0,1
24,M,0,0,0,1,0
24,M,0,0,1,123,0
26,M,0,0,0,0,0
52,F,1,0,8,39,1
27,M,0,0,1,2,1
27,M,1,1,0,0,1
56,F,1,0,0,1,1
52,F,1,0,16,11,0
37,F,0,0,3,1,0
45,M,0,0,0,0,1
36,F,1,1,3,27,0
29,F,0,1,0,0,1
21,F,0,0,0,0,1
20,M,0,0,3,1,0
27,F,0,0,11,4,1
28,F,0,0,11,0,0
38,M,0,0,4,0,1
30,F,0,0,0,0,1
19,F,0,1,1,434,0
37,F,1,1,1,1,1
34,M,0,0,0,2,0
37,F,1,0,7,69,0
21,F,0,0,1,1,1
21,F,0,0,0,7,0
38,F,1,1,3,0,1
47,M,0,0,1,1,1
56,F,1,0,3,191,1
27,F,0,0,2,246,0
23,M,0,0,0,1,1
57,F,1,0,0,2,1
25,F,0,0,9,12,1
23,F,0,1,2,116,0
32,F,0,0,8,2,0
36,M,0,1,2,0,1
41,M,0,0,5,0,1
39,F,0,1,0,1,1
21,F,0,0,1,1,0
31,M,0,0,2,2,1
37,M,1,0,0,0,1
27,F,0,0,0,1,1
22,F,0,0,2,16,0
59,F,1,0,2,18,1
33,F,0,1,0,29,0
43,F,0,1,2,2,1
25,F,1,0,5,101,0
23,F,0,0,3,3,0
43,M,1,1,3,1,0
56,M,1,0,9,19,0
20,F,0,1,1,3,0
50,M,0,0,2,0,0
54,M,1,1,1,3,1
20,F,0,0,1,1,0
36,M,0,0,3,45,0
36,F,0,1,3,0,0
56,M,0,0,0,1,1
25,F,0,0,2,1,1
42,F,1,1,1,21,0
48,F,0,0,4,1,1
34,M,0,0,21,5,0
28,F,1,0,0,0,1
32,F,1,0,1,1,1
31,F,1,1,2,1,1
24,F,0,1,4,5,0
25,F,1,1,0,0,0
32,F,1,1,4,0,1
37,F,0,0,20,35,0
24,F,0,0,1,1,0
48,M,0,0,0,1,1
35,F,0,0,1,0,1
21,F,0,0,1,1,0
21,F,0,1,0,33,0
27,F,1,1,0,2,0
22,F,0,0,0,1,1
28,F,0,0,4,0,1
26,M,0,0,0,1,1
23,M,0,0,0,0,0
34,F,1,0,0,0,1
22,F,0,0,3,33,1
30,F,0,0,5,62,0
44,F,1,0,5,6,1
57,F,1,0,1,17,1
22,F,0,0,0,5,0
24,F,0,0,7,68,0
20,F,1,0,0,0,1
53,M,0,0,1,2,0
60,F,0,0,13,0,1
22,F,0,1,2,1,1
43,M,0,0,0,0,1
72,F,1,0,7,-1,1
33,F,0,0,3,3,0
24,F,0,0,1,0,0
60,F,0,0,0,218,1
24,F,1,0,3,7,0
30,M,0,0,1,2,1
43,M,1,1,0,29,1
48,M,0,0,1,5,1
54,M,0,0,0,-1,1
45,M,0,0,1,2,1
36,F,0,0,0,3,1
31,M,1,0,1,-1,1
40,M,0,0,0,2,1
50,F,1,0,1,1,1
26,M,0,1,1,0,1
41,F,0,0,7,0,1
34,F,1,0,5,0,0
28,F,1,1,0,2,1
23,F,1,0,2,0,0
37,M,0,1,0,1,0
35,M,0,0,5,0,1
21,F,1,0,1,48,0
22,M,0,1,2,34,0
29,F,0,0,6,35,0
30,M,0,1,0,0,1
45,M,1,0,3,92,0
24,F,0,1,2,1,1
31,F,1,0,4,29,0
56,M,1,0,0,0,1
24,F,0,0,14,180,0
38,F,0,0,11,18,1
51,F,0,0,22,34,0
22,F,1,0,0,0,1
28,M,0,0,5,1,1
47,F,0,0,19,212,0
51,M,0,0,0,30,0
25,M,1,0,1,42,1
53,F,0,0,1,1,1
30,F,0,0,0,2,1
33,F,1,0,0,0,0
35,F,0,0,5,225,0
33,F,0,1,0,1,1
59,M,0,0,1,0,1
33,F,1,1,1,84,1
27,F,0,0,2,132,0
29,F,0,1,9,14,0
24,F,0,0,3,44,0
43,F,0,0,5,0,1
37,M,0,0,11,0,0
53,F,0,0,13,91,1
26,F,0,0,4,0,0
30,M,1,1,1,0,1
27,F,0,0,6,1,0
39,F,1,0,9,1,0
37,M,1,0,4,0,0
22,M,1,0,3,10,0
25,F,1,0,0,2,1
26,F,0,0,1,0,1
28,M,1,1,0,0,1
25,M,0,0,0,1,0
58,F,1,0,1,3,1
29,M,1,1,1,2,0
33,F,0,0,8,2,1
38,F,0,0,0,1,1
38,F,1,0,2,19,1
59,F,0,0,22,69,0
29,M,0,0,4,0,0
53,M,1,0,0,3,0
33,F,0,0,2,0,0
58,M,1,0,1,0,1
53,F,1,0,2,40,1
32,M,1,0,0,17,0
35,F,0,0,6,10,0
39,F,1,0,1,1,1
36,M,0,0,1,14,1
42,M,1,1,5,6,0
37,M,0,0,0,0,1
39,F,1,0,0,3,1
52,M,1,1,3,0,1
60,M,0,0,1,1,1
37,M,0,0,2,0,1
42,F,1,0,4,17,0
23,F,0,0,6,1,0
42,M,0,1,0,0,0
28,F,0,0,5,0,1
38,F,1,0,12,0,1
43,F,0,1,2,1,0
42,F,0,0,0,0,1
25,M,1,1,0,0,1
32,F,0,0,7,37,0
21,F,0,0,0,0,0
35,M,1,1,1,28,1
37,F,1,0,0,126,1
33,F,0,1,2,0,1
51,F,1,1,4,8,1
39,F,1,0,3,2,1
35,M,0,0,5,2,0
40,F,0,0,3,13,1
32,F,0,0,17,0,0
32,F,1,0,3,-1,0
37,M,0,0,0,0,1
32,F,0,0,10,0,0
47,M,1,0,5,0,0
23,M,1,1,0,0,1
63,F,1,0,10,2,0
38,F,0,0,16,241,0
32,M,0,0,6,2,0
31,F,0,0,4,24,0
23,F,0,0,0,1,1
38,M,0,0,1,126,1
47,M,1,1,0,0,1
33,F,1,0,1,10,0
22,F,1,0,1,8,1
40,M,1,0,0,0,0
36,F,0,0,14,173,0
65,M,1,1,0,1,1
22,M,0,1,0,1,1
34,M,0,0,0,0,1
38,F,0,1,0,0,1
26,F,1,1,4,0,0
20,M,0,0,0,23,0
49,F,0,0,0,0,1
52,F,1,0,2,4,0
25,M,0,0,2,0,0
34,F,0,0,5,4,1
33,M,0,0,1,1,0
21,F,0,0,1,0,1
46,F,0,0,9,5,1
57,M,1,0,1,1,1
22,F,0,0,2,0,0
48,M,1,1,1,1,0
40,F,0,0,21,29,1
30,F,0,1,1,0,1
21,M,1,0,4,33,0
39,F,0,1,22,3,0
33,M,1,1,0,1,0
24,F,0,0,0,-1,1
43,F,0,0,0,1,0
45,M,1,1,0,1,1
51,F,0,0,3,2,1
31,M,0,0,9,0,0
27,M,1,0,0,1,1
32,F,0,0,1,0,1
49,M,1,0,0,0,1
29,F,0,0,2,27,1
23,F,0,0,2,1,0
30,M,0,0,6,0,1
30,M,1,0,0,56,1
34,F,0,0,13,0,0
33,F,0,0,4,-1,1
28,M,0,0,1,1,1
29,F,0,0,1,40,1
38,M,1,0,0,0,1
37,F,1,0,0,0,1
33,M,1,1,0,0,0
30,F,0,0,0,0,1
51,F,0,0,19,13,1
65,M,0,0,7,0,1
32,M,0,1,1,0,1
38,F,1,0,5,0,0
35,F,0,0,1,0,1
57,F,1,0,1,0,1
26,F,1,0,1,-1,1
36,M,0,1,4,1,0
33,F,0,1,2,9,0
35,F,1,0,3,1,0
33,F,0,0,0,0,1
47,M,1,0,0,1,1
53,M,0,1,0,0,1
35,M,1,0,1,4,0
36,F,0,1,1,0,0
25,M,1,1,0,0,1
52,F,0,0,10,149,1
51,F,1,0,6,2,0
24,F,0,0,8,214,0
32,F,1,0,0,0,0
43,F,0,0,8,348,0
45,M,0,0,20,46,1
42,M,0,0,10,0,0
22,F,0,0,1,6,0
49,F,0,0,4,1,1
42,F,0,0,0,33,0
40,M,1,0,0,29,0
25,F,0,0,2,0,0
25,M,1,0,0,2,0
23,F,0,0,0,2,1
21,F,1,0,2,1,0
31,M,1,0,3,0,1
28,M,0,1,0,0,1
24,F,0,0,11,51,0
45,F,1,0,0,37,1
23,M,0,0,2,1,0
39,F,0,0,7,0,0
24,F,0,0,1,0,1
46,F,1,0,1,1,1
47,F,1,0,3,2,1
22,M,0,0,1,0,0
34,M,1,1,0,1,1
33,M,1,0,0,0,0
29,F,0,0,16,0,0
34,M,0,0,3,5,1
29,M,0,0,0,0,1
25,M,1,1,2,0,0
34,F,1,0,16,1,0
55,F,0,1,1,0,1
27,F,0,0,0,0,0
26,M,0,0,0,1,1
39,F,0,0,19,179,0
24,F,0,0,1,0,1
29,M,1,0,0,0,1
50,F,0,0,13,242,0
25,F,0,0,2,0,0
31,F,0,0,4,2,0
31,M,0,0,0,0,1
26,F,1,0,2,0,1
54,F,1,0,2,97,1
33,F,0,0,14,0,0
22,M,0,0,0,0,0
35,F,0,0,8,239,1
30,F,0,1,4,1,0
25,F,0,0,0,0,1
25,F,0,0,0,0,1
44,F,0,0,0,0,0
29,F,1,1,2,8,0
46,F,1,0,2,2,0
53,M,1,0,0,4,1
24,F,0,0,2,1,0
52,F,0,1,2,1,0
27,M,0,0,0,0,0
41,F,1,0,0,1,1
21,F,0,1,0,0,0
24,F,1,0,1,0,1
23,M,1,0,0,0,1
42,F,0,0,0,1,1
24,F,0,0,5,1,0
26,F,0,0,4,0,0
50,F,1,0,9,424,0
32,M,0,1,3,1,1
40,F,0,0,13,1,1
27,F,0,0,2,0,1
23,F,1,0,0,0,0
37,M,0,0,22,1,0
32,M,0,0,1,3,0
52,M,1,0,4,1,0
29,F,1,0,2,3,1
49,M,0,0,0,0,1
50,F,1,0,0,2,1
26,F,1,0,2,-1,0
34,F,1,1,0,31,0
28,F,1,1,1,9,1
30,F,0,0,0,0,0
24,F,0,0,3,1,0
25,M,0,0,0,0,0
25,M,0,0,4,9,0
45,F,1,0,2,0,1
26,F,1,0,1,3,0
37,F,0,0,2,28,1
24,M,0,0,0,1,1
40,M,1,0,2,1,1
33,F,0,1,0,0,1
53,F,0,0,18,1,1
55,M,0,0,0,5,1
30,F,0,0,6,17,0
21,F,0,0,1,15,0
55,M,1,0,0,0,1
22,F,1,0,1,0,0
23,F,0,1,1,0,1
57,F,1,0,9,58,0
33,M,1,0,0,0,0
32,F,1,0,2,1,1
47,F,1,0,3,13,1
51,M,1,0,6,18,0
22,F,0,0,1,1,1
47,F,1,0,2,1,1
28,F,1,0,1,0,0
28,F,0,0,5,34,1
44,M,1,1,1,6,0
25,F,0,0,0,2,0
34,M,0,0,4,0,1
65,M,1,0,0,0,1
33,F,1,0,5,119,0
23,M,1,1,0,0,1
44,M,1,1,0,0,1
24,M,0,0,1,0,1
51,M,1,0,1,1,1
21,F,0,1,0,1,0
39,F,1,0,6,0,1
29,F,0,0,29,5,0
24,F,1,0,1,0,1
23,F,0,1,0,2,0
31,F,0,0,11,-1,0
35,M,0,1,0,0,1
30,F,0,0,0,0,1
39,F,0,1,4,3,1
51,M,1,0,0,1,1
22,F,1,0,1,236,1
29,F,1,0,2,22,1
32,F,1,0,6,2,0
33,M,1,0,3,11,0
58,F,1,0,5,1,0
54,F,0,0,0,27,1
33,F,0,0,2,28,0
48,F,0,0,10,175,1
23,M,0,0,0,3,1
23,F,1,0,2,15,0
47,M,0,0,1,1,1
21,F,0,0,0,2,1
29,M,0,0,0,1,0
48,F,1,0,2,0,1
37,M,1,0,4,82,0
50,F,1,0,3,14,1
19,F,0,0,3,1,0
49,F,0,0,13,0,1
58,F,1,0,2,5,1
31,F,0,0,6,0,1
23,M,0,0,1,0,1
23,F,0,1,0,0,0
31,F,1,0,17,1,0
33,F,0,0,0,83,0
57,F,1,0,6,1,1
31,M,1,1,0,0,1
57,F,0,0,19,3,1
57,M,1,0,12,3,1
29,M,0,0,6,0,0
30,M,0,0,0,0,0
45,F,0,0,11,0,1
42,F,1,0,0,0,1
48,F,0,0,7,0,1
29,F,0,0,12,12,0
28,F,1,1,0,0,1
25,M,0,0,1,1,0
34,M,1,1,3,10,1
27,F,0,0,0,1,1
39,F,0,0,4,40,1
27,F,0,0,4,50,0
30,F,1,0,7,0,0
31,M,0,0,15,4,0
20,M,0,0,1,0,0
26,F,1,0,2,0,0
34,F,1,0,0,1,0
27,M,1,0,0,0,1
29,F,0,0,4,1,1
27,F,0,0,7,4,1
24,F,1,1,0,1,1
29,F,0,0,0,0,0
20,F,1,0,0,0,1
23,F,1,1,0,0,1
48,M,0,1,0,0,1
34,M,0,0,0,0,0
46,M,0,0,1,1,0
41,F,1,1,3,1,1
26,F,0,0,3,0,0
37,F,0,0,11,1,0
22,F,1,1,2,0,1
32,F,0,0,7,0,1
44,M,0,0,0,2,1
60,M,0,0,3,0,1
49,F,1,0,0,-1,1
30,M,0,0,10,1,0
52,F,1,0,0,1,1
34,F,0,0,0,1,1
55,F,0,0,5,3,0
33,M,0,0,0,0,1
22,F,0,0,0,0,0
27,M,0,1,0,1,1
20,F,0,0,0,0,0
33,F,1,0,0,53,1
26,M,0,0,0,2,1
29,M,0,0,0,1,1
32,M,0,0,1,0,1
37,M,1,0,4,0,1
31,F,0,0,15,104,1
29,F,0,0,6,0,0
31,F,0,0,6,41,1
36,F,1,1,2,1,1
37,F,0,1,1,8,1
34,M,1,0,5,6,0
20,M,1,0,1,1,0
24,F,1,0,8,35,0
29,M,0,0,8,0,0
45,F,0,1,1,2,1
34,F,1,0,2,0,0
70,M,0,0,0,1,1
23,F,0,0,4,3,1
27,M,1,0,5,2,1
44,F,1,0,6,118,0
26,M,0,0,0,0,1
23,M,1,1,2,0,1
27,F,0,0,3,7,0
46,F,1,1,1,25,1
27,F,0,1,1,26,1
45,F,1,0,7,1,1
42,M,0,0,1,7,1
24,M,1,1,3,0,0
20,F,0,0,2,2,0
49,F,1,0,3,0,1
29,F,0,0,0,-1,1
52,F,1,1,1,3,1
37,M,0,0,4,1,0
26,M,0,0,1,7,1
53,F,0,0,15,80,0
47,F,0,0,1,17,1
38,M,0,0,0,749,0
25,F,0,0,1,-1,1
21,F,0,0,1,5,0
48,M,0,0,0,1,1
24,F,0,1,0,1,1
22,F,0,0,0,0,0
38,M,1,0,2,28,1
23,F,0,0,0,3,0
54,M,0,0,2,0,1
24,F,0,0,1,10,1
44,M,1,1,0,0,0
64,M,1,0,0,0,1
38,M,1,0,5,0,0
45,M,0,1,0,0,1
49,F,0,0,1,5,1
33,M,0,0,0,0,1
44,F,0,0,2,1,1
51,F,0,0,3,3,1
50,F,0,0,0,0,1
33,M,1,0,2,21,1
54,M,1,1,0,29,1
28,F,0,0,3,0,0
42,M,0,0,17,51,0
34,F,1,0,3,1,1
38,F,1,0,2,9,0
21,F,0,0,1,1,0
33,F,0,0,5,-1,1
32,M,0,0,9,23,0
45,M,1,0,1,1,1
30,F,1,0,1,33,0
29,F,0,1,0,1,1
51,M,1,1,0,7,0
28,F,0,1,0,0,1
27,F,1,0,1,0,1
28,F,0,0,16,29,0
30,F,0,1,0,-1,1
32,M,0,0,0,1,1
27,F,1,0,5,0,1
21,F,0,0,1,2,0
21,F,0,0,0,1,1
34,F,1,1,0,62,0
24,F,0,0,7,199,0
32,M,1,0,0,19,1
38,F,1,1,5,41,0
56,M,0,0,3,14,1
44,M,0,1,0,1,1
31,M,0,0,1,0,0
25,F,1,1,6,24,1
20,M,0,1,0,0,1
35,M,0,0,1,1,1
33,F,0,0,1,0,0
24,M,0,0,0,1,1
40,M,0,1,2,3,1
27,F,0,0,9,0,0
38,F,0,0,9,1,0
20,F,1,0,0,1,0
30,F,0,0,9,1,0
36,F,1,0,9,19,0
23,M,0,0,2,7,0
39,F,0,0,21,0,0
29,F,1,0,3,0,0
58,M,1,0,2,0,0
23,F,0,0,2,35,1
23,M,1,0,3,26,0
68,F,0,1,5,0,1
26,M,1,1,2,0,1
51,F,0,0,0,1,0
25,M,0,0,0,0,1
40,F,0,0,5,55,0
51,F,0,0,14,7,1
27,M,0,0,2,15,0
49,M,0,0,11,32,0
36,M,0,0,0,2,1
20,F,0,0,0,3,1
21,F,0,0,2,86,0
31,F,0,1,0,1,1
57,M,0,0,0,0,1
61,F,1,1,8,30,0
35,F,0,0,3,9,0
54,F,0,0,3,2,0
39,F,1,0,0,1,1
24,F,0,0,1,33,1
29,F,0,1,0,1,0
48,F,0,0,8,11,0
30,M,0,0,6,0,0
26,F,0,0,10,1,0
37,F,0,0,12,0,0
26,F,0,0,4,45,0
29,M,0,0,7,8,0
26,M,0,0,1,29,0
60,F,0,0,2,0,1
27,F,1,0,2,0,0
22,F,1,0,1,0,1
28,F,0,0,3,0,1
33,F,0,0,13,0,0
28,F,0,0,2,125,1
55,M,1,0,0,-1,0
21,F,0,0,6,0,0
28,F,0,0,2,1,0
22,M,0,1,0,0,1
29,F,1,1,6,67,0
24,M,0,0,2,49,0
50,F,0,0,12,1,0
24,M,0,0,1,1,0
47,F,0,0,1,49,1
54,F,1,0,6,0,1
42,M,1,1,0,1,1
35,F,1,0,5,0,1
30,F,0,0,0,1,0
53,F,1,0,1,0,1
31,M,0,1,2,2,1
31,F,0,0,0,1,0
23,F,0,0,4,2,1
47,F,0,0,9,64,1
24,M,0,0,9,3,0
22,F,0,1,2,2,1
45,M,0,0,1,0,1
30,F,0,1,2,0,1
30,M,0,0,5,5,0
43,M,1,1,22,26,0
50,M,0,0,0,0,1
24,F,0,1,2,1,0
42,F,1,1,3,0,1
29,F,1,1,1,13,0
31,M,0,0,0,1,1
25,F,0,0,5,54,0
36,F,0,0,4,1,1
24,M,0,0,1,2,0
28,F,1,0,5,0,1
31,M,1,0,0,0,0
23,F,0,0,0,3,1
29,M,1,0,4,7,0
51,M,0,0,11,79,0
34,F,0,0,1,1,1
29,F,0,0,12,0,0
39,F,0,0,13,1,0
36,M,0,1,0,0,1
59,M,0,0,15,14,0
23,F,0,0,3,0,0
31,F,0,0,15,-1,1
53,M,1,0,0,-1,1
34,F,0,0,12,34,1
63,F,0,1,1,0,1
21,F,0,0,0,0,0
21,F,0,1,0,0,0
47,F,1,0,28,33,0
34,F,0,0,7,-1,0
58,F,1,0,4,0,0
40,F,0,1,4,5,0
36,F,0,0,16,8,0
23,M,0,1,0,1,1
34,F,0,0,5,0,0
56,F,1,0,13,6,1
52,F,1,1,0,0,1
56,F,0,0,0,6,1
37,M,0,1,0,1,1
50,M,1,1,0,1,1
25,F,0,0,1,0,0
22,F,0,0,0,0,0
43,M,1,1,0,0,0
30,M,1,0,1,35,1
29,F,0,0,0,0,1
24,F,1,0,0,0,1
29,M,0,0,7,0,0
24,F,1,1,0,0,1
74,F,0,1,0,0,1
27,M,0,0,8,0,0
37,F,0,0,1,0,0
29,F,1,0,5,0,1
35,F,0,1,5,0,1
29,M,0,0,1,99,0
36,F,1,0,1,1,1
26,F,1,0,2,1,1
26,F,0,1,1,1,1
39,F,1,1,11,1,0
22,F,0,0,3,1,0
28,F,1,0,0,1,1
51,F,1,0,1,0,0
35,M,0,1,0,1,1
23,M,0,1,0,1,1
29,F,0,0,6,0,0
20,F,0,0,0,1,0
24,M,0,0,1,6,0
23,M,0,1,2,1,1
33,F,0,1,5,186,1
21,F,1,0,1,0,0
59,M,1,0,3,2,1
26,F,1,0,4,2,0
38,F,0,0,2,0,1
28,F,0,0,2,3,1
23,F,0,0,2,58,0
21,F,0,0,1,1,0
52,M,0,0,0,1,0
56,F,0,0,12,1,0
40,M,1,0,1,1,1
48,M,1,1,8,23,0
26,F,0,1,0,0,1
66,F,1,0,1,4,0
54,F,0,1,6,1,1
31,M,1,0,4,26,0
34,F,1,0,0,0,1
25,F,0,0,9,84,0
47,F,1,0,2,6,1
51,F,0,0,12,0,0
25,F,1,0,1,-1,1
25,F,0,0,0,20,0
31,F,0,1,2,0,0
36,F,1,0,1,0,1
49,M,1,0,0,-1,1
31,F,0,0,0,0,1
30,F,1,0,1,0,1
29,F,0,0,3,0,0
53,F,1,1,6,10,0
21,F,0,0,1,456,0
21,F,0,0,0,0,1
27,F,0,1,1,0,0
65,F,0,1,0,0,1
59,M,1,1,0,0,1
59,M,0,0,0,1,1
24,M,0,0,0,3,1
40,F,0,0,0,1,1
51,F,0,0,0,2,0
34,F,0,0,10,0,0
30,F,0,0,1,-1,0
52,F,0,0,1,0,1
38,F,0,0,2,2,0
22,F,0,1,0,0,1
43,F,0,0,0,3,1
32,F,1,0,5,55,0
55,F,0,0,0,1,1
26,F,0,0,2,8,1
23,M,1,0,1,0,1
47,F,0,1,0,3,1
28,M,1,0,1,0,0
27,F,0,0,0,0,0
61,F,0,0,2,3,0
26,F,0,0,0,2,1
28,M,1,1,1,0,0
43,F,0,0,0,1,0
33,M,0,0,21,6,0
21,M,1,0,0,0,1
32,M,1,1,0,1,1
22,F,0,0,1,0,0
51,F,0,0,3,0,1
20,F,0,0,2,129,0
35,F,1,0,2,1,1
37,F,0,1,3,29,1
28,M,0,0,0,0,0
41,M,1,0,3,1,0
24,M,0,0,0,1,0
33,M,0,1,3,2,1
30,F,1,1,4,29,1
20,F,0,0,1,6,0
42,F,0,1,1,-1,1
40,F,0,1,15,65,0
39,F,0,0,0,0,0
21,F,0,0,0,3,1
39,F,1,0,2,1,0
24,F,1,0,0,0,1
41,F,0,0,0,0,1
39,F,0,0,1,1,1
24,F,0,1,3,0,1
24,F,0,1,1,0,1
29,M,0,0,0,1,0
25,M,1,0,2,11,0
23,F,1,1,0,1,0
22,F,0,0,1,0,0
26,M,0,1,4,1,0
26,M,0,0,3,205,0
24,M,0,1,3,2,0
44,M,0,0,0,34,1
36,F,1,0,1,18,0
39,F,1,0,10,1,0
42,F,1,0,0,0,1
45,M,1,0,1,1,1
25,F,0,0,7,20,0
33,F,1,0,0,5,1
25,M,1,0,0,3,1
32,F,0,0,5,9,1
23,F,0,0,0,3,1
39,M,1,0,0,1,1
27,F,0,0,12,1,0
35,M,1,1,4,1,1
38,M,0,1,0,0,1
30,F,0,0,4,7,1
30,F,1,0,1,28,1
30,M,1,1,0,0,1
26,F,0,0,18,197,0
31,F,0,0,2,2,1
34,F,0,0,0,108,1
25,M,0,1,0,44,1
26,F,1,1,1,8,1
38,F,0,0,2,9,0
37,M,0,1,0,0,1
34,M,1,0,3,0,1
38,F,0,1,0,25,1
31,M,0,1,0,2,1
29,M,1,1,0,0,1
20,F,1,0,1,15,0
22,F,0,0,0,1,1
51,M,0,1,0,0,1
24,M,0,0,2,0,0
47,F,0,0,0,1,0
36,F,0,1,1,6,0
21,M,0,0,1,1,1
25,M,0,0,3,80,0
23,F,0,0,5,4,0
23,M,0,0,0,0,1
24,M,1,1,0,0,1
35,F,1,0,2,2,0
23,M,0,1,0,0,1
19,M,0,1,0,1,0
32,F,1,0,0,5,0
39,M,1,1,0,0,0
30,F,0,0,12,9,0
33,F,0,0,2,258,1
36,M,1,1,0,0,1
29,F,0,0,8,2,0
40,F,1,1,0,0,1
53,F,0,0,4,1,1
28,M,1,1,0,0,1
38,M,0,0,2,29,1
27,F,0,0,9,1,0
55,F,1,0,0,0,1
22,M,0,0,1,1,1
34,F,0,1,1,2,1
55,M,1,0,1,4,1
24,F,0,0,2,91,1
47,M,0,1,21,21,0
41,M,0,0,0,0,1
41,F,0,0,0,0,1
61,F,0,0,12,241,1
57,F,0,0,3,1,1
38,M,1,1,2,0,1
25,F,1,0,13,5,0
23,F,0,0,0,0,0
23,F,1,0,3,9,1
20,F,0,0,0,0,1
44,F,1,0,1,1,1
38,M,1,1,1,1,1
56,F,0,0,5,597,0
43,F,1,0,2,5,0
22,F,0,0,0,149,0
32,F,0,0,0,1,1
29,F,0,0,0,1,1
22,F,0,0,1,103,0
23,F,0,0,3,44,0
24,F,1,0,1,2,1
45,M,0,0,0,-1,1
21,F,0,0,2,1,1
29,M,0,1,0,1,1
51,M,1,1,0,1,0
36,M,0,0,2,1,0
25,F,0,0,1,0,1
46,F,0,0,13,141,1
62,F,0,0,22,33,0
25,F,0,0,0,0,0
27,F,1,0,2,1,1
22,F,1,1,3,2,0
37,F,0,0,1,2,1
21,F,1,0,0,1,0
39,F,1,1,2,0,0
43,F,0,0,8,1,0
22,M,0,0,0,0,0
28,F,0,1,4,2,1
43,F,1,0,0,0,0
27,F,1,0,7,0,0
27,F,0,0,0,54,0
31,F,1,0,1,1,0
28,M,0,1,0,0,1
58,M,1,0,3,0,1
22,F,1,0,0,6,0
31,F,0,0,5,2,1
33,F,0,0,0,40,1
26,M,0,0,6,1,0
23,M,0,1,1,-1,1
32,F,1,0,11,141,1
22,F,1,0,0,1,1
35,F,0,1,2,1,1
47,F,1,0,1,81,0
35,F,0,0,2,13,1
29,F,0,0,17,1,0
54,M,1,1,1,4,1
29,F,1,0,0,89,1
28,M,0,1,0,0,0
51,F,0,0,17,0,0
36,M,0,1,0,0,1
35,M,1,0,3,9,0
20,F,0,0,1,1,0
25,F,0,0,0,2,1
29,M,0,0,2,1,1
31,F,0,0,0,-1,0
39,M,1,0,0,0,1
30,F,0,0,1,132,0
23,F,0,1,0,0,1
23,F,0,1,1,0,1
37,M,0,1,0,0,1
30,F,0,0,21,0,0
33,F,0,0,18,0,0
20,M,0,0,0,0,0
30,F,0,0,9,8,0
23,F,0,0,1,35,1
27,F,0,1,0,0,0
38,M,0,0,10,0,1
42,F,0,0,1,1,1
31,F,0,0,0,0,1
23,F,0,0,2,6,0
31,F,1,0,1,39,0
43,M,0,0,1,5,0
39,F,1,0,0,5,1
31,M,0,0,0,3,1
22,F,1,0,3,142,0
33,F,0,1,0,2,1
23,F,0,0,1,120,0
29,F,1,1,0,28,1
62,F,1,0,2,3,1
56,F,0,1,1,0,0
24,F,0,1,4,2,0
44,M,1,1,0,0,1
22,F,0,0,2,1,0
28,F,0,1,4,2,0
30,F,0,0,0,0,1
32,M,1,0,1,0,0
51,F,1,0,3,16,1
21,F,0,0,0,2,1
21,F,0,0,2,18,0
27,F,0,0,3,9,0
28,F,0,0,0,0,1
31,F,0,1,0,2,1
33,M,0,0,0,1,0
49,F,1,1,2,0,1
41,F,0,1,2,15,1
20,M,1,0,0,1,1
31,F,0,0,10,181,0
25,F,0,0,5,49,0
23,F,0,0,4,192,0
26,M,1,0,0,2,1
45,F,0,1,6,1,0
28,M,1,0,1,1,1
28,F,0,1,13,32,0
39,F,1,0,0,2,0
59,F,0,0,1,1,0
52,M,0,0,4,4,1
36,M,0,0,1,3,1
30,F,0,0,2,1,0
21,M,0,1,0,0,0
25,M,0,0,2,4,0
22,F,0,0,0,-1,1
61,M,0,0,20,30,0
24,F,1,0,2,32,1
26,F,1,1,2,0,0
34,F,0,1,6,0,1
45,M,0,0,12,3,0
54,F,0,0,4,1,0
51,M,0,0,8,25,1
28,F,0,0,0,0,1
23,F,1,0,0,1,1
30,F,1,0,0,1,0
25,M,0,0,0,1,0
25,F,1,0,2,9,1
28,F,1,0,2,0,1
32,M,0,1,0,-1,0
35,F,0,0,7,28,1
49,M,0,0,0,4,0
36,F,1,0,5,0,0
33,M,0,0,16,33,0
30,F,0,0,1,1,1
58,M,1,1,1,-1,1
22,F,0,0,2,13,1
28,F,1,0,2,2,0
28,M,0,0,0,0,0
26,F,0,0,6,4,0
36,F,1,1,3,1,0
23,F,1,0,0,1,1
22,F,0,0,0,1,0
26,F,0,0,0,1,1
25,F,0,0,1,0,1
40,M,0,0,2,1,1
28,M,0,0,0,0,0
56,F,0,0,1,1,1
36,F,0,0,0,280,1
51,M,1,0,0,1,1
35,F,0,1,9,173,1
24,M,1,0,0,0,0
27,M,0,0,6,1,0
22,F,1,0,2,1,0
23,M,1,1,4,133,0
27,M,1,1,0,-1,0
31,F,0,0,8,0,0
25,F,1,0,3,7,1
52,M,1,1,0,0,1
35,F,0,0,0,0,1
24,F,1,1,0,0,1
57,F,0,0,0,6,1
38,F,1,0,2,1,1
26,M,0,0,1,1,1
20,F,0,0,3,21,0
34,F,0,0,2,1,1
25,M,0,0,11,29,0
24,F,1,1,0,0,1
49,M,1,0,4,17,0
27,F,0,0,15,30,0
28,F,0,0,10,20,0
55,F,1,0,0,0,1
47,M,1,0,3,12,0
55,M,0,0,10,4,0
22,F,0,0,0,1,0
32,F,0,0,9,111,1
55,F,1,0,0,0,1
23,M,0,0,3,6,1
54,F,1,0,2,29,0
40,F,0,0,0,19,1
27,M,0,0,0,1,0
29,F,0,1,5,1,1
45,M,1,1,0,0,1
25,M,0,0,2,64,1
40,F,1,0,4,33,0
38,F,0,0,7,6,0
26,F,0,0,3,13,0
37,F,0,1,0,1,1
41,F,1,0,1,1,1
33,F,0,1,0,0,1
57,F,0,0,1,1,1
34,M,0,0,3,1,1
29,F,0,0,1,1,0
45,F,0,0,8,1,1
22,F,1,0,1,8,1
22,M,0,1,0,0,0
21,M,0,0,0,45,1
56,M,1,0,1,1,1
48,F,0,0,4,0,1
27,M,0,0,1,1,1
27,F,1,0,2,6,0
34,F,0,0,1,4,1
23,F,0,0,5,1,0
47,F,0,0,3,11,0
33,M,0,0,6,1,0
58,F,1,0,1,1,1
33,F,0,1,1,0,1
40,M,0,1,2,100,1
22,F,1,0,0,0,1
39,F,1,0,2,8,1
35,F,1,0,1,0,1
22,M,0,0,0,0,1
43,F,0,0,7,1,0
37,M,0,0,4,0,1
26,F,0,0,2,0,0
60,F,0,0,0,0,1
39,F,1,1,1,7,1
36,M,0,0,16,1,0
21,M,1,0,0,0,0
28,F,0,1,1,1,0
70,F,0,1,0,0,1
53,F,0,0,6,0,1
37,F,1,0,0,0,1
21,F,0,0,1,2,0
28,F,0,0,1,0,1
21,F,0,0,1,156,1
56,F,0,0,0,5,1
30,M,1,0,3,1,1
27,F,1,0,0,47,0
37,F,0,0,6,1,0
27,F,0,0,1,1,1
41,M,0,0,7,1,0
30,M,0,1,7,0,0
32,F,0,0,7,0,0
32,F,0,0,3,0,1
34,F,1,1,5,0,0
46,F,0,0,3,1,1
24,F,0,0,1,0,0
32,F,0,0,7,51,0
43,F,1,0,6,9,0
50,F,1,0,3,11,1
30,F,1,0,4,96,0
37,M,0,0,3,0,1
37,F,0,0,1,1,1
40,M,1,0,3,40,1
53,M,1,1,0,0,1
31,M,0,0,6,1,0
33,M,0,0,4,1,1
22,M,0,1,0,1,1
27,M,0,0,2,0,0
25,M,0,0,5,3,0
24,F,1,0,2,1,1
24,F,0,1,2,3,0
26,F,0,1,1,2,1
26,F,0,1,3,0,0
20,F,1,0,0,1,0
27,M,0,0,4,-1,0
24,F,1,0,1,1,0
26,F,0,0,8,1,0
26,M,1,0,5,5,1
54,F,0,0,0,1,0
64,M,0,0,13,1,1
24,F,1,0,0,1,1
57,M,1,1,0,0,1
46,M,1,1,0,1,1
56,F,0,0,16,0,1
39,M,1,1,0,0,1
68,M,1,0,4,11,1
28,M,0,0,1,1,0
39,M,0,0,19,0,0
38,M,1,0,0,0,1
25,M,0,1,3,1,1
25,F,1,0,2,0,1
21,F,0,0,3,9,0
31,F,1,0,2,16,1
33,F,0,0,3,7,0
26,F,0,0,20,43,0
35,F,0,1,13,2,1
34,M,0,0,19,1,1
41,F,0,0,31,242,0
57,M,0,0,0,0,1
42,F,0,1,1,0,1
26,F,0,0,9,2,0
36,F,0,0,2,2,0
41,F,0,0,24,1,0
27,F,1,0,0,1,1
58,F,0,1,0,1,0
45,F,1,0,3,0,0
34,F,1,0,5,1,1
50,M,0,0,0,0,1
25,F,1,0,6,0,0
24,M,0,0,2,1,0
27,F,0,0,2,83,1
30,M,1,0,2,0,0
22,F,1,0,3,1,0
27,F,0,0,0,0,1
20,F,0,0,0,1,0
41,F,0,0,19,48,0
30,F,1,0,0,0,1
24,F,0,0,3,75,1
39,M,0,0,0,1,1
32,F,0,1,3,0,0
29,F,1,1,0,343,0
37,F,0,0,0,0,0
26,F,0,0,24,0,0
24,F,0,0,2,1,0
30,F,0,0,2,1,1
20,F,0,0,4,376,0
25,M,0,0,1,0,0
31,F,1,1,0,0,0
25,M,0,0,0,-1,0
41,F,1,0,0,1,0
25,F,1,0,0,1,1
25,F,0,0,2,1,0
22,F,0,0,1,0,0
25,F,0,1,0,5,1
38,M,0,0,0,1,1
40,F,0,0,0,64,1
49,M,1,1,4,3,1
35,M,1,1,2,1,1
21,M,0,0,0,1,0
25,F,0,0,0,1,1
21,F,1,0,1,0,1
24,M,0,1,11,77,0
28,F,1,0,3,50,1
34,F,0,0,4,0,0
57,M,0,0,8,5,1
40,F,0,0,15,72,0
22,M,0,0,2,1,0
37,M,0,0,3,0,0
43,F,0,1,0,-1,1
26,F,0,0,5,0,0
24,F,1,0,2,1,0
56,F,1,0,1,0,0
23,F,0,0,2,2,0
43,F,1,0,12,52,1
32,M,0,0,0,1,1
21,F,0,0,0,1,0
51,F,0,0,2,24,1
20,M,0,0,0,11,0
42,F,0,0,17,32,0
58,M,0,0,1,2,1
28,F,0,1,1,0,1
30,M,0,1,2,0,1
28,M,1,0,4,1,0
24,M,1,1,9,8,0
22,F,0,0,1,38,0
50,F,1,0,1,1,1
30,M,0,0,5,1,1
28,F,1,0,0,0,0
21,F,0,0,3,0,0
26,M,0,0,2,-1,1
51,F,1,1,0,1,1
21,F,0,0,1,3,1
29,F,1,0,0,1,0
43,M,1,0,0,0,1
22,F,0,0,1,1,1
52,F,0,0,0,4,0
36,F,0,0,0,0,1
24,F,0,0,0,0,1
26,F,0,0,5,1,1
27,M,0,0,8,0,1
19,M,1,0,0,2,0
26,F,1,0,2,-1,1
29,F,0,1,0,0,1
29,F,1,1,20,56,0
38,F,0,0,1,77,0
34,F,0,0,5,0,1
23,F,0,0,2,1,1
26,F,0,0,0,0,0
29,M,0,1,1,0,1
24,F,0,0,1,0,1
31,F,0,0,1,17,0
50,F,1,0,0,0,1
24,M,0,1,0,0,1
31,F,0,1,0,-1,1
36,F,0,0,13,2,0
32,M,0,0,13,38,0
42,M,0,0,1,17,0
22,F,0,0,0,1,1
26,F,0,0,5,27,0
26,F,0,0,10,1,0
30,M,0,0,3,2,0
53,M,1,0,3,2,0
23,F,0,0,2,2,0
22,F,1,0,0,1,1
27,M,1,0,0,1,1
21,M,0,1,0,0,1
42,F,1,0,2,1,0
31,F,0,0,4,4,0
80,M,1,0,0,0,1
68,M,0,0,6,2,1
23,F,0,0,1,2,1
36,F,0,0,4,2,0
24,F,1,0,0,15,1
21,F,1,0,0,1,0
26,M,0,0,3,1,0
30,F,0,1,8,45,0
36,F,1,0,1,0,1
21,F,0,0,0,34,0
31,M,0,1,1,0,1
20,F,0,1,0,2,0
49,M,1,0,4,4,1
24,F,1,0,0,2,1
20,F,0,0,0,0,0
44,M,1,0,1,1,1
25,F,0,1,1,13,1
41,F,1,0,11,118,0
25,F,0,0,1,0,1
44,M,0,0,0,1,1
33,F,0,0,0,0,1
20,F,0,0,0,1,0
21,F,0,0,1,1,0
44,F,1,0,3,0,1
23,F,0,0,1,9,0
35,M,0,0,0,57,0
41,M,0,1,0,1,1
30,F,0,0,1,21,1
36,F,0,0,7,1,0
26,F,0,0,1,0,0
32,F,0,1,0,0,1
23,M,1,0,0,0,0
43,M,0,1,9,1,1
30,F,0,0,3,0,0
44,F,1,0,1,0,0
39,F,1,0,1,1,1
37,F,0,0,2,1,0
31,F,0,0,6,1,0
63,M,1,0,5,4,1
66,F,0,1,11,5,0
19,F,0,0,2,1,0
24,F,1,0,3,0,1
21,M,1,0,2,27,1
48,F,1,1,0,1,1
37,F,0,0,0,13,1
21,M,0,0,0,1,0
20,M,0,1,0,1,1
64,M,1,1,0,0,1
22,M,1,0,0,0,1
43,F,1,0,8,1,1
25,F,1,0,3,19,0
33,F,1,0,10,117,1
26,F,0,0,1,1,1
33,M,1,1,1,0,1
44,F,0,0,0,2,1
31,F,0,0,0,0,1
50,M,1,0,9,1,0
33,F,0,0,16,6,0
31,F,0,0,1,-1,0
25,M,0,1,0,0,1
43,M,0,1,2,16,1
27,M,0,0,0,0,0
34,M,0,0,2,1,1
44,F,0,0,0,5,1
31,M,0,0,6,0,0
26,F,0,0,2,148,0
20,F,0,0,4,1,0
41,F,0,0,1,0,0
55,M,0,1,0,0,1
29,F,0,0,6,26,1
31,M,0,0,0,1,1
31,F,0,0,11,0,0
52,F,0,0,0,0,1
59,M,1,0,0,1,1
49,M,0,0,1,0,0
36,M,1,0,11,2,0
23,F,0,1,1,0,1
46,F,1,0,26,167,0
59,M,1,0,2,6,0
51,F,0,0,1,6,1
34,F,0,0,0,-1,1
32,F,0,0,0,0,1
54,F,0,0,1,0,1
24,F,0,0,3,0,0
32,M,0,0,0,0,0
22,F,1,0,0,0,0
36,F,0,0,0,0,1
61,M,1,0,0,0,1
38,M,0,1,0,1,1
41,F,0,0,9,9,1
34,M,0,0,2,1,0
32,F,0,0,0,1,1
37,F,1,0,1,8,0
21,F,0,0,4,60,1
57,F,0,0,0,0,0
68,F,0,0,2,0,1
24,M,0,0,0,1,1
46,F,0,0,3,1,0
41,F,1,0,1,57,0
30,F,0,0,0,10,1
25,F,0,0,8,0,0
24,F,0,0,7,0,0
41,F,0,0,1,2,1
55,F,0,0,4,5,1
33,F,1,0,1,3,1
23,F,0,0,0,1,1
47,F,1,1,28,117,0
51,F,1,1,0,1,1
36,M,1,0,1,0,1
57,M,0,0,0,109,1
43,M,0,0,0,0,1
26,F,0,0,4,1,0
47,M,0,0,0,0,1
60,F,0,0,1,0,1
24,M,0,0,0,0,0
20,F,1,0,0,1,0
28,M,1,1,0,0,1
28,F,0,0,7,1,0
58,M,1,0,2,83,0
54,F,0,0,1,2,1
24,F,0,1,2,1,0
34,M,0,1,0,0,1
48,F,0,0,1,21,1
37,F,0,0,0,0,1
28,F,0,0,8,2,0
46,F,1,0,14,0,0
45,M,1,0,2,2,1
20,F,0,0,2,10,0
52,M,0,0,0,0,1
29,M,0,0,0,0,1
34,F,0,0,11,0,0
24,F,0,0,0,22,0
28,F,0,0,6,80,0
28,F,0,0,2,2,0
29,F,0,0,0,0,1
55,F,1,1,2,2,1
68,M,0,0,0,0,1
22,F,0,0,0,2,0
24,F,1,0,3,17,0
20,F,0,0,0,0,1
23,M,0,0,0,32,1
44,F,0,0,6,194,0
34,F,0,0,8,4,0
55,M,0,0,0,0,0
23,F,0,1,0,1,0
23,F,0,1,3,5,0
24,F,0,0,0,6,1
77,M,0,0,0,-1,1
52,M,1,0,3,0,1
34,F,0,0,8,2,0
39,F,0,0,0,0,1
30,M,1,0,2,0,0
30,M,0,0,3,5,0
26,F,0,0,0,-1,0
51,M,1,1,1,1,1
34,F,0,0,2,12,1
23,F,1,0,0,5,1
32,F,1,0,2,0,1
38,M,0,0,8,15,1
21,F,0,0,0,1,0
34,F,0,0,5,1,0
53,M,1,0,8,4,0
34,F,1,0,1,51,1
25,F,1,0,5,1,0
54,M,0,0,1,0,1
25,M,1,0,2,0,0
25,F,0,0,3,1,0
34,M,0,0,1,0,1
46,F,0,0,0,0,0
22,F,0,0,0,0,0
23,F,0,1,2,0,0
27,M,1,0,1,28,0
45,F,0,0,7,1,1
31,F,1,1,9,26,0
45,M,1,0,1,-1,1
28,F,0,0,12,1,1
24,F,0,0,1,0,0
28,M,1,1,6,30,0
41,F,0,0,2,0,1
35,M,0,0,3,0,0
20,F,0,0,1,14,0
32,F,0,0,19,1,0
28,F,0,0,2,31,1
33,F,0,0,7,0,0
26,F,0,0,8,14,0
22,M,0,0,1,0,0
25,F,0,1,4,1,1
21,F,0,0,0,0,0
23,M,1,1,1,0,1
30,F,0,0,2,0,0
25,M,0,0,11,531,0
33,F,0,0,3,11,0
35,M,1,0,3,1,1
34,F,1,0,13,18,0
37,F,0,0,2,0,0
55,F,1,1,0,6,0
43,M,1,0,1,1,1
27,M,0,0,27,0,0
26,F,0,0,7,1,1
42,M,1,1,4,0,0
27,M,0,0,0,0,1
41,F,1,0,1,62,1
21,M,0,0,2,21,0
30,M,0,0,4,1,0
30,F,1,0,1,1,1
45,F,1,1,0,0,0
23,F,0,0,2,7,0
31,F,0,1,2,176,0
40,M,0,0,8,43,0
33,F,0,0,1,0,1
40,M,0,0,11,0,0
56,F,1,0,1,15,1
21,M,0,0,0,1,0
51,F,0,0,4,1,1
36,M,1,0,0,0,1
25,F,0,0,3,0,0
30,M,1,0,0,0,1
21,F,1,1,0,0,1
25,F,0,0,2,0,0
38,F,0,0,0,1,1
41,M,0,0,3,2,0
22,F,1,1,0,1,0
29,F,0,0,8,0,0
21,F,0,0,0,0,0
40,F,0,1,2,1,1
37,F,0,0,2,7,1
37,F,0,1,0,0,1
23,F,0,1,2,1,0
55,F,0,0,0,0,1
19,F,0,0,1,3,0
26,F,1,0,1,1,0
25,M,0,0,0,1,1
39,F,1,0,17,35,0
36,F,1,0,0,0,0
26,M,0,0,6,10,1
51,M,0,0,8,3,0
20,F,0,0,0,30,1
43,M,1,1,0,1,1
22,F,0,0,0,32,0
24,M,1,1,0,0,0
35,F,0,0,2,1,1
55,M,1,0,0,1,1
52,M,0,1,0,-1,1
33,M,0,1,0,7,1
30,F,0,0,0,1,1
32,F,0,0,3,37,0
20,F,0,0,5,1,0
67,F,0,0,8,1,1
31,M,0,0,7,1,1
21,F,1,0,0,28,0
30,M,0,0,4,5,1
55,M,1,0,0,0,1
25,F,0,0,0,1,1
25,F,0,0,0,0,1
27,F,0,0,10,1,0
22,F,0,0,0,0,1
37,F,0,0,8,1,1
68,F,1,0,7,5,0
37,F,1,0,0,0,1
22,M,1,0,5,0,0
30,M,0,0,4,1,1
34,M,0,0,1,2,1
28,M,0,0,0,2,1
37,M,1,0,4,0,0
41,F,0,1,8,65,0
52,M,0,0,0,0,1
36,M,1,0,2,0,1
26,F,1,0,2,1,1
24,F,1,0,0,15,1
27,F,0,0,0,2,1
37,M,1,1,0,0,1
37,F,0,0,1,0,1
23,F,0,0,3,43,0
58,M,1,0,5,2,1
62,M,1,1,1,0,0
41,F,0,1,0,0,1
33,M,0,0,0,0,1
33,M,0,0,0,0,1
33,F,0,0,12,1,0
41,F,0,0,14,0,0
22,F,0,0,0,0,1
26,F,1,0,3,0,0
33,F,1,1,0,1,1
25,M,0,0,0,0,1
37,M,0,0,0,1,0
23,F,1,0,11,3,0
21,M,0,0,0,1,1
45,F,1,0,21,1,0
37,F,1,0,13,1,1
24,M,0,0,2,3,1
35,F,0,0,0,1,1
22,F,0,1,0,6,0
29,F,1,0,10,2,0
41,F,0,0,6,1,0
37,F,0,0,8,0,0
51,F,0,0,19,2,0
26,F,0,1,1,1,0
46,M,0,0,2,3,1
41,F,1,0,0,3,1
31,F,1,0,9,470,0
25,F,0,0,2,0,1
27,M,0,0,1,2,1
31,F,0,0,13,1,0
23,M,1,0,0,0,1
52,M,0,0,7,0,0
29,F,0,0,6,22,0
40,F,1,0,10,4,0
49,F,1,1,0,0,1
49,F,1,0,8,24,1
24,F,0,0,3,0,0
41,M,0,0,7,1,1
27,M,0,1,3,0,0
40,F,0,0,1,0,0
47,M,1,0,0,1,0
20,F,1,1,0,0,0
21,M,0,0,2,35,0
44,M,0,0,8,9,0
41,M,1,0,0,0,1
31,M,0,0,5,0,0
42,M,0,0,1,0,1
67,F,0,1,0,1,1
42,M,1,0,1,-1,1
25,F,0,0,0,34,1
27,F,0,0,6,1,0
43,M,0,0,2,1,1
23,F,1,0,6,5,0
27,F,0,0,13,0,0
23,F,0,0,2,0,1
33,F,1,0,2,1,1
41,M,1,0,0,0,1
31,F,1,1,1,0,1
21,F,0,0,2,28,0
53,F,0,0,5,297,1
36,M,0,0,1,0,1
58,M,1,0,10,0,1
62,F,1,0,0,3,1
25,F,1,0,4,1,1
51,F,0,0,15,34,0
46,F,1,0,2,7,1
28,M,0,0,4,0,0
24,F,1,0,2,2,0
32,F,1,0,6,0,1
23,F,0,0,2,1,0
58,M,1,1,0,0,1
59,F,0,0,8,8,0
20,F,0,0,0,0,0
57,M,1,0,0,-1,0
37,F,1,0,1,-1,0
43,F,0,0,0,0,0
36,M,0,1,1,0,1
59,M,1,0,0,0,1
35,F,1,0,4,31,0
29,F,0,0,5,3,0
21,M,0,1,0,0,1
28,M,1,0,0,1,1
34,M,0,0,5,3,0
42,F,0,1,16,24,1
21,F,0,0,3,1,0
69,F,0,0,1,1,0
49,M,1,1,1,0,1
24,M,1,1,0,0,1
27,F,0,0,4,34,0
55,M,0,1,1,2,1
24,M,0,0,7,2,0
21,F,1,0,1,0,1
28,F,1,0,0,37,0
34,M,0,0,4,0,1
27,F,0,0,2,1,1
37,M,0,0,12,52,1
23,F,1,0,0,0,1
27,F,0,0,5,0,0
50,F,0,0,1,0,1
22,F,0,0,1,2,1
43,F,0,0,1,31,0
29,M,1,0,0,0,0
50,F,0,1,1,1,0
61,F,1,0,1,4,0
34,F,0,0,1,23,1
31,F,0,0,16,0,0
21,F,1,0,0,0,1
23,F,0,0,1,7,0
45,F,0,0,1,0,1
24,M,0,0,1,13,0
30,F,0,0,1,-1,1
32,F,0,0,17,112,0
61,M,1,0,0,6,1
27,M,1,0,3,3,1
41,M,0,0,2,1,1
60,M,1,0,0,1,1
23,M,0,0,1,3,1
40,M,1,0,0,0,1
30,F,1,0,0,6,1
20,F,0,1,0,0,1
48,F,0,0,0,2,1
24,M,0,0,0,1,0
30,M,0,0,5,0,1
20,M,0,1,0,-1,0
25,M,0,0,0,1,1
38,M,1,0,0,0,1
29,F,0,0,0,1,0
38,M,1,1,1,16,0
27,F,0,0,1,0,1
21,M,1,0,0,1,0
24,F,0,0,1,141,1
53,F,1,0,3,197,0
36,F,1,0,4,1,0
64,M,0,0,8,0,0
23,M,0,0,0,0,0
26,M,1,0,3,0,1
48,F,1,0,0,33,1
27,F,0,0,6,1,0
21,F,0,0,0,1,1
20,F,0,0,0,1,0
37,M,0,0,17,45,1
51,F,1,0,8,1,0
47,F,1,0,2,1,0
27,F,0,0,2,39,0
45,F,0,0,16,1,1
41,F,1,0,0,1,0
31,M,1,0,3,1,0
28,F,0,0,9,36,1
39,F,1,0,1,0,1
33,F,1,0,0,0,1
21,F,0,1,1,0,0
48,M,0,0,0,9,1
27,M,0,0,3,37,1
24,F,0,0,0,32,1
24,M,1,1,0,0,1
29,M,0,0,3,1,0
21,F,1,0,0,1,0
31,F,1,1,14,0,1
32,F,0,0,1,2,1
62,M,1,0,0,1,1
39,F,1,0,3,1,0
56,M,1,0,2,16,1
28,F,0,0,6,0,1
26,F,0,1,6,3,0
24,F,0,0,5,6,0
51,M,0,0,0,-1,1
51,F,0,0,1,3,1
28,F,0,0,7,1,1
36,M,0,1,1,1,1
38,M,1,1,0,0,1
23,F,0,0,1,0,1
28,M,1,0,5,26,0
29,F,1,1,7,8,0
38,F,0,1,0,0,1
29,M,0,0,0,1,1
34,F,0,1,1,2,1
29,F,0,0,11,1,0
34,M,0,0,8,1,1
26,F,0,0,6,2,0
58,F,0,0,0,2,1
37,F,0,0,6,23,0
48,M,1,0,0,0,0
30,F,0,0,1,1,0
44,F,0,0,0,2,1
36,F,1,0,5,3,1
29,F,0,1,11,23,0
23,M,0,1,0,0,1
53,F,0,0,3,5,0
35,M,0,0,8,8,1
39,F,1,1,3,1,1
21,F,0,0,1,55,0
26,F,1,1,2,33,0
26,F,0,0,10,1,0
28,M,0,0,8,0,0
21,M,1,1,3,1,0
37,F,0,0,8,14,1
22,F,0,0,12,35,0
28,F,0,0,12,76,0
56,M,1,1,0,0,1
30,F,1,0,0,0,1
27,F,0,0,2,3,1
29,F,0,0,0,1,1
27,F,1,1,6,1,1
43,M,0,0,15,0,0
53,F,0,1,5,1,1
27,F,0,0,6,0,0
26,M,0,0,6,1,1
24,F,1,1,1,0,1
30,F,0,0,0,0,1
56,F,0,0,6,1,0
26,F,0,0,4,0,1
24,M,0,0,3,0,0
30,M,0,0,6,0,0
54,F,0,0,4,1,1
23,F,0,0,0,0,0
25,F,0,0,1,68,0
36,F,0,1,13,33,0
21,F,0,0,1,0,0
26,F,1,0,10,1,0
26,M,1,0,10,0,0
45,F,1,0,0,0,1
47,M,1,0,1,0,1
31,F,0,0,2,1,1
21,F,0,0,0,1,0
28,M,0,1,1,0,0
29,F,1,0,9,1,0
28,F,0,0,2,0,1
25,M,1,1,1,0,0
22,F,0,0,0,1,0
21,F,0,1,0,0,1
48,F,1,0,0,68,0
25,F,0,0,4,169,0
37,F,0,0,7,1,1
31,F,1,0,5,0,0
56,M,0,0,0,7,1
24,M,0,0,0,1,1
30,F,0,0,15,93,0
47,M,1,0,5,4,1
66,M,1,0,2,56,1
51,F,0,0,21,449,0
76,F,0,0,0,1,1
28,F,1,1,3,0,0
35,M,0,0,1,1,1
44,F,0,0,6,2,0
38,F,0,0,7,1,0
24,F,0,0,0,2,1
36,F,1,0,0,0,1
20,F,0,0,0,25,0
21,F,0,0,0,0,0
27,F,0,0,7,34,0
28,F,0,0,18,0,0
52,M,0,0,0,0,0
39,F,1,0,16,35,0
19,F,0,0,0,0,0
40,F,0,0,2,1,1
30,F,1,0,5,2,0
28,F,1,0,0,0,0
27,M,1,0,0,1,1
23,F,0,0,3,3,0
25,F,0,0,7,18,1
24,F,0,1,0,0,1
44,F,1,0,0,4,1
44,F,0,0,0,0,1
23,M,0,1,0,0,1
31,F,1,1,2,1,0
27,F,0,0,0,-1,1
26,F,1,1,1,0,0
57,M,0,0,16,12,0
55,F,1,0,0,0,1
36,F,1,1,7,7,0
30,M,0,0,18,1,0
34,F,0,0,0,33,0
24,F,0,0,1,0,1
21,F,0,0,0,2,0
42,F,0,0,7,0,1
34,F,1,1,12,3,0
30,M,0,0,3,2,1
40,F,1,0,6,0,1
30,F,0,0,13,1,0
31,M,1,0,3,0,0
27,M,1,0,1,31,1
22,F,0,0,0,0,0
37,M,0,0,3,80,1
25,F,0,0,1,0,1
45,F,1,0,2,7,1
22,F,0,0,1,17,0
31,F,1,0,1,0,1
23,F,0,0,0,3,1
21,F,0,0,0,2,1
28,M,0,0,6,5,0
35,F,0,0,0,0,1
29,F,0,0,4,1,0
23,F,0,0,2,1,0
28,F,0,0,7,0,0
34,M,1,1,0,2,0
32,F,1,1,5,4,1
25,F,0,0,2,1,1
34,F,1,0,15,1,1
47,F,0,0,4,0,0
30,F,0,1,4,1,1
22,M,1,0,0,0,0
47,F,0,1,7,0,0
37,F,1,0,3,241,1
37,M,0,0,8,1,1
26,F,0,0,7,2,0
31,M,1,1,0,3,1
20,F,1,0,0,0,0
22,F,0,0,0,50,0
33,F,0,0,14,1,0
30,M,0,0,1,0,1
27,F,1,0,5,6,0
24,M,0,0,2,2,0
20,M,0,1,1,1,1
29,M,0,0,0,1,1
24,F,1,0,0,2,1
36,F,0,1,1,1,1
23,M,0,0,0,0,0
21,F,0,0,1,0,0
29,F,0,0,6,1,0
25,F,0,0,10,7,0
22,F,0,1,1,0,1
29,M,0,0,4,0,1
26,M,0,1,0,6,1
50,M,1,1,7,7,0
32,F,0,0,1,98,1
45,F,0,0,0,1,1
30,F,0,0,1,83,1
25,F,0,0,0,0,1
44,F,1,1,10,5,0
58,F,0,0,0,1,0
24,F,0,0,5,-1,1
20,F,0,0,1,1,0
29,M,1,0,0,0,0
21,F,1,0,1,0,1
46,F,1,1,1,29,1
29,F,0,0,17,15,0
30,F,0,0,0,1,0
55,F,0,0,8,2,0
47,M,1,0,2,27,1
30,F,0,0,13,474,0
24,F,0,0,4,1,0
45,F,1,0,0,1,0
26,M,0,0,2,2,1
42,M,1,1,0,0,1
34,M,0,0,1,2,1
21,M,0,0,0,0,0
69,M,1,1,2,0,1
24,F,1,0,5,5,0
45,M,0,0,1,0,1
25,M,0,0,8,0,0
52,M,0,0,2,10,1
30,F,1,0,0,0,1
26,M,0,1,0,0,1
34,F,0,0,0,1,0
38,M,0,0,2,10,0
23,F,0,0,4,0,0
30,M,0,0,0,0,1
22,F,0,1,0,1,1
35,F,0,0,6,0,1
24,F,0,0,0,0,0
35,M,0,0,1,64,1
25,F,0,0,2,0,1
58,M,1,0,3,-1,1
27,F,0,0,7,2,0
24,F,0,0,6,45,0
33,M,1,0,2,0,1
44,F,1,0,4,1,1
30,F,0,0,3,2,1
39,F,0,1,2,6,1
28,F,1,0,0,0,1
34,F,0,0,1,1,1
26,F,0,0,1,4,0
23,F,0,0,0,2,1
29,F,1,0,11,49,0
31,M,0,0,0,0,1
38,F,0,0,1,0,1
30,F,0,0,14,64,0
21,F,1,0,2,77,0
44,F,0,0,0,1,1
52,F,0,0,0,1,1
30,F,0,0,6,0,0
31,F,0,0,9,0,0
21,F,0,1,2,12,1
77,M,1,0,1,3,1
61,F,1,0,4,118,1
41,M,0,1,0,0,1
24,M,1,1,0,1,1
34,F,0,1,5,1,1
27,F,0,0,1,0,1
25,M,0,0,6,0,0
30,F,0,0,1,0,1
59,F,0,0,0,1,1
55,F,1,0,1,1,0
32,F,1,0,0,4,0
53,M,0,0,5,2,1
50,M,1,0,1,0,1
26,F,0,0,1,2,0
21,F,0,0,2,1,0
36,F,0,0,7,0,0
35,F,0,0,16,191,0
25,M,1,1,0,1,1
31,M,1,1,2,117,1
26,F,0,1,1,1,1
25,M,1,0,0,0,1
32,M,0,0,0,0,1
40,F,1,0,5,0,1
35,F,0,0,0,0,1
27,F,0,0,2,3,1
33,F,0,0,12,2,0
36,F,0,0,1,40,1
30,F,1,0,2,0,1
30,F,0,0,0,3,1
41,F,0,0,19,220,1
29,F,1,1,0,0,1
25,F,1,0,0,-1,1
50,F,1,0,0,2,1
35,F,1,0,4,169,1
37,F,0,0,17,1,0
43,F,0,0,4,25,0
29,M,1,0,12,39,0
61,F,1,1,0,1,1
22,F,0,1,4,2,0
27,F,1,0,2,0,0
34,M,0,1,1,15,1
24,F,0,0,0,0,1
20,M,0,1,0,1,0
30,M,0,0,0,0,1
43,M,0,1,0,1,1
51,F,1,0,4,1,0
37,F,0,0,9,2,1
42,F,0,0,7,1,0
29,F,0,1,1,1,1
24,M,1,1,0,0,1
36,F,1,0,12,13,1
39,F,1,0,0,2,0
32,M,0,0,2,1,1
38,M,0,0,0,-1,1
27,F,0,1,8,3,1
30,F,1,1,0,2,0
43,M,1,1,0,1,0
30,M,0,0,8,0,0
26,M,1,1,1,0,1
37,F,1,0,3,38,1
25,F,1,0,5,0,0
65,F,1,0,1,0,0
52,F,0,0,0,7,0
29,F,1,0,1,0,1
32,F,1,0,3,120,1
36,M,0,0,0,1,0
21,F,0,0,8,243,0
21,F,1,0,1,1,1
47,M,1,0,13,66,0
36,F,0,1,4,0,1
25,F,0,1,6,12,0
32,M,1,0,4,1,0
43,F,1,0,1,1,1
27,F,0,0,2,131,1
26,M,0,0,8,26,0
21,F,0,0,1,22,1
34,M,0,0,0,1,1
46,M,0,0,1,0,1
40,M,0,0,23,31,0
38,M,1,0,3,1,1
41,F,0,0,7,58,1
25,F,1,0,7,43,0
21,F,1,0,1,11,1
74,M,1,1,0,0,1
41,M,1,0,5,0,0
27,M,0,1,0,0,1
30,M,0,0,1,1,1
33,F,1,1,3,1,0
24,M,1,0,2,0,1
52,F,0,0,0,0,1
29,M,1,1,0,-1,1
42,F,1,1,0,1,0
30,F,1,1,1,0,1
33,F,0,0,0,45,1
38,F,0,0,1,4,1
21,F,0,0,2,7,0
41,M,1,1,9,0,0
28,M,0,1,5,2,1
52,F,0,1,3,0,1
21,F,0,0,1,0,1
22,F,0,1,1,2,1
32,F,0,0,3,0,1
25,F,0,0,0,90,0
27,M,0,1,0,1,1
35,F,1,0,0,0,1
40,M,0,0,2,0,1
29,F,0,1,0,47,1
24,M,0,0,2,24,0
24,F,0,0,10,0,0
36,F,0,0,26,117,0
26,F,0,0,5,0,1
50,F,1,0,1,9,1
21,F,0,0,1,0,0
51,M,0,0,0,0,1
24,F,0,0,2,0,0
29,M,0,0,3,1,1
25,M,1,1,0,0,1
38,F,0,0,0,0,0
46,F,1,0,1,10,1
33,M,0,0,9,14,0
31,F,0,0,19,0,0
21,M,0,0,0,4,1
60,M,0,0,1,1,0
39,F,0,1,3,0,0
35,F,0,0,4,11,1
49,F,1,0,12,2,0
26,M,0,0,1,1,1
27,M,1,0,0,2,1
22,F,0,0,2,0,1
29,F,0,1,0,1,0
31,M,0,0,0,1,1
31,F,0,0,5,37,0
29,F,0,1,0,0,1
65,F,1,1,0,0,1
34,M,0,1,1,3,1
24,F,1,0,6,7,1
46,M,0,0,0,1,1
20,F,0,0,0,-1,0
29,F,0,0,16,33,0
29,F,0,0,7,2,1
56,F,1,1,3,0,1
21,F,0,0,0,1,1
40,F,0,0,0,4,0
22,M,0,0,2,54,0
39,M,1,0,0,1,1
22,F,0,0,1,-1,0
27,F,0,1,5,1,0
36,F,1,0,1,0,1
30,F,0,0,0,1,1
36,M,0,0,0,1,1
32,F,0,0,0,2,1
34,F,0,1,5,25,0
23,M,0,0,0,0,1
52,M,1,0,0,0,1
20,F,1,0,1,13,0
38,M,0,0,5,5,1
46,M,1,0,0,0,1
27,F,0,0,0,9,0
20,F,0,0,2,16,0
29,F,1,1,1,1,0
35,F,0,1,7,2,0
37,M,1,0,1,1,0
63,F,1,0,0,0,1
27,F,0,0,1,0,0
27,F,0,0,0,3,1
24,M,0,0,2,0,0
30,F,0,0,1,-1,0
25,F,1,0,4,33,0
27,M,0,0,0,1,1
48,M,0,1,0,9,1
26,M,0,1,1,0,1
58,F,0,0,0,0,1
23,F,1,0,1,19,0
22,M,1,0,3,0,0
41,F,0,0,0,3,1
21,F,0,0,0,0,1
26,M,0,0,0,1,1
39,M,0,1,3,2,1
46,M,1,0,0,0,1
33,F,0,0,7,116,0
36,F,0,0,2,47,0
20,F,0,0,1,5,0
32,M,1,0,0,0,1
38,M,0,0,17,1,0
64,M,0,0,1,0,1
22,F,0,0,1,5,0
69,M,1,0,0,2,0
26,F,0,0,2,0,1
27,M,0,1,1,16,0
22,F,0,0,2,1,1
43,F,1,1,0,0,1
55,M,1,1,0,0,1
34,M,0,0,0,76,1
20,F,0,0,1,2,1
22,M,0,0,1,1,0
33,F,1,0,9,49,0
55,F,1,0,7,0,1
22,F,0,0,1,1,1
55,F,0,0,1,9,1
43,F,1,1,0,1,0
21,F,0,0,0,6,0
23,F,0,0,0,0,1
28,M,1,1,1,0,1
45,F,0,0,0,1,1
39,F,0,0,1,13,1
79,M,1,0,1,1,1
48,F,1,0,1,0,1
20,F,0,0,2,31,0
31,M,0,0,5,0,1
30,M,1,0,4,0,0
32,F,0,0,5,0,0
56,M,1,0,1,3,1
43,M,0,0,2,2,1
20,F,0,0,0,0,1
27,F,0,0,21,35,0
41,M,0,0,0,3,1
24,F,0,0,1,1,1
43,M,0,0,3,1,0
33,F,0,1,1,1,1
22,F,0,0,0,9,1
34,F,0,0,3,1,1
36,M,1,0,0,0,1
69,F,1,0,0,0,1
32,F,1,0,5,0,0
22,F,0,0,1,0,0
46,F,1,0,0,78,1
34,M,1,0,1,1,1
32,M,0,1,0,10,1
39,M,0,0,0,0,1
25,M,0,0,6,1,0
21,M,0,1,0,1,0
63,F,0,0,9,1,0
24,F,1,0,8,0,0
29,M,1,0,2,1,1
20,F,0,0,3,-1,0
40,M,1,1,0,2,1
30,F,0,0,7,0,0
50,F,1,0,5,5,1
37,M,0,0,4,75,0
34,F,0,0,1,-1,1
35,F,0,1,0,1,1
31,M,0,1,1,1,0
23,F,1,0,10,70,1
22,F,0,0,0,32,0
37,F,1,0,2,4,0
20,F,0,0,0,0,1
26,F,1,0,2,0,1
34,F,0,0,12,11,0
59,M,1,0,2,0,0
37,M,1,0,2,12,1
38,F,0,0,0,0,0
45,F,1,0,1,5,0
22,F,0,0,1,36,1
24,F,0,0,3,35,0
25,F,0,0,5,36,1
24,F,0,0,6,1,0
20,M,0,0,1,1,0
32,F,1,1,2,0,0
49,F,0,0,3,0,0
31,F,1,0,11,0,0
58,F,1,0,7,185,0
50,M,0,0,2,0,1
26,F,0,0,11,1,0
20,F,0,0,1,2,1
51,M,1,0,1,1,0
30,M,0,0,2,18,1
39,M,0,0,0,3,1
26,F,0,0,2,33,1
20,M,0,0,0,0,1
26,F,1,1,0,0,1
26,F,0,0,5,2,1
20,F,1,0,0,1,1
28,F,0,0,0,15,0
23,M,0,0,1,0,0
21,M,0,1,0,0,1
25,F,0,0,0,1,0
30,F,1,0,0,1,1
21,F,1,0,2,0,0
20,F,1,0,1,40,0
24,F,1,0,5,18,0
35,F,0,0,22,2,0
27,F,0,1,0,2,0
50,F,1,0,2,9,0
25,M,0,0,5,1,1
31,M,0,0,12,40,0
26,F,0,0,0,1,1
22,F,0,0,0,1,1
29,F,0,0,0,0,1
33,F,0,0,2,0,0
52,F,1,0,1,0,1
37,M,0,0,0,0,0
21,F,0,0,0,0,1
21,F,1,0,1,-1,1
20,F,1,1,0,2,0
43,M,0,0,1,0,0
30,F,1,0,1,1,0
33,M,0,1,3,4,0
24,F,0,0,3,93,1
52,M,0,1,0,0,0
30,F,0,1,11,6,0
30,M,1,1,0,0,1
47,F,0,0,13,0,0
41,M,0,0,9,2,1
21,F,0,0,4,0,0
48,F,1,0,6,5,1
52,F,0,0,2,33,0
34,M,0,1,1,1,1
35,F,1,0,0,1,0
25,F,0,0,1,1,0
24,F,0,0,1,0,0
25,M,0,0,1,0,1
34,F,0,0,20,26,0
25,F,0,0,2,0,0
24,F,0,0,4,0,0
56,F,1,0,6,0,1
23,F,0,0,0,0,1
21,M,1,0,0,1,1
66,M,1,0,0,1,1
28,M,0,0,7,0,1
29,M,1,0,0,-1,1
22,F,1,0,3,2,0
39,F,1,0,0,1,1
33,M,0,0,9,1,0
29,F,1,0,2,0,0
31,F,1,0,1,1,1
22,M,0,0,0,53,1
22,M,1,1,0,0,1
35,F,1,0,3,1,1
29,F,1,0,3,1,0
56,F,1,0,1,0,1
34,F,0,1,0,0,1
23,F,0,0,1,3,0
27,F,0,0,1,0,0
43,F,1,0,2,0,1
38,F,1,0,0,0,1
39,F,1,0,3,0,1
24,F,0,0,1,0,0
26,M,0,0,2,-1,1
55,M,1,1,0,1,1
35,F,0,0,1,0,0
61,F,0,0,25,1,1
33,M,0,0,0,10,1
40,F,1,0,4,1,1
33,F,0,0,3,0,1
26,F,1,0,0,1,0
32,F,1,0,15,90,0
28,F,0,0,0,0,1
45,M,1,0,0,1,1
30,F,1,0,0,37,0
57,F,1,1,4,257,1
26,F,0,0,3,47,0
35,F,0,0,1,0,1
54,F,0,0,0,2,1
29,F,0,1,0,2,1
40,M,1,1,0,1,1
28,F,1,0,1,1,0
25,M,0,1,0,0,1
44,M,0,0,3,2,1
23,F,1,0,4,0,0
29,F,0,0,0,72,1
56,M,1,0,0,0,1
27,M,0,1,0,1,1
29,M,1,1,0,0,1
34,M,1,1,4,0,1
22,F,0,1,0,-1,1
40,F,1,0,5,0,0
31,F,1,0,0,2,1
47,F,0,0,3,1,1
24,F,0,0,8,49,0
39,F,0,0,4,118,1
29,F,0,0,10,0,0
30,F,0,0,2,6,1
26,F,0,1,4,0,0
61,M,0,0,2,0,1
37,M,0,0,3,0,1
38,F,0,0,1,1,0
30,M,0,0,0,1,1
20,M,0,0,0,0,0
56,F,0,0,22,71,0
50,F,1,1,3,0,0
47,F,0,0,0,2,1
30,F,0,0,10,0,0
59,M,0,0,1,62,1
20,F,0,0,1,187,0
23,M,1,0,4,2,0
28,F,1,1,2,0,0
50,F,0,0,3,33,0
35,M,1,0,3,0,0
22,F,0,0,1,5,0
41,F,0,1,0,1,1
22,F,0,0,0,2,1
61,F,0,0,8,0,0
26,F,0,0,5,0,1
44,F,1,0,1,1,1
34,M,0,1,0,1,0
29,F,1,0,1,0,0
29,M,0,0,8,5,1
48,F,0,0,5,0,0
31,M,0,1,0,4,1
21,F,1,0,2,0,1
34,F,1,0,4,0,1
54,F,0,0,21,0,1
20,F,1,0,4,0,1
31,F,1,0,1,36,0
22,M,1,0,0,0,1
36,M,0,0,6,0,1
34,F,0,0,9,0,0
50,M,0,0,15,1,1
47,F,0,0,22,3,0
49,M,0,1,0,1,1
31,M,0,0,1,1,1
49,F,0,0,10,9,0
21,F,0,0,2,36,1
26,F,0,1,5,1,0
29,F,0,0,0,1,1
61,F,0,0,0,0,1
25,F,1,1,2,0,0
38,F,1,0,5,1,1
35,M,1,0,2,0,1
55,F,0,0,8,6,0
32,F,0,0,4,44,0
29,F,1,0,1,2,1
46,F,1,0,0,0,1
53,M,1,0,1,0,1
27,F,1,1,1,25,0
29,F,1,0,4,0,1
26,F,0,0,0,2,0
23,M,0,0,3,0,0
43,M,0,0,3,2,0
24,M,1,0,1,1,1
33,F,0,0,18,1,0
32,M,0,0,1,21,0
38,F,0,1,7,39,0
40,F,0,0,20,1,1
36,M,0,1,1,0,1
34,F,0,0,16,1,0
41,M,1,0,1,2,0
57,F,1,0,7,151,1
26,F,0,0,1,1,1
45,F,0,0,0,0,0
26,F,0,0,2,7,1
48,F,1,1,0,1,1
52,M,1,0,7,0,1
22,F,0,0,2,31,0
43,M,0,1,0,1,1
24,F,1,0,3,35,1
27,F,0,0,11,5,0
23,F,0,0,2,22,1
28,F,0,0,2,0,0
21,F,0,0,0,0,1
33,M,0,0,5,1,0
25,F,0,0,1,1,0
36,F,0,0,17,15,0
25,F,1,1,0,0,1
46,M,1,0,0,0,1
24,F,0,1,0,2,1
28,F,0,0,4,5,0
28,M,0,0,12,1,0
23,M,0,0,0,1,0
24,M,0,0,0,0,1
40,M,0,0,0,-1,1
36,M,0,0,1,0,1
50,M,1,0,1,40,0
24,M,1,0,0,0,1
55,F,0,1,2,1,1
22,F,0,0,0,2,0
38,F,0,0,14,56,1
31,F,0,0,1,1,1
30,F,0,1,3,0,1
37,F,0,0,16,2,0
41,M,1,1,1,29,1
20,F,0,0,0,0,0
21,M,1,0,0,0,0
22,M,1,0,1,8,1
38,M,0,0,7,197,1
31,F,0,0,0,8,1
28,F,1,0,0,53,1
21,F,0,0,2,2,0
39,F,0,0,1,0,1
34,F,0,0,22,1,0
45,M,0,0,0,1,1
24,M,0,0,0,15,0
27,F,0,0,9,0,0
30,F,0,0,0,0,1
43,F,0,0,2,0,1
26,F,0,0,1,0,1
32,F,0,0,7,5,1
57,F,1,1,2,0,1
40,M,1,1,0,0,1
33,F,1,0,6,152,0
30,F,0,0,2,1,0
29,M,1,0,1,11,1
36,M,0,0,2,0,1
35,F,0,0,6,0,0
49,M,0,0,0,1,1
26,F,0,0,5,-1,0
21,F,0,0,2,8,0
49,F,0,0,29,0,0
37,M,0,1,23,-1,0
33,M,0,0,0,0,1
29,F,0,0,3,-1,0
25,F,0,0,1,0,0
20,F,0,0,2,33,0
55,F,0,0,5,300,1
26,M,1,0,0,1,1
52,F,1,1,6,6,1
52,F,0,0,16,0,0
27,F,0,0,1,2,0
60,M,1,0,2,10,1
44,M,1,0,0,2,1
30,F,0,0,1,17,1
25,M,0,1,2,0,1
20,F,1,1,4,2,0
28,F,1,0,3,37,0
22,F,1,0,1,11,1
24,F,1,0,1,0,0
28,F,0,1,0,191,1
35,F,0,0,10,22,0
30,M,1,0,0,0,1
22,F,0,0,0,7,0
39,F,0,0,9,0,1
46,F,0,1,1,0,1
47,M,0,0,3,3,1
26,M,0,0,5,323,1
23,F,0,1,0,25,1
52,F,0,1,0,0,0
22,M,0,1,0,0,0
54,F,1,0,0,2,1
50,M,0,0,2,30,1
20,F,0,0,2,1,0
25,F,1,0,1,0,1
46,F,1,1,0,0,1
22,M,1,0,0,1,1
38,F,1,0,10,-1,0
36,F,0,1,9,0,0
34,F,0,1,5,9,0
18,F,0,0,4,23,0
26,F,1,1,3,1,0
23,F,1,1,0,11,1
32,M,0,1,8,7,0
44,M,1,0,1,0,0
53,F,1,0,9,117,0
27,F,0,0,4,0,0
25,F,1,0,2,0,1
19,F,1,0,1,8,0
53,F,1,0,0,11,1
39,M,0,0,0,0,1
37,F,0,0,2,51,0
27,F,0,0,6,0,0
21,F,0,1,2,1,0
24,F,0,1,7,1,1
33,M,1,0,0,1,1
24,M,1,1,1,0,1
46,F,1,0,1,0,1
32,F,0,0,7,1,1
24,F,0,0,2,9,1
38,F,1,1,0,2,1
30,F,0,0,13,2,0
26,M,0,0,27,10,0
57,F,1,0,2,9,1
43,F,1,0,0,2,1
22,M,0,0,0,0,1
28,M,0,1,9,12,0
51,F,1,0,3,6,1
41,F,0,0,3,1,1
24,F,1,0,1,1,1
48,F,0,0,3,1,0
26,M,1,0,0,1,0
31,F,0,0,6,0,0
27,M,0,0,6,1,1
25,M,0,0,0,0,1
56,M,1,0,3,0,1
29,M,0,1,1,1,1
30,F,1,1,3,0,0
21,F,0,0,0,2,1
22,F,1,0,1,0,0
28,M,0,1,0,0,1
35,F,0,0,2,-1,1
23,F,1,0,0,1,1
48,F,0,0,4,0,1
22,M,1,0,4,2,0
37,F,0,0,2,169,1
33,F,0,0,0,0,1
23,F,0,0,5,1,0
22,M,0,0,0,0,0
24,F,0,0,0,0,1
44,M,0,0,2,5,1
26,M,0,1,0,0,1
29,F,0,0,2,1,1
26,F,0,0,0,0,1
30,M,1,0,1,0,1
23,F,0,0,1,3,0
42,F,0,0,1,1,1
28,F,0,1,0,2,0
20,F,0,0,0,11,1
24,M,1,1,7,1,1
36,F,0,1,6,0,0
37,F,0,0,6,0,0
21,F,0,1,1,4,1
27,F,0,0,8,25,0
26,F,0,0,2,0,0
42,M,1,0,0,6,1
23,F,0,0,8,2,0
55,M,1,1,0,0,1
24,F,1,0,1,3,0
23,M,0,0,0,0,1
64,F,0,1,0,4,1
48,M,0,0,0,1,1
39,F,0,1,0,57,0
30,M,1,0,0,0,1
22,M,0,1,1,-1,1
20,F,0,0,2,58,0
21,F,0,0,0,4,0
24,F,1,0,0,0,1
30,M,0,0,3,206,1
51,F,0,0,12,151,0
21,F,0,0,1,1,0
31,F,0,0,1,0,1
23,M,0,0,2,3,0
23,M,0,0,0,1,1
32,F,0,0,4,1,0
28,F,0,0,11,2,0
24,F,0,0,0,1,1
19,F,0,1,1,2,0
31,M,0,0,1,0,1
29,F,0,0,3,0,0
41,F,0,0,6,39,0
28,M,0,0,4,34,0
29,F,1,0,6,0,0
49,F,1,0,0,1,1
42,M,1,0,0,-1,1
38,M,0,0,4,0,1
22,F,0,0,3,16,0
46,M,1,0,0,37,0
38,F,0,0,0,1,0
36,F,0,0,0,0,1
22,F,1,0,6,0,0
29,M,0,0,11,0,1
39,M,0,0,2,1,1
47,M,1,0,0,2,1
26,F,0,0,7,1,0
21,F,0,1,0,4,0
63,M,0,0,2,1,1
27,F,0,0,2,0,0
55,M,1,0,27,1,1
54,M,0,0,2,1,0
26,F,1,0,0,1,0
37,M,1,0,1,0,1
34,F,0,0,0,1,1
48,F,0,1,4,1,0
25,F,0,0,2,49,0
57,F,0,0,0,0,1
21,F,0,0,0,1,0
32,F,0,0,8,1,1
25,F,0,1,5,0,0
33,F,0,1,2,2,0
26,F,0,0,2,21,0
29,M,0,0,2,3,1
28,M,1,0,6,1,0
53,F,0,0,20,3,1
57,M,0,0,1,1,1
27,F,1,0,0,43,1
48,F,1,0,0,1,1
29,M,0,0,0,3,0
25,M,1,0,1,3,0
67,F,1,0,0,1,1
29,M,0,0,2,0,1
53,F,0,1,3,2,1
49,F,0,0,0,0,1
44,M,1,1,0,0,1
55,F,0,1,0,0,1
26,F,0,0,10,2,0
46,M,0,0,0,0,1
30,F,1,0,1,0,0
48,F,0,1,0,9,0
77,M,0,0,1,2,0
21,F,0,0,2,1,0
54,F,0,0,4,3,0
54,F,1,0,3,0,1
26,F,0,0,15,42,1
23,F,0,0,8,255,0
39,F,1,0,2,18,1
35,F,0,0,13,4,1
29,M,0,0,1,0,0
30,M,0,0,9,1,0
41,F,0,0,6,6,1
32,M,0,0,1,115,1
48,M,0,0,12,-1,1
52,M,0,0,0,4,0
31,F,0,0,3,-1,0
22,F,1,0,1,1,0
46,M,1,1,0,-1,1
29,F,0,0,7,1,0
22,F,0,1,0,0,1
39,F,0,0,8,40,1
35,F,0,0,9,1,1
26,M,0,0,1,14,1
27,F,0,0,1,-1,1
27,F,0,0,5,28,0
34,F,1,1,10,13,0
32,M,0,1,0,0,0
25,F,0,0,5,4,0
22,M,1,0,2,24,0
52,F,0,0,7,117,0
21,F,0,0,2,0,0
28,F,0,0,11,1,0
26,F,0,0,0,0,1
23,M,1,0,4,7,0
31,M,0,0,1,1,1
34,M,1,0,1,0,1
32,M,0,0,0,0,1
50,M,1,1,0,0,0
27,M,0,0,1,0,1
26,F,0,1,4,2,1
27,F,0,0,4,1,0
29,F,1,0,0,0,0
58,M,0,0,0,1,1
27,F,0,0,14,1,0
28,F,0,0,5,0,0
24,F,0,0,15,2,0
50,M,1,0,0,1,1
30,F,0,1,15,-1,0
46,F,0,0,0,1,1
43,F,1,0,0,1,0
24,F,1,0,0,0,0
34,F,0,0,10,1,1
26,F,1,0,2,3,1
31,F,1,0,0,0,1
23,F,0,0,1,22,0
39,F,0,0,0,18,1
50,F,0,0,4,0,0
22,M,0,1,0,1,1
25,M,0,1,0,0,1
21,F,0,1,2,1,1
20,F,1,0,1,0,1
54,M,0,0,12,118,0
27,F,0,1,2,4,0
45,F,1,0,5,1,0
34,F,0,0,13,1,0
55,F,1,1,0,1,1
24,M,0,0,0,0,1
20,F,0,0,0,0,0
37,M,0,0,5,6,0
34,M,1,1,1,1,1
41,F,0,1,2,23,0
21,F,0,0,1,0,0
22,F,0,0,3,8,0
24,F,0,0,0,1,1
42,F,1,0,8,1,1
23,M,0,1,0,0,0
20,M,1,0,0,3,1
44,F,1,1,0,0,0
20,M,0,0,0,1,1
27,M,0,0,5,0,1
20,M,1,0,0,0,0
20,F,0,0,0,0,1
28,F,1,0,1,30,0
29,F,0,0,9,4,0
21,F,0,0,0,1,0
24,F,0,1,2,57,0
21,F,0,0,0,-1,0
24,F,0,1,0,0,1
23,F,0,0,3,6,0
27,F,1,0,0,12,1
24,F,1,0,0,0,1
31,M,0,0,6,48,0
22,F,0,0,0,5,0
54,F,1,0,0,0,1
35,F,0,1,7,1,0
53,F,0,1,0,1,1
26,M,0,0,9,1,0
48,M,0,0,7,4,0
56,M,0,1,2,0,0
25,F,0,0,6,0,0
49,F,1,1,0,-1,1
34,M,1,0,0,29,0
21,M,0,0,0,1,0
23,F,1,0,0,1,0
57,F,1,0,0,-1,1
25,F,1,0,5,35,0
42,F,0,1,1,0,1
51,F,0,0,1,0,1
31,M,0,0,5,1,1
53,M,0,0,13,1,1
43,F,0,1,6,0,1
34,F,0,0,0,1,1
27,F,1,1,2,0,0
51,M,0,0,0,5,1
26,M,1,0,1,0,1
47,F,0,0,5,2,1
22,F,1,0,0,0,1
36,F,1,1,0,1,1
36,M,0,1,1,1,1
41,F,1,0,4,0,0
25,M,0,0,6,0,1
31,F,0,1,2,1,0
33,M,1,0,0,0,1
44,F,1,1,3,11,0
46,F,1,0,0,0,0
28,F,0,1,1,0,1
28,F,0,0,5,170,0
66,F,0,0,5,0,0
20,M,1,0,0,-1,1
27,F,0,0,2,0,1
24,F,0,1,0,1,1
25,F,0,0,3,5,0
39,F,0,1,1,62,1
41,F,0,1,7,1,0
26,F,0,0,0,1,1
25,M,0,0,2,0,0
55,M,0,0,0,0,1
22,F,0,0,2,6,0
29,M,0,1,2,-1,0
25,F,0,0,7,0,0
50,F,0,0,5,3,0
20,M,1,1,0,0,0
56,M,1,0,5,0,1
25,F,0,0,5,0,0
48,F,0,1,1,0,1
21,F,0,0,1,1,1
31,M,1,0,2,33,0
35,M,1,0,0,0,1
25,M,0,0,6,39,0
34,F,0,0,2,0,0
32,F,0,0,0,24,1
31,F,0,1,1,33,0
44,M,0,1,0,1,1
31,M,0,0,11,1,0
28,M,0,0,3,8,0
27,F,0,1,10,14,0
24,F,0,0,0,6,0
49,F,1,0,0,0,1
40,F,1,1,0,0,1
22,M,0,0,4,0,1
28,F,0,0,5,3,0
24,F,0,0,2,0,0
49,M,1,0,1,0,1
33,M,1,0,0,23,0
44,F,1,0,0,21,0
41,F,0,0,12,0,0
46,F,1,0,0,1,1
57,M,0,0,2,0,1
32,F,0,0,0,0,1
36,M,0,0,1,1,1
30,M,0,0,1,0,1
28,M,0,0,0,5,1
31,M,1,0,3,0,0
29,F,0,0,8,6,0
21,M,0,0,1,15,1
23,F,0,0,5,1,0
27,M,0,0,0,0,1
25,F,1,0,4,1,1
49,F,0,1,25,9,0
35,F,0,0,2,0,1
35,F,0,0,0,87,0
25,M,0,1,1,1,0
32,M,0,0,2,0,0
35,F,0,0,9,1,1
32,M,0,0,0,0,1
23,M,0,1,0,0,1
23,F,0,0,4,31,1
26,M,0,1,0,1,1
31,F,0,0,9,0,0
22,M,0,0,0,1,0
20,F,1,1,0,18,0
24,F,0,0,1,0,1
37,M,0,0,0,0,1
29,F,0,0,0,1,1
34,F,0,0,0,2,1
29,F,0,0,9,1,0
49,F,1,0,3,0,1
31,F,0,0,2,0,1
59,M,1,0,0,0,1
39,M,0,0,2,1,0
23,F,0,0,1,0,1
27,F,0,0,3,0,0
22,F,0,0,1,4,1
21,F,1,0,0,0,0
36,F,0,0,0,0,1
30,F,0,0,10,7,0
31,M,1,0,3,0,1
29,M,0,1,0,0,1
47,M,0,0,5,0,0
26,F,1,0,0,1,1
24,M,0,0,0,0,1
43,F,0,0,1,0,1
27,F,0,0,11,3,1
28,F,1,0,4,190,1
33,F,0,1,0,0,1
54,F,1,0,3,8,0
57,M,1,0,0,1,1
30,F,0,0,2,16,1
27,M,0,0,0,1,1
31,F,0,1,4,0,1
29,F,1,0,0,0,1
29,M,0,1,0,1,0
33,M,0,0,2,4,1
22,M,0,0,0,1,1
35,M,0,0,0,1,0
29,F,0,0,2,1,0
30,F,0,0,14,5,1
27,F,0,0,2,0,0
63,M,1,1,0,0,1
27,F,0,0,6,0,0
34,M,0,0,3,0,1
36,F,1,0,0,37,0
21,F,0,0,0,1,1
23,F,1,0,1,1,1
40,F,0,0,1,75,1
30,M,0,0,3,1,0
41,M,0,0,1,1,1
56,M,1,0,0,0,1
23,F,0,0,1,1,0
61,M,0,0,14,1,1
22,F,0,0,0,10,0
20,F,0,0,0,1,0
49,F,1,0,2,91,0
31,F,0,0,6,25,1
50,F,0,0,7,1,0
31,M,0,1,3,0,0
32,F,0,0,4,3,1
44,F,0,0,0,0,0
56,M,0,0,0,1,1
62,M,0,0,0,0,1
43,F,0,0,3,1,0
24,M,0,1,1,0,0
41,F,0,0,13,0,0
23,M,1,0,0,0,1
53,M,0,0,0,0,1
67,M,1,0,0,42,1
38,M,0,0,0,1,1
40,F,0,0,1,1,1
20,F,0,0,0,0,0
45,F,0,1,1,2,1
29,M,0,0,3,60,0
32,M,0,0,0,0,1
34,F,1,1,0,0,0
39,F,0,1,0,1,1
29,F,0,0,0,1,1
46,F,0,0,4,8,1
31,M,0,0,9,27,0
24,M,0,0,1,0,1
28,F,0,0,1,0,0
25,M,0,1,0,1,0
24,M,0,1,0,1,1
29,F,0,0,5,258,1
28,F,0,0,3,165,0
36,F,1,0,1,0,1
25,M,0,0,2,2,1
29,F,1,0,0,13,1
26,F,1,1,1,3,1
23,F,0,0,3,1,0
20,F,0,0,1,35,0
32,F,0,0,4,1,0
29,F,0,0,1,2,1
26,F,1,1,0,0,1
35,M,1,0,0,0,0
23,M,0,0,0,0,0
46,M,1,1,0,0,1
41,F,1,0,0,1,1
22,M,1,0,0,0,0
27,M,0,0,7,27,0
38,M,0,1,0,1,1
24,F,0,1,1,0,0
27,F,0,0,10,1,0
22,M,1,0,1,24,1
26,M,0,0,3,2,0
26,M,1,0,7,68,1
29,F,1,0,3,1,0
42,F,0,1,17,8,0
30,M,0,0,0,0,1
34,F,1,0,1,0,1
23,M,1,0,3,1,1
47,M,1,1,0,0,1
55,M,1,0,2,13,1
30,M,0,0,0,1,1
43,F,0,0,2,-1,1
45,F,0,0,38,121,0
30,M,0,0,0,1,1
61,F,1,1,15,0,1
49,F,1,0,0,0,1
49,M,0,0,1,-1,1
42,F,0,0,1,0,1
24,M,0,0,1,24,1
51,F,1,0,0,1,1
32,M,0,0,6,9,0
26,F,1,0,2,19,0
28,F,1,0,2,42,0
49,F,0,0,2,1,1
56,F,1,0,1,35,1
53,M,1,0,8,5,1
27,M,0,0,2,1,0
34,F,0,0,17,39,0
41,M,1,0,3,0,1
45,F,0,0,6,1,1
21,F,0,1,0,77,1
27,M,1,0,2,1,0
21,F,0,0,0,13,1
31,F,1,0,0,81,1
45,M,0,1,0,1,1
30,F,0,0,8,0,1
43,M,0,0,1,0,0
23,F,0,0,0,0,1
52,F,1,0,1,0,1
48,M,0,0,11,56,0
51,M,0,1,3,0,1
30,M,1,0,1,1,0
29,F,0,1,5,8,0
44,F,0,1,0,0,1
34,F,0,0,12,1,0
25,F,0,1,0,0,1
28,F,0,0,5,2,0
28,F,0,0,9,43,0
37,M,0,0,0,0,1
34,F,1,1,0,1,1
23,M,0,0,3,9,0
71,M,1,0,3,0,1
45,M,1,0,2,0,1
33,F,0,1,5,2,0
29,M,0,0,0,1,1
36,F,0,0,5,0,1
52,F,0,0,17,29,0
42,F,0,0,1,51,0
21,M,0,0,0,3,1
29,M,1,0,2,1,1
54,M,1,0,0,1,1
27,F,1,0,0,0,0
29,M,1,0,1,0,1
25,F,0,1,14,0,1
62,M,0,0,0,1,1
23,M,0,1,2,1,0
22,F,0,0,1,1,0
65,F,1,1,1,1,1
31,F,0,0,15,91,0
31,F,1,0,0,0,1
21,F,0,0,0,5,1
27,F,0,0,17,1,0
33,F,1,0,1,20,1
25,F,0,0,3,1,1
39,F,1,0,1,0,1
29,M,0,0,8,1,0
27,F,0,0,15,48,0
42,F,1,1,0,1,1
21,F,1,0,0,0,1
27,M,0,0,5,6,0
36,M,0,0,2,46,0
24,F,0,1,0,0,0
67,M,1,1,0,0,1
29,F,0,0,4,3,0
39,F,0,0,3,34,0
41,M,0,0,1,0,1
25,F,0,1,1,4,1
40,F,1,0,8,6,0
37,M,0,0,4,1,0
42,F,0,1,8,1,0
26,F,0,0,8,1,0
23,M,0,0,1,178,1
31,M,1,1,1,1,0
26,F,1,0,4,2,0
51,M,1,0,2,0,0
67,M,1,0,0,0,1
27,F,0,0,10,0,1
26,M,1,1,1,1,1
55,M,0,0,3,69,0
31,F,0,0,0,67,1
28,M,1,0,0,0,1
51,M,1,1,0,0,1
28,F,0,0,13,1,0
22,F,0,0,0,1,0
26,F,0,0,2,2,0
27,F,0,1,1,2,1
32,M,0,0,5,1,1
36,F,0,0,11,36,0
27,M,0,0,4,1,1
41,F,1,0,1,1,0
24,M,0,0,12,17,1
61,F,0,0,11,1,1
29,F,1,1,3,0,1
34,F,1,0,11,1,1
45,F,1,0,0,1,1
21,F,1,0,3,1,0
28,F,0,0,20,0,0
31,F,1,0,6,3,1
59,M,1,0,0,0,0
40,M,0,0,8,0,0
22,M,1,1,1,17,1
21,M,0,0,1,1,0
25,F,1,0,2,1,0
25,F,0,1,1,1,1
47,M,0,0,3,7,0
21,M,0,0,5,1,0
29,F,0,0,1,3,0
40,F,1,0,4,0,0
32,F,0,1,1,0,1
39,M,1,0,0,0,1
22,F,0,0,3,2,1
30,M,0,1,0,0,0
25,M,1,0,0,0,1
21,M,1,1,0,2,0
25,M,1,0,0,21,0
27,M,0,0,5,37,0
45,M,1,0,4,4,0
32,F,0,0,4,1,0
22,M,0,0,0,1,0
23,F,0,0,6,84,0
44,F,0,1,6,2,1
59,F,0,0,20,198,0
23,F,0,0,0,1,1
46,F,1,0,0,0,1
33,F,1,0,2,14,1
30,M,0,0,1,0,0
40,F,1,1,3,0,0
54,F,1,0,7,0,1
21,M,1,0,0,1,1
43,M,1,0,6,0,0
22,M,0,0,0,3,1
31,F,0,0,0,-1,1
32,F,0,0,6,130,0
27,F,0,0,4,3,0
21,M,0,0,1,1,1
23,M,1,0,0,0,1
33,M,0,0,3,114,0
64,M,0,0,0,1,1
42,F,0,1,0,281,1
20,F,0,0,0,0,1
26,M,1,0,1,1,1
30,F,0,0,18,61,0
23,M,0,0,0,1,0
23,F,0,0,10,4,0
60,F,0,0,13,2,0
46,F,0,0,2,64,0
56,M,1,0,0,-1,0
45,F,0,1,0,0,1
26,F,0,0,4,0,0
47,M,0,1,4,0,1
29,F,0,1,7,1,0
32,F,0,0,9,56,1
23,F,0,0,0,0,1
29,F,0,0,10,29,0
33,F,0,0,11,1,0
22,F,0,0,1,21,0
28,F,0,1,1,0,1
36,F,1,0,0,36,1
32,F,0,0,1,0,1
24,F,0,0,0,2,1
33,M,0,0,9,2,0
46,M,0,0,2,1,1
31,M,1,0,9,1,0
49,F,1,0,3,34,0
24,F,0,0,0,-1,0
57,F,0,0,28,2,0
36,F,0,0,14,2,0
43,F,0,0,23,102,1
42,M,0,0,0,6,1
32,F,1,0,4,0,0
26,F,1,0,1,5,1
74,M,1,0,0,1,1
24,F,0,0,3,1,0
24,M,0,1,1,0,1
22,F,0,0,0,1,1
33,M,0,0,2,1,1
22,M,0,0,1,0,0
50,M,1,0,4,26,1
28,F,1,1,7,6,0
35,F,0,1,5,7,0
33,F,0,0,0,0,0
36,M,0,1,1,0,1
28,F,0,0,2,1,0
63,F,0,0,1,1,1
69,F,1,1,5,1,1
41,F,0,0,18,299,0
44,M,1,0,1,0,1
29,F,0,1,0,0,1
52,M,1,1,0,1,1
23,F,0,0,1,1,0
22,M,0,1,0,0,1
26,F,1,0,0,0,1
24,M,0,0,0,20,0
45,M,0,0,4,3,1
22,F,0,0,0,0,0
24,F,0,0,4,3,0
26,M,0,1,1,5,1
47,M,0,0,0,1,1
26,F,0,0,0,0,1
36,F,0,0,9,0,0
33,M,1,0,2,1,0
52,M,1,0,1,1,1
51,F,1,0,0,-1,1
47,F,0,0,7,57,0
38,M,1,0,1,0,0
67,F,1,0,1,0,1
47,F,0,0,1,0,1
66,M,1,0,0,1,1
39,F,1,0,0,1,1
49,M,1,1,2,82,1
45,M,0,1,9,75,1
22,M,0,0,1,0,1
46,F,1,1,7,3,0
29,F,0,0,15,1,0
28,M,0,0,2,2,0
22,F,0,1,0,1,0
20,F,0,0,1,4,0
34,F,1,0,5,1,1
22,F,0,0,8,39,0
25,M,1,0,3,172,0
34,F,0,0,1,0,1
34,F,1,0,1,1,1
54,F,0,0,10,0,0
51,F,0,0,0,1,0
36,F,1,1,5,0,0
20,F,0,0,2,52,0
30,F,0,0,8,54,0
44,M,0,0,0,1,0
23,F,0,1,1,28,0
40,F,1,0,0,1,1
27,M,1,1,0,0,0
23,F,0,0,2,2,1
25,F,0,0,3,1,0
47,M,0,0,14,31,1
27,F,0,1,3,2,0
38,M,0,0,16,33,0
27,M,0,0,0,5,0
24,M,0,0,0,0,1
30,F,1,0,4,4,0
33,M,0,0,4,17,0
29,F,0,1,2,10,0
38,M,0,0,0,1,1
56,F,0,0,31,0,0
26,F,0,0,0,2,1
28,F,0,1,5,0,1
43,M,0,0,5,14,1
29,F,0,0,2,1,0
22,F,0,0,1,0,0
74,F,1,0,2,9,1
47,F,0,0,4,64,0
42,F,1,1,4,4,0
43,M,1,1,0,0,1
28,M,0,1,6,2,0
24,F,0,1,0,0,1
26,F,0,0,2,199,0
56,M,0,0,0,0,1
47,M,0,0,3,5,0
49,F,1,0,0,1,1
36,M,0,1,1,0,1
24,F,1,1,1,3,1
30,F,0,0,3,2,0
28,F,1,0,11,1,1
50,F,0,1,1,0,0
39,F,0,1,1,2,0
26,F,0,1,4,0,0
56,F,0,0,4,16,1
58,M,1,0,8,1,1
33,F,0,0,3,0,1
31,F,0,1,9,0,0
25,M,1,0,5,10,1
25,M,1,0,7,3,0
20,F,0,0,1,109,0
30,F,1,1,3,0,1
29,F,1,0,14,0,0
31,M,0,0,1,117,1
21,F,0,0,0,0,0
44,F,0,0,11,1,0
30,F,1,0,2,63,1
35,M,0,0,12,1,0
34,F,1,0,4,1,1
26,M,0,0,2,0,1
51,M,1,0,4,0,1
36,M,0,0,0,2,1
26,M,1,0,3,0,0
21,F,0,0,1,29,1
59,M,0,0,5,151,1
29,F,0,0,7,4,0
28,F,0,0,1,0,1
37,F,0,0,4,1,1
41,M,1,0,0,0,1
31,M,0,0,7,1,0
23,F,0,0,0,1,0
54,M,1,1,1,1,1
30,M,1,0,2,6,1
28,M,1,0,0,1,0
22,M,0,0,0,2,1
21,F,0,0,0,1,0
27,M,0,0,1,16,1
61,M,0,0,4,2,0
60,M,1,0,0,3,0
22,M,0,0,0,0,1
22,F,1,1,1,0,1
49,F,1,1,3,0,1
61,M,1,1,1,-1,1
51,M,0,0,7,3,0
49,F,1,1,2,10,1
24,F,0,1,0,0,0
36,M,1,1,4,2,0
42,F,1,0,5,31,1
36,F,0,0,9,57,1
57,F,1,0,14,19,0
36,M,1,0,0,0,1
34,M,0,0,3,2,0
24,M,0,0,2,33,0
32,F,1,0,0,0,1
25,F,0,0,1,8,1
30,M,1,1,2,1,0
35,M,0,0,8,62,0
43,M,0,0,0,1,1
28,F,0,0,1,0,1
32,F,0,0,4,0,1
23,F,1,0,0,2,1
20,M,0,1,0,4,0
30,F,0,0,19,9,0
26,F,0,0,0,173,1
44,F,0,0,0,1,1
30,M,0,0,2,5,1
21,M,1,0,0,3,0
30,M,0,0,0,0,0
20,F,0,0,0,0,1
23,F,0,0,0,1,1
23,F,0,0,0,1,1
57,F,0,0,0,1,1
33,M,0,1,3,1,1
23,F,0,1,2,1,0
