Age,race(,sex(,Priors_count,Length_of_stay,Unrelated_column_one,c_charge_degree_F,c_charge_degree_M,predicted,ytest,samples,fold,model_num
50,0,0,11,2,0,1,0,0,1,1235,1,7
33,1,0,1,3,0,1,0,1,1,1235,1,7
24,0,1,0,0,1,1,0,0,1,1235,1,7
21,1,0,0,0,1,0,1,1,0,1235,1,7
45,0,0,0,1,1,0,1,0,1,1235,1,7
66,1,0,1,19,0,0,1,1,1,1235,1,7
28,0,1,3,1,0,1,0,0,1,1235,1,7
36,1,0,0,24,1,1,0,1,1,1235,1,7
41,0,1,0,1,1,1,0,0,1,1235,1,7
24,0,0,1,1,0,0,1,0,1,1235,1,7
39,1,0,0,0,0,0,1,1,1,1235,1,7
45,0,0,0,1,1,0,1,0,1,1235,1,7
21,0,0,0,1,1,1,0,0,0,1235,1,7
27,0,0,9,0,1,1,0,0,0,1235,1,7
30,0,0,9,50,0,1,0,0,0,1235,1,7
21,1,0,2,77,0,1,0,1,0,1235,1,7
28,1,1,0,2,1,1,0,1,1,1235,1,7
42,1,0,2,1,1,1,0,1,1,1235,1,7
42,1,0,0,0,0,1,0,1,0,1235,1,7
42,0,0,9,0,1,1,0,0,0,1235,1,7
28,1,0,2,1,1,0,1,1,1,1235,1,7
34,0,0,9,17,1,1,0,0,0,1235,1,7
37,0,0,7,197,0,0,1,0,1,1235,1,7
69,0,1,0,-1,1,0,1,0,1,1235,1,7
21,0,0,3,0,1,1,0,0,0,1235,1,7
51,1,1,0,1,1,0,1,1,1,1235,1,7
24,0,0,5,6,0,1,0,0,0,1235,1,7
42,1,1,0,0,1,1,0,1,0,1235,1,7
56,1,1,10,41,0,1,0,1,0,1235,1,7
24,0,0,2,241,0,1,0,0,0,1235,1,7
29,0,0,6,0,1,1,0,0,0,1235,1,7
31,0,1,0,0,0,1,0,0,0,1235,1,7
22,0,0,1,17,0,1,0,0,0,1235,1,7
39,0,0,21,0,0,1,0,0,0,1235,1,7
26,0,0,5,323,0,0,1,0,1,1235,1,7
51,1,0,3,1,0,1,0,1,0,1235,1,7
35,0,0,1,79,0,0,1,0,0,1235,1,7
27,0,0,5,27,0,1,0,0,0,1235,1,7
26,0,1,5,33,1,1,0,0,0,1235,1,7
20,1,1,0,0,1,1,0,1,1,1235,1,7
54,0,0,1,0,0,0,1,0,1,1235,1,7
30,0,0,5,180,0,1,0,0,0,1235,1,7
21,0,0,0,0,1,0,1,0,0,1235,1,7
47,0,0,14,0,1,1,0,0,0,1235,1,7
30,0,0,0,0,1,0,1,0,1,1235,1,7
27,0,0,0,54,0,1,0,0,0,1235,1,7
40,1,0,1,1,0,0,1,1,1,1235,1,7
23,1,0,2,13,1,1,0,1,1,1235,1,7
25,0,0,1,0,0,0,1,0,1,1235,1,7
52,0,1,2,1,0,1,0,0,0,1235,1,7
44,0,0,0,1,1,1,0,0,1,1235,1,7
53,1,1,0,0,1,0,1,1,1,1235,1,7
44,1,0,0,0,0,0,1,1,1,1235,1,7
75,0,1,5,1,0,1,0,0,1,1235,1,7
32,0,0,20,0,0,1,0,0,1,1235,1,7
25,0,1,0,0,0,0,1,0,1,1235,1,7
30,0,0,19,9,0,1,0,0,0,1235,1,7
55,1,0,2,1,0,1,0,1,1,1235,1,7
34,0,0,10,2,0,1,0,0,0,1235,1,7
23,0,0,0,0,0,1,0,0,1,1235,1,7
28,0,0,0,1,0,1,0,0,1,1235,1,7
34,0,0,0,10,1,1,0,0,0,1235,1,7
28,1,0,1,0,1,1,0,1,0,1235,1,7
23,0,0,3,3,0,1,0,0,0,1235,1,7
37,1,0,1,1,0,0,1,1,1,1235,1,7
42,1,0,0,-1,1,0,1,1,1,1235,1,7
39,0,0,9,0,1,1,0,0,1,1235,1,7
26,0,1,4,0,0,1,0,0,0,1235,1,7
31,0,0,6,31,0,1,0,0,0,1235,1,7
44,0,0,1,1,1,1,0,0,1,1235,1,7
83,0,0,0,0,0,0,1,0,1,1235,1,7
32,0,0,12,1,1,0,1,0,0,1235,1,7
26,0,0,0,0,0,1,0,0,1,1235,1,7
27,1,0,5,1,1,0,1,1,1,1235,1,7
37,0,0,4,1,1,1,0,0,1,1235,1,7
28,0,0,1,0,0,1,0,0,1,1235,1,7
39,0,0,1,4,1,1,0,0,1,1235,1,7
27,1,1,2,62,0,1,0,1,0,1235,1,7
45,1,1,1,1,1,1,0,1,0,1235,1,7
63,0,1,1,0,1,1,0,0,1,1235,1,7
48,0,0,0,1,0,0,1,0,1,1235,1,7
23,0,0,2,2,0,1,0,0,1,1235,1,7
51,1,1,0,1,0,1,0,1,1,1235,1,7
24,0,0,2,49,0,0,1,0,0,1235,1,7
26,0,0,1,2,1,1,0,0,0,1235,1,7
33,0,0,4,1,1,0,1,0,1,1235,1,7
42,0,0,3,2,1,0,1,0,0,1235,1,7
22,1,1,2,0,1,1,0,1,1,1235,1,7
51,0,0,8,25,0,0,1,0,1,1235,1,7
30,1,1,2,43,1,1,0,1,0,1235,1,7
22,0,0,1,1,0,1,0,0,0,1235,1,7
45,1,0,7,1,1,1,0,1,1,1235,1,7
56,0,0,4,16,0,1,0,0,1,1235,1,7
39,1,0,2,4,1,1,0,1,0,1235,1,7
22,0,0,11,0,1,1,0,0,0,1235,1,7
26,0,0,1,1,1,1,0,0,1,1235,1,7
33,0,1,3,9,0,1,0,0,0,1235,1,7
26,0,0,2,8,0,1,0,0,1,1235,1,7
36,1,0,6,0,0,1,0,1,1,1235,1,7
25,1,0,4,33,0,1,0,1,0,1235,1,7
28,0,1,4,0,1,1,0,0,1,1235,1,7
50,0,0,0,2,1,1,0,0,1,1235,1,7
57,1,1,0,0,1,0,1,1,1,1235,1,7
46,1,0,2,3,0,0,1,1,1,1235,1,7
54,1,1,0,20,1,1,0,1,0,1235,1,7
46,1,0,5,12,1,0,1,1,1,1235,1,7
33,1,0,7,1,0,1,0,1,0,1235,1,7
20,0,0,0,4,0,0,1,0,0,1235,1,7
30,1,0,0,0,0,1,0,1,1,1235,1,7
48,0,0,1,125,1,1,0,0,0,1235,1,7
31,0,1,7,1,1,1,0,0,0,1235,1,7
24,0,0,3,0,0,1,0,0,0,1235,1,7
24,0,0,5,0,1,1,0,0,0,1235,1,7
34,0,0,6,13,0,1,0,0,0,1235,1,7
26,0,0,0,0,0,0,1,0,1,1235,1,7
44,0,0,0,2,1,1,0,0,1,1235,1,7
47,0,0,1,0,0,1,0,0,1,1235,1,7
30,0,0,20,317,0,1,0,0,0,1235,1,7
59,0,0,8,8,0,1,0,0,0,1235,1,7
23,0,1,0,0,1,0,1,0,1,1235,1,7
41,1,1,0,1,0,1,0,1,1,1235,1,7
21,0,0,0,0,1,1,0,0,0,1235,1,7
32,1,1,6,8,0,1,0,1,0,1235,1,7
42,1,0,3,0,0,1,0,1,1,1235,1,7
23,0,0,0,0,0,1,0,0,0,1235,1,7
47,1,0,2,1,0,1,0,1,0,1235,1,7
32,0,0,4,3,1,1,0,0,1,1235,1,7
25,0,0,0,4,1,0,1,0,1,1235,1,7
33,0,0,1,0,1,0,1,0,1,1235,1,7
40,1,1,0,2,0,0,1,1,1,1235,1,7
26,1,0,2,1,0,1,0,1,1,1235,1,7
34,1,0,0,29,1,0,1,1,0,1235,1,7
25,0,0,0,0,0,1,0,0,0,1235,1,7
34,0,0,3,2,1,0,1,0,0,1235,1,7
28,1,0,3,50,1,1,0,1,1,1235,1,7
28,0,0,2,49,0,1,0,0,1,1235,1,7
25,0,0,1,0,0,1,0,0,0,1235,1,7
28,1,0,0,0,0,1,0,1,1,1235,1,7
33,0,0,2,0,1,0,1,0,1,1235,1,7
40,1,1,0,0,0,1,0,1,1,1235,1,7
22,1,0,0,0,1,0,1,1,1,1235,1,7
26,0,0,4,45,1,1,0,0,0,1235,1,7
42,0,0,0,34,0,1,0,0,0,1235,1,7
25,0,0,5,49,0,1,0,0,0,1235,1,7
27,1,0,0,47,1,1,0,1,0,1235,1,7
42,0,0,12,0,0,0,1,0,0,1235,1,7
59,1,0,17,23,0,1,0,1,0,1235,1,7
41,1,0,0,1,0,1,0,1,0,1235,1,7
46,1,1,0,1,0,0,1,1,1,1235,1,7
29,0,0,2,2,1,0,1,0,0,1235,1,7
24,1,0,5,5,0,1,0,1,0,1235,1,7
35,0,0,0,0,0,0,1,0,1,1235,1,7
42,0,1,0,1,0,0,1,0,1,1235,1,7
20,0,0,1,1,0,1,0,0,0,1235,1,7
47,1,0,2,27,1,0,1,1,1,1235,1,7
51,1,0,0,0,0,0,1,1,1,1235,1,7
27,0,0,2,3,1,1,0,0,1,1235,1,7
29,1,1,0,1,0,0,1,1,1,1235,1,7
48,0,0,11,55,1,0,1,0,0,1235,1,7
29,0,1,2,-1,1,0,1,0,0,1235,1,7
34,0,0,3,0,0,0,1,0,1,1235,1,7
49,0,1,0,1,0,0,1,0,1,1235,1,7
46,1,1,0,0,1,0,1,1,1,1235,1,7
24,0,0,1,1,0,0,1,0,0,1235,1,7
32,1,0,0,6,0,1,0,1,1,1235,1,7
24,1,0,4,0,1,0,1,1,1,1235,1,7
21,0,0,0,1,1,1,0,0,1,1235,1,7
34,0,0,8,1,0,0,1,0,1,1235,1,7
30,0,0,2,1,1,1,0,0,0,1235,1,7
22,0,0,2,1,1,1,0,0,0,1235,1,7
26,0,1,0,1,0,0,1,0,1,1235,1,7
32,1,0,0,0,0,0,1,1,1,1235,1,7
29,1,1,0,343,0,1,0,1,0,1235,1,7
29,0,0,0,0,0,0,1,0,1,1235,1,7
37,0,1,3,29,0,1,0,0,1,1235,1,7
45,0,0,12,6,1,0,1,0,0,1235,1,7
20,1,0,0,0,0,0,1,1,0,1235,1,7
33,0,1,3,4,1,0,1,0,0,1235,1,7
25,0,0,2,0,0,1,0,0,0,1235,1,7
33,0,1,3,1,0,0,1,0,1,1235,1,7
34,0,0,1,0,1,1,0,0,1,1235,1,7
39,1,0,17,181,0,1,0,1,0,1235,1,7
39,1,0,0,0,0,0,1,1,1,1235,1,7
32,0,0,0,17,1,1,0,0,0,1235,1,7
28,0,0,1,0,0,1,0,0,1,1235,1,7
37,0,0,3,0,0,1,0,0,1,1235,1,7
46,0,0,1,1,1,0,1,0,0,1235,1,7
52,1,0,0,0,0,0,1,1,1,1235,1,7
33,0,0,2,1,0,0,1,0,1,1235,1,7
27,1,0,1,31,0,0,1,1,1,1235,1,7
24,1,0,2,0,0,0,1,1,1,1235,1,7
36,0,1,4,1,1,0,1,0,0,1235,1,7
21,0,0,3,4,0,1,0,0,0,1235,1,7
29,0,1,1,1,1,1,0,0,0,1235,1,7
35,0,0,12,0,0,1,0,0,0,1235,1,7
33,1,0,6,152,1,1,0,1,0,1235,1,7
31,1,0,4,5,1,1,0,1,0,1235,1,7
45,0,0,11,0,0,1,0,0,1,1235,1,7
37,1,0,3,1,0,1,0,1,0,1235,1,7
37,1,0,1,0,0,0,1,1,1,1235,1,7
24,0,0,0,0,0,1,0,0,1,1235,1,7
42,0,0,1,0,1,1,0,0,1,1235,1,7
37,0,0,12,0,1,0,1,0,0,1235,1,7
28,0,0,9,53,0,1,0,0,0,1235,1,7
57,0,0,3,1,0,1,0,0,1,1235,1,7
30,1,0,0,0,1,0,1,1,1,1235,1,7
44,0,0,6,194,1,1,0,0,0,1235,1,7
30,0,0,10,92,0,1,0,0,1,1235,1,7
33,0,1,0,0,1,1,0,0,1,1235,1,7
31,1,1,0,3,1,0,1,1,1,1235,1,7
45,0,1,0,0,0,1,0,0,1,1235,1,7
46,0,1,1,0,0,1,0,0,1,1235,1,7
61,0,0,2,3,0,1,0,0,0,1235,1,7
41,1,1,0,0,1,0,1,1,1,1235,1,7
27,0,0,11,223,0,1,0,0,0,1235,1,7
26,1,0,5,5,0,0,1,1,1,1235,1,7
28,0,0,6,1,1,0,1,0,0,1235,1,7
28,1,0,2,13,0,0,1,1,1,1235,1,7
20,0,0,2,192,0,1,0,0,0,1235,1,7
25,0,0,10,6,0,1,0,0,0,1235,1,7
49,1,1,0,-1,0,1,0,1,1,1235,1,7
28,0,1,0,2,1,1,0,0,1,1235,1,7
27,0,0,0,0,0,0,1,0,0,1235,1,7
55,1,0,0,0,0,0,1,1,1,1235,1,7
52,1,0,1,3,0,1,0,1,0,1235,1,7
65,1,1,1,-1,1,1,0,1,1,1235,1,7
52,1,0,0,0,1,0,1,1,1,1235,1,7
42,1,0,5,31,1,1,0,1,1,1235,1,7
31,1,0,9,116,0,1,0,1,0,1235,1,7
45,1,0,1,-1,1,0,1,1,1,1235,1,7
47,0,0,3,11,0,1,0,0,0,1235,1,7
51,1,0,3,16,1,1,0,1,1,1235,1,7
25,0,1,5,47,1,0,1,0,0,1235,1,7
48,1,0,23,360,0,1,0,1,0,1235,1,7
26,1,1,2,0,1,0,1,1,1,1235,1,7
56,1,0,6,0,1,1,0,1,1,1235,1,7
27,0,0,2,1,1,0,1,0,0,1235,1,7
32,0,0,0,1,0,1,0,0,1,1235,1,7
21,0,0,1,0,1,1,0,0,1,1235,1,7
29,0,0,0,1,0,1,0,0,1,1235,1,7
36,0,0,0,0,1,1,0,0,1,1235,1,7
34,1,0,1,50,0,1,0,1,1,1235,1,7
50,1,0,0,2,0,1,0,1,1,1235,1,7
39,0,1,0,57,0,1,0,0,0,1235,1,7
28,0,0,2,1,1,1,0,0,0,1235,1,7
34,0,1,0,1,0,0,1,0,1,1235,1,7
30,1,1,3,0,0,1,0,1,0,1235,1,7
30,0,0,7,1,1,1,0,0,1,1235,1,7
34,0,0,22,1,1,1,0,0,1,1235,1,7
37,0,0,7,1,1,1,0,0,1,1235,1,7
24,1,0,0,15,0,1,0,1,1,1235,1,7
27,0,0,1,-1,0,1,0,0,1,1235,1,7
24,1,1,1,1,1,1,0,1,1,1235,1,7
34,1,0,0,0,1,1,0,1,1,1235,1,7
37,0,0,8,9,1,0,1,0,0,1235,1,7
52,0,0,3,31,0,0,1,0,0,1235,1,7
23,0,1,2,1,1,0,1,0,0,1235,1,7
28,0,0,11,26,0,1,0,0,1,1235,1,7
24,1,0,8,35,1,1,0,1,0,1235,1,7
40,1,1,4,2,0,1,0,1,1,1235,1,7
53,0,1,3,2,1,1,0,0,1,1235,1,7
41,1,0,0,0,1,0,1,1,1,1235,1,7
34,0,0,0,0,1,1,0,0,1,1235,1,7
52,0,0,0,26,0,1,0,0,0,1235,1,7
35,0,1,6,1,1,1,0,0,0,1235,1,7
21,1,1,0,0,1,1,0,1,0,1235,1,7
32,0,1,5,1,1,1,0,0,1,1235,1,7
21,0,0,1,0,0,1,0,0,1,1235,1,7
25,0,0,1,0,0,1,0,0,0,1235,1,7
39,1,1,1,6,1,1,0,1,1,1235,1,7
37,1,1,0,0,0,0,1,1,1,1235,1,7
33,1,0,2,0,1,0,1,1,1,1235,1,7
42,1,0,0,0,0,0,1,1,1,1235,1,7
47,1,0,2,1,0,1,0,1,1,1235,1,7
52,1,0,4,6,1,1,0,1,0,1235,1,7
40,0,1,0,1,0,1,0,0,1,1235,1,7
31,0,0,16,52,1,1,0,0,0,1235,1,7
46,0,0,2,1,0,0,1,0,1,1235,1,7
26,1,0,2,-1,0,1,0,1,1,1235,1,7
31,0,0,5,0,0,0,1,0,1,1235,1,7
22,0,1,0,-1,1,1,0,0,1,1235,1,7
27,1,0,0,-1,1,0,1,1,0,1235,1,7
21,0,1,0,0,1,0,1,0,1,1235,1,7
35,0,1,5,0,1,1,0,0,1,1235,1,7
22,0,0,0,0,1,1,0,0,1,1235,1,7
35,0,1,23,2,0,1,0,0,0,1235,1,7
44,0,0,0,0,0,1,0,0,0,1235,1,7
57,0,0,23,30,1,1,0,0,0,1235,1,7
33,0,0,1,1,1,0,1,0,0,1235,1,7
42,1,0,12,50,0,1,0,1,0,1235,1,7
25,1,0,9,0,1,1,0,1,0,1235,1,7
30,0,0,1,1,1,0,1,0,0,1235,1,7
24,0,0,1,-1,0,0,1,0,0,1235,1,7
56,1,0,1,15,1,1,0,1,1,1235,1,7
33,1,1,1,84,0,1,0,1,1,1235,1,7
50,1,0,1,0,1,1,0,1,1,1235,1,7
28,0,0,1,1,1,1,0,0,0,1235,1,7
57,1,0,0,4,0,1,0,1,1,1235,1,7
23,0,0,5,32,1,0,1,0,0,1235,1,7
63,0,0,1,13,0,1,0,0,1,1235,1,7
21,0,1,0,77,1,1,0,0,1,1235,1,7
39,1,0,0,0,0,0,1,1,1,1235,1,7
41,1,0,0,0,1,0,1,1,1,1235,1,7
61,0,0,20,30,0,0,1,0,0,1235,1,7
42,1,1,0,29,1,0,1,1,1,1235,1,7
26,0,0,9,1,0,0,1,0,0,1235,1,7
32,0,0,0,0,0,1,0,0,1,1235,1,7
22,0,0,12,35,0,1,0,0,0,1235,1,7
22,0,1,0,1,0,1,0,0,1,1235,1,7
49,1,0,5,3,1,1,0,1,0,1235,1,7
26,0,0,0,3,0,0,1,0,0,1235,1,7
40,0,0,8,43,1,0,1,0,0,1235,1,7
29,0,1,9,214,1,0,1,0,0,1235,1,7
39,1,1,0,0,0,0,1,1,1,1235,1,7
35,0,0,1,1,1,1,0,0,0,1235,1,7
59,0,0,20,198,0,1,0,0,0,1235,1,7
33,1,0,0,53,1,1,0,1,1,1235,1,7
34,0,0,3,1,1,1,0,0,1,1235,1,7
48,0,0,1,21,0,1,0,0,1,1235,1,7
50,1,0,0,0,0,1,0,1,1,1235,1,7
53,0,0,6,8,1,0,1,0,0,1235,1,7
36,1,0,5,0,0,0,1,1,0,1235,1,7
50,1,0,1,9,1,1,0,1,1,1235,1,7
26,0,0,6,10,0,0,1,0,1,1235,1,7
21,1,0,1,0,1,1,0,1,1,1235,1,7
35,1,1,2,1,1,0,1,1,1,1235,1,7
26,0,0,1,1,0,0,1,0,1,1235,1,7
24,0,0,7,199,0,1,0,0,0,1235,1,7
27,1,0,0,1,0,1,0,1,1,1235,1,7
31,0,0,0,1,1,1,0,0,1,1235,1,7
37,0,1,3,27,0,1,0,0,1,1235,1,7
21,0,0,2,1,1,1,0,0,0,1235,1,7
34,0,0,0,1,0,1,0,0,1,1235,1,7
55,1,1,2,2,0,1,0,1,1,1235,1,7
24,0,0,11,50,1,1,0,0,0,1235,1,7
61,1,0,0,0,1,0,1,1,1,1235,1,7
28,1,1,2,0,0,1,0,1,0,1235,1,7
36,0,0,5,11,1,1,0,0,1,1235,1,7
26,0,0,2,-1,1,0,1,0,1,1235,1,7
37,1,0,0,2,1,0,1,1,0,1235,1,7
22,1,0,0,-1,0,1,0,1,1,1235,1,7
26,0,0,0,1,0,1,0,0,1,1235,1,7
33,0,0,6,0,0,1,0,0,1,1235,1,7
24,0,1,0,0,0,1,0,0,1,1235,1,7
31,0,0,2,1,1,1,0,0,1,1235,1,7
30,1,0,1,1,1,0,1,1,0,1235,1,7
30,0,0,6,1,0,1,0,0,0,1235,1,7
25,0,0,11,531,1,0,1,0,0,1235,1,7
37,0,0,2,1,1,0,1,0,1,1235,1,7
42,0,1,8,1,0,1,0,0,0,1235,1,7
39,0,0,4,118,0,1,0,0,1,1235,1,7
56,1,0,5,0,0,0,1,1,1,1235,1,7
39,0,0,6,26,0,1,0,0,1,1235,1,7
23,0,0,2,80,0,0,1,0,0,1235,1,7
27,0,0,10,1,1,1,0,0,0,1235,1,7
42,0,0,2,6,0,1,0,0,0,1235,1,7
26,1,0,2,1,1,1,0,1,0,1235,1,7
22,1,0,2,3,1,1,0,1,1,1235,1,7
27,0,0,6,1,1,1,0,0,0,1235,1,7
60,0,0,12,0,1,1,0,0,1,1235,1,7
22,0,0,3,2,1,1,0,0,1,1235,1,7
29,0,0,0,1,1,0,1,0,0,1235,1,7
45,0,0,0,0,0,0,1,0,1,1235,1,7
46,1,0,0,37,1,0,1,1,0,1235,1,7
36,0,0,4,2,0,0,1,0,0,1235,1,7
51,1,1,5,32,0,1,0,1,1,1235,1,7
26,0,1,0,1,1,0,1,0,1,1235,1,7
37,0,0,9,1,0,1,0,0,0,1235,1,7
51,0,0,22,34,1,1,0,0,0,1235,1,7
23,0,0,2,45,1,0,1,0,1,1235,1,7
39,1,0,0,1,0,0,1,1,1,1235,1,7
25,0,0,3,1,0,1,0,0,0,1235,1,7
49,0,0,3,3,0,1,0,0,1,1235,1,7
67,1,0,1,0,0,1,0,1,1,1235,1,7
28,0,0,7,0,0,1,0,0,0,1235,1,7
21,0,0,3,22,0,1,0,0,1,1235,1,7
22,0,0,0,1,1,1,0,0,0,1235,1,7
24,0,0,17,130,0,1,0,0,0,1235,1,7
24,0,0,1,1,0,0,1,0,0,1235,1,7
36,0,0,4,1,1,1,0,0,1,1235,1,7
24,0,1,0,0,1,0,1,0,1,1235,1,7
32,0,1,8,6,1,0,1,0,0,1235,1,7
31,0,0,1,1,1,0,1,0,1,1235,1,7
31,0,0,11,1,0,0,1,0,0,1235,1,7
39,0,0,3,1,0,1,0,0,1,1235,1,7
27,0,0,11,2,1,0,1,0,0,1235,1,7
20,0,0,0,0,1,1,0,0,0,1235,1,7
31,0,0,5,0,0,0,1,0,0,1235,1,7
49,1,0,1,12,1,1,0,1,1,1235,1,7
27,0,0,1,6,0,1,0,0,1,1235,1,7
25,0,0,2,2,0,0,1,0,1,1235,1,7
60,0,0,0,2,0,1,0,0,1,1235,1,7
27,0,0,10,0,0,1,0,0,1,1235,1,7
26,0,0,2,6,1,1,0,0,1,1235,1,7
48,0,0,4,0,0,1,0,0,1,1235,1,7
37,0,0,3,2,0,0,1,0,0,1235,1,7
25,0,1,0,0,0,1,0,0,1,1235,1,7
26,1,0,2,19,1,1,0,1,0,1235,1,7
24,0,0,0,2,0,1,0,0,1,1235,1,7
23,0,0,0,0,1,1,0,0,0,1235,1,7
23,0,0,0,1,0,1,0,0,0,1235,1,7
39,1,0,9,1,0,1,0,1,0,1235,1,7
30,1,0,7,0,1,1,0,1,0,1235,1,7
51,0,0,12,0,1,1,0,0,0,1235,1,7
28,0,0,3,8,0,0,1,0,0,1235,1,7
41,0,0,0,3,0,0,1,0,1,1235,1,7
31,1,0,5,0,0,1,0,1,0,1235,1,7
29,0,0,2,0,1,0,1,0,1,1235,1,7
28,0,0,4,5,0,1,0,0,0,1235,1,7
26,1,0,2,0,1,1,0,1,0,1235,1,7
51,0,0,1,162,0,1,0,0,1,1235,1,7
54,0,0,9,1,0,0,1,0,1,1235,1,7
47,0,1,7,0,1,1,0,0,0,1235,1,7
27,0,1,0,1,0,0,1,0,1,1235,1,7
40,0,0,2,0,1,0,1,0,1,1235,1,7
39,1,1,3,1,0,1,0,1,1,1235,1,7
32,0,0,12,1,0,1,0,0,1,1235,1,7
44,0,0,0,42,1,1,0,0,1,1235,1,7
30,1,0,1,0,0,0,1,1,0,1235,1,7
24,0,0,0,0,0,0,1,0,1,1235,1,7
37,0,0,4,-1,1,1,0,0,1,1235,1,7
33,1,0,3,13,1,1,0,1,0,1235,1,7
34,1,0,5,1,1,1,0,1,1,1235,1,7
42,0,0,0,1,1,0,1,0,1,1235,1,7
51,0,0,5,0,1,0,1,0,1,1235,1,7
25,1,0,3,19,1,1,0,1,0,1235,1,7
22,1,0,1,0,1,1,0,1,1,1235,1,7
26,0,0,6,1,1,0,1,0,1,1235,1,7
23,0,0,2,2,1,1,0,0,0,1235,1,7
20,1,1,0,18,0,1,0,1,0,1235,1,7
57,0,0,16,12,1,0,1,0,0,1235,1,7
26,0,0,0,2,1,0,1,0,1,1235,1,7
29,1,0,1,0,0,1,0,1,0,1235,1,7
21,1,0,5,1,1,1,0,1,0,1235,1,7
54,1,0,4,3,1,0,1,1,1,1235,1,7
23,0,0,6,84,0,1,0,0,0,1235,1,7
27,0,0,3,12,1,0,1,0,0,1235,1,7
42,1,0,0,0,0,0,1,1,1,1235,1,7
25,0,0,1,266,1,1,0,0,1,1235,1,7
44,1,0,0,8,1,1,0,1,0,1235,1,7
46,0,0,1,0,0,0,1,0,1,1235,1,7
55,1,0,0,-1,1,0,1,1,0,1235,1,7
39,1,0,0,2,1,1,0,1,0,1235,1,7
29,0,0,5,1,1,1,0,0,0,1235,1,7
28,0,1,0,0,1,0,1,0,1,1235,1,7
53,0,0,15,80,1,1,0,0,0,1235,1,7
28,0,0,5,3,0,1,0,0,0,1235,1,7
35,0,0,5,225,0,1,0,0,0,1235,1,7
20,0,0,0,1,0,0,1,0,0,1235,1,7
31,0,0,12,0,1,0,1,0,0,1235,1,7
30,1,0,3,1,0,0,1,1,1,1235,1,7
29,1,0,0,0,1,1,0,1,0,1235,1,7
26,0,0,3,33,0,1,0,0,0,1235,1,7
45,1,0,0,1,1,1,0,1,1,1235,1,7
26,0,0,2,33,0,1,0,0,1,1235,1,7
23,0,0,2,6,0,1,0,0,0,1235,1,7
50,1,0,1,1,1,1,0,1,1,1235,1,7
49,0,0,0,0,1,1,0,0,1,1235,1,7
24,0,0,5,-1,0,1,0,0,1,1235,1,7
35,1,0,0,1,0,1,0,1,0,1235,1,7
27,1,1,0,5,0,1,0,1,1,1235,1,7
28,0,0,8,0,0,0,1,0,0,1235,1,7
64,1,0,8,0,1,1,0,1,1,1235,1,7
30,0,0,0,1,0,1,0,0,1,1235,1,7
21,1,0,0,1,1,0,1,1,1,1235,1,7
26,0,0,1,-1,1,1,0,0,1,1235,1,7
56,1,0,12,6,0,1,0,1,1,1235,1,7
36,0,1,1,0,1,0,1,0,1,1235,1,7
27,1,0,2,0,0,1,0,1,0,1235,1,7
44,1,0,1,1,0,1,0,1,1,1235,1,7
20,1,0,0,0,0,1,0,1,0,1235,1,7
39,1,0,3,1,0,1,0,1,0,1235,1,7
34,0,0,22,1,1,1,0,0,0,1235,1,7
31,0,0,6,0,0,0,1,0,0,1235,1,7
34,0,0,1,0,1,1,0,0,1,1235,1,7
46,0,0,4,8,0,1,0,0,1,1235,1,7
37,0,0,2,27,1,1,0,0,1,1235,1,7
23,0,0,1,6,1,1,0,0,0,1235,1,7
26,0,0,0,173,0,1,0,0,1,1235,1,7
61,1,0,0,2,0,0,1,1,1,1235,1,7
31,1,0,0,2,0,1,0,1,1,1235,1,7
26,0,0,0,1,0,0,1,0,1,1235,1,7
23,0,1,6,17,0,0,1,0,1,1235,1,7
32,1,1,0,1,1,1,0,1,1,1235,1,7
46,0,0,5,2,0,1,0,0,0,1235,1,7
60,0,0,3,0,1,0,1,0,1,1235,1,7
52,1,1,0,0,1,1,0,1,1,1235,1,7
54,0,0,4,1,0,1,0,0,1,1235,1,7
42,0,0,18,9,0,1,0,0,0,1235,1,7
25,0,0,7,127,0,1,0,0,0,1235,1,7
24,1,0,8,0,0,1,0,1,0,1235,1,7
24,1,0,1,0,1,1,0,1,1,1235,1,7
51,0,0,3,2,1,1,0,0,1,1235,1,7
24,0,0,0,0,1,0,1,0,1,1235,1,7
30,0,0,0,0,1,1,0,0,1,1235,1,7
58,1,0,0,0,0,0,1,1,1,1235,1,7
29,0,0,0,0,0,1,0,0,1,1235,1,7
55,1,0,27,1,1,0,1,1,1,1235,1,7
47,1,1,0,0,0,0,1,1,1,1235,1,7
50,1,0,0,0,0,1,0,1,1,1235,1,7
35,0,0,1,0,1,0,1,0,1,1235,1,7
32,0,0,6,130,1,1,0,0,0,1235,1,7
51,1,1,0,1,1,1,0,1,1,1235,1,7
40,0,0,0,4,1,1,0,0,0,1235,1,7
26,0,0,1,0,0,1,0,0,0,1235,1,7
55,1,1,0,0,1,0,1,1,1,1235,1,7
55,0,1,0,0,0,1,0,0,1,1235,1,7
28,1,0,7,1,0,1,0,1,0,1235,1,7
20,0,0,0,2,0,1,0,0,0,1235,1,7
22,0,0,0,6,1,1,0,0,0,1235,1,7
22,0,0,0,1,0,1,0,0,1,1235,1,7
34,1,0,1,0,0,1,0,1,1,1235,1,7
47,0,0,0,1,0,0,1,0,1,1235,1,7
20,0,0,1,6,0,1,0,0,0,1235,1,7
36,0,0,1,0,1,0,1,0,1,1235,1,7
41,1,0,1,1,1,1,0,1,1,1235,1,7
27,0,0,9,799,0,1,0,0,0,1235,1,7
21,0,1,0,0,1,0,1,0,0,1235,1,7
25,1,0,1,1,0,1,0,1,1,1235,1,7
36,0,0,5,0,0,1,0,0,1,1235,1,7
24,1,1,1,3,1,1,0,1,1,1235,1,7
54,0,0,2,0,1,0,1,0,1,1235,1,7
44,0,0,2,2,1,1,0,0,1,1235,1,7
57,0,0,1,25,0,1,0,0,0,1235,1,7
23,0,0,0,1,0,1,0,0,1,1235,1,7
27,0,0,0,3,1,1,0,0,0,1235,1,7
37,0,0,15,55,0,1,0,0,1,1235,1,7
25,0,0,2,1,1,0,1,0,0,1235,1,7
49,0,0,4,1,0,1,0,0,1,1235,1,7
27,0,0,6,1,0,1,0,0,0,1235,1,7
30,0,0,2,0,1,1,0,0,1,1235,1,7
34,0,0,1,-1,0,0,1,0,0,1235,1,7
22,0,0,4,0,0,0,1,0,1,1235,1,7
39,1,0,1,1,1,1,0,1,1,1235,1,7
37,1,0,11,1,1,1,0,1,0,1235,1,7
26,0,0,1,0,0,1,0,0,1,1235,1,7
52,0,0,4,1,0,0,1,0,1,1235,1,7
28,0,0,2,1,0,1,0,0,0,1235,1,7
41,0,0,0,0,0,1,0,0,1,1235,1,7
59,0,0,1,1,1,1,0,0,1,1235,1,7
30,0,0,9,1,1,1,0,0,0,1235,1,7
27,0,0,2,83,1,1,0,0,1,1235,1,7
27,0,0,0,0,1,1,0,0,1,1235,1,7
27,0,0,4,-1,1,0,1,0,0,1235,1,7
22,0,0,3,26,0,1,0,0,0,1235,1,7
28,0,1,4,2,1,1,0,0,1,1235,1,7
32,0,0,0,-1,1,1,0,0,1,1235,1,7
20,0,0,0,0,0,1,0,0,1,1235,1,7
29,0,0,7,0,0,0,1,0,0,1235,1,7
35,0,0,0,0,1,1,0,0,1,1235,1,7
41,0,0,8,0,1,1,0,0,0,1235,1,7
37,0,0,0,1,1,0,1,0,0,1235,1,7
30,0,0,6,0,0,0,1,0,0,1235,1,7
27,1,0,18,178,0,1,0,1,0,1235,1,7
55,1,0,0,0,1,1,0,1,1,1235,1,7
34,0,0,0,29,0,0,1,0,0,1235,1,7
26,0,0,12,10,1,0,1,0,0,1235,1,7
25,1,0,0,1,0,0,1,1,0,1235,1,7
32,0,0,0,1,0,1,0,0,1,1235,1,7
51,1,0,4,0,1,0,1,1,1,1235,1,7
31,0,0,19,0,0,1,0,0,0,1235,1,7
45,0,0,12,3,0,0,1,0,0,1235,1,7
34,1,0,2,2,1,1,0,1,1,1235,1,7
25,0,1,2,0,0,1,0,0,0,1235,1,7
21,0,1,0,0,1,1,0,0,0,1235,1,7
29,0,0,11,0,1,0,1,0,1,1235,1,7
25,0,0,3,5,1,1,0,0,0,1235,1,7
35,0,0,9,1,1,1,0,0,1,1235,1,7
21,0,1,0,0,0,1,0,0,1,1235,1,7
34,0,0,2,23,1,0,1,0,0,1235,1,7
30,0,0,1,1,1,0,1,0,1,1235,1,7
37,0,0,2,6,0,1,0,0,1,1235,1,7
56,0,1,0,3,0,0,1,0,1,1235,1,7
37,0,0,1,4,0,1,0,0,1,1235,1,7
22,0,0,2,1,1,1,0,0,0,1235,1,7
35,0,0,0,1,0,0,1,0,1,1235,1,7
29,0,0,7,4,1,1,0,0,0,1235,1,7
45,1,0,0,37,0,1,0,1,1,1235,1,7
63,0,0,3,220,1,0,1,0,1,1235,1,7
44,1,0,1,0,0,0,1,1,1,1235,1,7
42,1,1,0,1,1,1,0,1,1,1235,1,7
25,1,0,0,2,0,1,0,1,1,1235,1,7
42,0,0,0,3,1,1,0,0,1,1235,1,7
30,1,1,3,0,0,1,0,1,1,1235,1,7
22,0,1,0,0,1,0,1,0,1,1235,1,7
26,0,0,7,1,0,1,0,0,0,1235,1,7
20,0,1,0,0,0,1,0,0,1,1235,1,7
37,1,0,11,0,1,1,0,1,0,1235,1,7
42,0,0,0,0,1,0,1,0,1,1235,1,7
35,0,0,4,29,0,0,1,0,1,1235,1,7
23,0,0,2,2,0,1,0,0,0,1235,1,7
30,0,0,2,0,0,1,0,0,0,1235,1,7
37,0,0,5,1,1,1,0,0,1,1235,1,7
37,0,0,8,1,1,0,1,0,0,1235,1,7
36,1,1,7,6,0,1,0,1,0,1235,1,7
48,1,0,9,1,0,1,0,1,1,1235,1,7
30,0,0,0,1,0,1,0,0,0,1235,1,7
22,0,0,0,6,1,1,0,0,0,1235,1,7
32,0,0,2,1,0,0,1,0,1,1235,1,7
53,0,0,6,0,1,1,0,0,1,1235,1,7
34,1,0,3,0,0,0,1,1,1,1235,1,7
45,0,0,0,1,1,1,0,0,1,1235,1,7
32,1,0,6,2,1,1,0,1,0,1235,1,7
41,1,0,11,118,1,1,0,1,0,1235,1,7
20,0,1,0,1,0,0,1,0,0,1235,1,7
49,1,1,2,10,0,1,0,1,1,1235,1,7
21,0,0,1,2,0,1,0,0,1,1235,1,7
26,0,0,5,1,0,1,0,0,1,1235,1,7
69,0,0,22,1,0,0,1,0,1,1235,1,7
23,0,0,2,2,0,0,1,0,0,1235,1,7
23,0,0,0,1,0,0,1,0,0,1235,1,7
34,1,0,1,0,0,0,1,1,0,1235,1,7
37,0,0,25,1,0,1,0,0,0,1235,1,7
59,1,1,0,0,1,0,1,1,1,1235,1,7
29,0,0,0,72,0,1,0,0,1,1235,1,7
24,1,0,3,0,1,0,1,1,1,1235,1,7
32,0,0,1,0,0,1,0,0,1,1235,1,7
37,1,0,3,6,1,1,0,1,1,1235,1,7
37,0,0,11,1,1,1,0,0,0,1235,1,7
50,0,1,3,-1,1,1,0,0,1,1235,1,7
48,1,0,0,33,0,1,0,1,1,1235,1,7
57,0,0,1,1,1,1,0,0,1,1235,1,7
22,0,0,0,11,1,1,0,0,1,1235,1,7
31,1,1,9,26,1,1,0,1,0,1235,1,7
26,1,1,0,0,0,1,0,1,1,1235,1,7
53,0,0,0,0,1,0,1,0,1,1235,1,7
23,0,0,2,1,0,1,0,0,0,1235,1,7
36,1,0,1,1,0,1,0,1,1,1235,1,7
48,0,1,0,1,1,1,0,0,1,1235,1,7
32,1,0,10,6,1,1,0,1,0,1235,1,7
28,0,0,12,1,0,1,0,0,1,1235,1,7
25,1,1,0,0,0,0,1,1,1,1235,1,7
22,0,0,2,54,1,0,1,0,0,1235,1,7
35,0,0,3,0,1,0,1,0,0,1235,1,7
22,1,1,1,0,0,1,0,1,1,1235,1,7
56,1,0,0,0,1,0,1,1,0,1235,1,7
42,0,0,1,31,0,1,0,0,0,1235,1,7
67,1,0,0,1,0,0,1,1,1,1235,1,7
50,1,0,1,1,0,1,0,1,1,1235,1,7
25,0,0,1,8,1,1,0,0,1,1235,1,7
41,1,0,1,2,0,0,1,1,0,1235,1,7
42,1,0,0,0,0,0,1,1,1,1235,1,7
24,0,0,1,75,0,1,0,0,0,1235,1,7
51,1,0,1,1,1,0,1,1,1,1235,1,7
29,0,0,2,1,1,1,0,0,0,1235,1,7
27,0,0,4,1,0,1,0,0,0,1235,1,7
55,1,1,0,1,0,0,1,1,1,1235,1,7
25,0,0,1,0,0,0,1,0,0,1235,1,7
42,0,0,0,1,0,1,0,0,1,1235,1,7
22,0,0,3,33,1,1,0,0,1,1235,1,7
37,0,0,4,2,0,0,1,0,0,1235,1,7
21,0,1,2,1,0,1,0,0,0,1235,1,7
29,0,0,0,3,0,0,1,0,0,1235,1,7
54,0,0,1,2,1,1,0,0,1,1235,1,7
28,1,0,6,2,1,1,0,1,1,1235,1,7
20,0,0,1,187,1,1,0,0,0,1235,1,7
31,1,0,1,0,1,1,0,1,0,1235,1,7
37,0,0,1,6,0,1,0,0,0,1235,1,7
52,1,0,16,11,1,1,0,1,0,1235,1,7
21,1,0,3,127,1,1,0,1,0,1235,1,7
25,1,0,4,5,0,1,0,1,0,1235,1,7
35,0,0,10,22,1,1,0,0,0,1235,1,7
27,1,0,2,0,0,1,0,1,0,1235,1,7
68,1,0,0,3,1,0,1,1,1,1235,1,7
29,0,0,0,1,1,1,0,0,1,1235,1,7
32,1,0,1,0,1,1,0,1,0,1235,1,7
23,0,0,3,1,0,1,0,0,1,1235,1,7
31,1,0,3,0,0,0,1,1,0,1235,1,7
30,0,0,1,1,1,0,1,0,1,1235,1,7
24,0,0,11,0,1,1,0,0,0,1235,1,7
42,0,0,15,0,0,0,1,0,0,1235,1,7
46,1,0,0,1,0,1,0,1,1,1235,1,7
27,1,0,2,1,0,1,0,1,1,1235,1,7
42,0,0,1,0,1,0,1,0,1,1235,1,7
47,1,0,0,1,0,0,1,1,1,1235,1,7
33,0,1,0,1,1,1,0,0,1,1235,1,7
35,1,0,4,169,1,1,0,1,1,1235,1,7
30,1,0,0,6,1,1,0,1,1,1235,1,7
39,0,0,2,47,1,0,1,0,1,1235,1,7
27,0,0,1,5,0,1,0,0,1,1235,1,7
27,0,0,2,9,1,0,1,0,0,1235,1,7
29,1,0,3,0,0,1,0,1,0,1235,1,7
26,1,0,3,0,1,1,0,1,0,1235,1,7
44,0,0,7,24,0,1,0,0,1,1235,1,7
30,0,0,4,1,0,0,1,0,0,1235,1,7
39,0,0,3,34,1,1,0,0,0,1235,1,7
28,0,0,3,1,1,1,0,0,0,1235,1,7
27,1,0,1,0,0,0,1,1,1,1235,1,7
34,0,0,0,-1,1,1,0,0,1,1235,1,7
19,0,0,1,1,0,1,0,0,0,1235,1,7
23,0,0,1,1,1,1,0,0,1,1235,1,7
30,0,1,3,12,0,1,0,0,0,1235,1,7
25,0,1,2,0,1,0,1,0,1,1235,1,7
27,1,0,1,27,1,0,1,1,0,1235,1,7
24,0,0,0,0,1,0,1,0,1,1235,1,7
30,0,0,0,23,0,0,1,0,1,1235,1,7
21,0,0,0,2,0,1,0,0,1,1235,1,7
29,0,0,0,1,1,1,0,0,1,1235,1,7
24,1,1,0,0,1,0,1,1,1,1235,1,7
25,0,0,1,0,0,0,1,0,1,1235,1,7
44,1,0,4,1,1,1,0,1,1,1235,1,7
48,0,0,2,1,0,1,0,0,1,1235,1,7
36,0,0,12,2,1,1,0,0,0,1235,1,7
21,0,0,0,0,1,1,0,0,0,1235,1,7
32,0,0,4,0,1,1,0,0,1,1235,1,7
30,0,0,2,18,1,0,1,0,1,1235,1,7
37,1,1,1,1,1,1,0,1,1,1235,1,7
46,0,0,3,59,0,1,0,0,0,1235,1,7
22,0,0,0,0,1,0,1,0,0,1235,1,7
30,0,0,7,1,0,1,0,0,1,1235,1,7
55,0,0,0,1,1,1,0,0,1,1235,1,7
31,1,0,11,11,1,1,0,1,0,1235,1,7
34,1,0,16,1,1,1,0,1,0,1235,1,7
35,1,0,3,1,0,1,0,1,1,1235,1,7
35,1,1,1,0,0,0,1,1,1,1235,1,7
29,1,0,2,1,1,0,1,1,1,1235,1,7
24,0,0,0,6,0,1,0,0,0,1235,1,7
35,0,1,5,6,1,1,0,0,0,1235,1,7
31,1,1,0,4,1,0,1,1,1,1235,1,7
23,1,0,0,0,1,1,0,1,1,1235,1,7
42,0,0,7,1,1,1,0,0,0,1235,1,7
27,0,0,1,1,1,1,0,0,0,1235,1,7
71,1,0,1,3,1,0,1,1,1,1235,1,7
37,0,0,6,1,0,1,0,0,1,1235,1,7
23,1,0,4,0,1,1,0,1,0,1235,1,7
34,1,1,2,1,0,1,0,1,1,1235,1,7
46,1,0,2,2,0,1,0,1,0,1235,1,7
30,0,0,1,1,1,1,0,0,1,1235,1,7
36,0,0,4,2,0,1,0,0,0,1235,1,7
51,1,0,0,1,1,0,1,1,1,1235,1,7
29,0,0,6,39,0,1,0,0,0,1235,1,7
28,0,0,4,1,0,1,0,0,1,1235,1,7
23,0,0,4,27,0,1,0,0,1,1235,1,7
37,1,0,5,10,0,1,0,1,1,1235,1,7
30,0,0,18,17,1,0,1,0,1,1235,1,7
33,0,0,4,1,1,1,0,0,0,1235,1,7
37,1,0,2,4,1,1,0,1,0,1235,1,7
64,0,1,0,4,1,1,0,0,1,1235,1,7
42,1,0,8,1,0,1,0,1,1,1235,1,7
32,0,0,0,22,1,1,0,0,0,1235,1,7
26,0,0,0,1,1,0,1,0,1,1235,1,7
37,1,1,0,1,1,0,1,1,1,1235,1,7
45,0,0,1,2,0,1,0,0,1,1235,1,7
23,0,0,0,2,0,1,0,0,1,1235,1,7
37,0,0,1,0,0,0,1,0,1,1235,1,7
21,0,0,0,1,0,1,0,0,1,1235,1,7
25,0,1,6,12,0,1,0,0,0,1235,1,7
52,0,1,0,0,0,1,0,0,1,1235,1,7
30,1,0,4,96,0,1,0,1,0,1235,1,7
58,0,0,12,3,0,0,1,0,0,1235,1,7
25,1,0,6,0,0,1,0,1,0,1235,1,7
25,0,0,5,4,1,1,0,0,0,1235,1,7
37,0,1,23,-1,0,0,1,0,0,1235,1,7
39,1,0,10,1,0,1,0,1,0,1235,1,7
49,0,0,1,24,1,1,0,0,1,1235,1,7
22,0,0,0,0,0,1,0,0,0,1235,1,7
39,1,1,0,0,1,0,1,1,0,1235,1,7
33,0,0,0,0,0,0,1,0,1,1235,1,7
25,1,1,1,0,1,0,1,1,0,1235,1,7
47,1,1,0,0,1,0,1,1,1,1235,1,7
30,0,1,3,26,1,1,0,0,1,1235,1,7
36,0,0,2,0,1,1,0,0,1,1235,1,7
29,0,0,9,4,0,1,0,0,0,1235,1,7
42,1,1,7,8,0,1,0,1,1,1235,1,7
40,0,0,0,1,1,0,1,0,1,1235,1,7
24,0,0,15,2,0,1,0,0,0,1235,1,7
25,0,0,1,0,1,1,0,0,0,1235,1,7
31,0,0,2,2,0,1,0,0,1,1235,1,7
24,1,0,2,32,1,1,0,1,1,1235,1,7
33,1,1,1,0,0,0,1,1,1,1235,1,7
27,0,0,2,6,0,0,1,0,0,1235,1,7
33,1,0,0,0,1,0,1,1,1,1235,1,7
26,0,0,5,1,1,0,1,0,1,1235,1,7
29,0,0,0,42,1,0,1,0,1,1235,1,7
45,0,1,1,6,1,1,0,0,1,1235,1,7
22,1,1,0,-1,0,0,1,1,1,1235,1,7
29,0,0,0,0,0,1,0,0,1,1235,1,7
40,0,0,0,19,1,1,0,0,1,1235,1,7
35,0,0,2,-1,1,1,0,0,1,1235,1,7
25,0,1,1,0,0,1,0,0,1,1235,1,7
56,1,0,1,0,1,1,0,1,1,1235,1,7
25,1,0,0,21,0,0,1,1,0,1235,1,7
42,1,0,6,0,0,0,1,1,0,1235,1,7
27,0,0,12,1,0,0,1,0,0,1235,1,7
48,1,0,1,0,0,0,1,1,0,1235,1,7
32,0,0,19,1,1,1,0,0,0,1235,1,7
24,0,0,3,92,0,1,0,0,1,1235,1,7
26,0,1,4,0,1,1,0,0,0,1235,1,7
47,1,0,0,0,0,0,1,1,1,1235,1,7
24,0,0,0,0,0,1,0,0,0,1235,1,7
22,0,0,1,1,1,0,1,0,0,1235,1,7
24,0,0,4,3,1,1,0,0,0,1235,1,7
25,0,0,4,0,0,1,0,0,0,1235,1,7
56,1,0,0,0,0,0,1,1,1,1235,1,7
20,0,1,1,3,0,1,0,0,0,1235,1,7
24,0,0,0,9,1,1,0,0,0,1235,1,7
56,1,1,1,169,0,1,0,1,1,1235,1,7
27,0,0,11,5,1,1,0,0,0,1235,1,7
41,1,0,0,1,0,1,0,1,1,1235,1,7
49,1,0,1,0,1,0,1,1,1,1235,1,7
25,0,0,0,0,0,1,0,0,1,1235,1,7
28,1,0,1,1,1,1,0,1,0,1235,1,7
47,0,0,0,1,0,0,1,0,1,1235,1,7
27,0,0,2,1,0,0,1,0,1,1235,1,7
37,1,1,0,0,0,0,1,1,1,1235,1,7
35,0,0,0,87,0,1,0,0,0,1235,1,7
21,0,0,1,1,0,1,0,0,1,1235,1,7
31,0,0,1,17,0,1,0,0,0,1235,1,7
30,0,0,5,2,1,1,0,0,0,1235,1,7
60,0,0,19,39,1,1,0,0,0,1235,1,7
34,0,0,3,5,1,0,1,0,1,1235,1,7
27,0,1,1,26,1,1,0,0,1,1235,1,7
31,1,0,9,1,1,0,1,1,0,1235,1,7
47,0,0,1,183,0,1,0,0,1,1235,1,7
37,0,1,0,37,1,1,0,0,1,1235,1,7
30,0,0,0,0,1,0,1,0,0,1235,1,7
23,1,1,0,0,1,0,1,1,1,1235,1,7
49,1,0,2,91,1,1,0,1,0,1235,1,7
25,0,0,0,6,1,0,1,0,1,1235,1,7
48,0,0,8,11,1,1,0,0,0,1235,1,7
27,0,0,10,6,1,1,0,0,1,1235,1,7
51,1,0,2,22,0,1,0,1,1,1235,1,7
21,0,0,3,9,0,1,0,0,0,1235,1,7
22,0,0,0,0,0,1,0,0,1,1235,1,7
22,0,0,0,1,0,1,0,0,1,1235,1,7
22,0,0,4,260,1,1,0,0,0,1235,1,7
46,1,0,0,0,1,0,1,1,1,1235,1,7
24,0,0,7,1,0,0,1,0,1,1235,1,7
24,0,0,2,0,1,1,0,0,0,1235,1,7
30,0,0,1,-1,1,1,0,0,1,1235,1,7
34,0,0,0,2,0,1,0,0,1,1235,1,7
29,0,0,17,2,1,1,0,0,0,1235,1,7
33,0,0,0,0,0,0,1,0,1,1235,1,7
42,0,0,5,13,1,0,1,0,1,1235,1,7
27,0,1,2,1,0,0,1,0,0,1235,1,7
50,0,0,3,33,0,1,0,0,0,1235,1,7
24,1,0,0,0,1,1,0,1,1,1235,1,7
35,0,0,2,1,1,0,1,0,1,1235,1,7
59,1,0,1,0,1,1,0,1,0,1235,1,7
23,1,0,0,1,0,0,1,1,1,1235,1,7
28,0,0,5,1,1,0,1,0,1,1235,1,7
40,1,1,0,0,0,1,0,1,1,1235,1,7
22,1,0,2,1,1,1,0,1,0,1235,1,7
49,0,0,4,35,0,0,1,0,1,1235,1,7
42,1,0,0,1,0,0,1,1,0,1235,1,7
31,1,1,2,27,1,1,0,1,0,1235,1,7
40,0,0,0,-1,1,0,1,0,1,1235,1,7
28,0,0,5,170,0,1,0,0,0,1235,1,7
24,0,0,1,0,1,1,0,0,0,1235,1,7
37,0,0,12,0,0,1,0,0,0,1235,1,7
30,0,0,17,4,1,1,0,0,0,1235,1,7
64,0,0,12,1,1,0,1,0,1,1235,1,7
30,1,1,0,1,0,1,0,1,1,1235,1,7
47,0,0,3,0,1,1,0,0,1,1235,1,7
36,0,0,1,1,1,0,1,0,1,1235,1,7
40,0,1,2,1,1,1,0,0,1,1235,1,7
23,1,0,3,35,1,0,1,1,0,1235,1,7
28,1,0,11,1,0,1,0,1,1,1235,1,7
34,0,0,4,0,0,1,0,0,0,1235,1,7
21,0,0,1,0,1,1,0,0,0,1235,1,7
48,1,0,1,0,0,1,0,1,1,1235,1,7
27,0,0,2,0,0,1,0,0,0,1235,1,7
42,0,1,9,1,0,0,1,0,1,1235,1,7
51,0,0,3,0,1,1,0,0,1,1235,1,7
35,0,1,3,0,1,0,1,0,0,1235,1,7
24,0,1,3,2,1,0,1,0,0,1235,1,7
29,1,1,7,8,1,1,0,1,0,1235,1,7
25,0,0,2,49,1,1,0,0,0,1235,1,7
28,0,1,0,0,1,1,0,0,1,1235,1,7
22,0,0,6,2,1,1,0,0,0,1235,1,7
26,1,1,2,33,0,1,0,1,0,1235,1,7
31,0,0,5,1,1,0,1,0,1,1235,1,7
21,0,0,0,1,0,0,1,0,0,1235,1,7
27,0,0,0,17,1,1,0,0,1,1235,1,7
55,1,0,0,10,0,0,1,1,1,1235,1,7
35,0,0,4,1,1,0,1,0,1,1235,1,7
51,0,0,1,3,1,1,0,0,1,1235,1,7
37,0,0,7,6,0,1,0,0,0,1235,1,7
22,0,0,3,6,1,1,0,0,0,1235,1,7
41,0,0,4,-1,1,0,1,0,0,1235,1,7
22,1,1,1,17,1,0,1,1,1,1235,1,7
31,0,0,1,0,1,1,0,0,1,1235,1,7
32,0,1,0,0,1,0,1,0,1,1235,1,7
27,0,1,0,0,0,0,1,0,0,1235,1,7
30,1,0,5,2,0,1,0,1,0,1235,1,7
39,0,1,0,1,1,1,0,0,1,1235,1,7
33,0,0,2,0,0,1,0,0,0,1235,1,7
29,1,0,0,1,1,0,1,1,0,1235,1,7
30,0,0,4,1,0,0,1,0,0,1235,1,7
55,1,0,7,0,0,1,0,1,1,1235,1,7
40,0,0,4,2,0,0,1,0,0,1235,1,7
25,0,0,2,26,1,1,0,0,1,1235,1,7
47,0,0,3,6,1,0,1,0,0,1235,1,7
33,0,0,7,78,1,1,0,0,0,1235,1,7
36,1,1,3,1,1,1,0,1,0,1235,1,7
52,0,0,2,33,0,1,0,0,0,1235,1,7
21,0,0,1,0,0,1,0,0,1,1235,1,7
28,1,0,0,1,0,0,1,1,0,1235,1,7
20,0,0,0,6,1,1,0,0,0,1235,1,7
42,0,0,1,4,0,1,0,0,1,1235,1,7
30,0,0,7,0,0,1,0,0,0,1235,1,7
33,0,1,7,26,0,1,0,0,0,1235,1,7
20,0,1,1,2,0,1,0,0,1,1235,1,7
39,0,0,12,1,0,1,0,0,0,1235,1,7
26,1,1,1,1,1,0,1,1,1,1235,1,7
27,0,0,8,0,0,0,1,0,0,1235,1,7
35,1,0,2,0,0,1,0,1,1,1235,1,7
45,1,0,0,1,0,1,0,1,0,1235,1,7
37,1,1,1,1,0,0,1,1,1,1235,1,7
29,0,0,0,1,1,0,1,0,1,1235,1,7
33,1,0,3,1,0,1,0,1,0,1235,1,7
20,0,0,1,4,0,1,0,0,0,1235,1,7
26,0,0,0,1,1,1,0,0,1,1235,1,7
41,1,0,1,62,0,1,0,1,1,1235,1,7
34,0,0,0,1,0,1,0,0,1,1235,1,7
22,0,1,0,0,1,1,0,0,0,1235,1,7
21,0,0,1,0,0,1,0,0,1,1235,1,7
30,0,0,1,83,1,1,0,0,1,1235,1,7
50,1,0,9,424,0,1,0,1,0,1235,1,7
44,0,0,6,1,0,1,0,0,1,1235,1,7
35,0,1,0,0,1,0,1,0,1,1235,1,7
44,1,0,8,4,0,0,1,1,0,1235,1,7
21,0,0,1,5,0,1,0,0,0,1235,1,7
22,1,0,0,0,0,1,0,1,1,1235,1,7
19,0,0,0,0,1,1,0,0,0,1235,1,7
29,0,1,2,10,1,1,0,0,0,1235,1,7
28,0,0,7,1,0,1,0,0,0,1235,1,7
42,1,0,0,0,0,0,1,1,1,1235,1,7
37,0,0,20,35,0,1,0,0,0,1235,1,7
31,0,1,0,1,0,1,0,0,1,1235,1,7
31,0,1,2,0,1,1,0,0,0,1235,1,7
23,0,0,2,1,1,1,0,0,1,1235,1,7
44,0,0,10,5,1,0,1,0,0,1235,1,7
24,0,0,8,-1,1,1,0,0,1,1235,1,7
23,0,0,1,5,0,0,1,0,1,1235,1,7
21,0,1,0,1,1,1,0,0,0,1235,1,7
28,0,0,7,1,1,1,0,0,0,1235,1,7
52,1,1,0,0,0,0,1,1,1,1235,1,7
36,1,1,3,27,1,1,0,1,0,1235,1,7
23,0,1,0,1,0,0,1,0,1,1235,1,7
24,1,1,2,0,0,1,0,1,1,1235,1,7
25,1,1,2,11,0,1,0,1,0,1235,1,7
26,0,0,10,1,1,1,0,0,0,1235,1,7
23,0,0,4,11,1,0,1,0,0,1235,1,7
31,0,0,6,1,0,1,0,0,0,1235,1,7
58,0,0,10,1,1,1,0,0,0,1235,1,7
54,0,1,0,0,0,0,1,0,1,1235,1,7
33,0,0,4,17,1,0,1,0,0,1235,1,7
58,1,0,4,0,0,1,0,1,0,1235,1,7
28,0,0,10,0,1,1,0,0,1,1235,1,7
35,0,0,0,1,0,1,0,0,0,1235,1,7
46,0,0,3,1,0,1,0,0,0,1235,1,7
31,1,0,0,-1,0,1,0,1,1,1235,1,7
26,0,0,7,1,1,1,0,0,0,1235,1,7
26,0,0,6,1,0,1,0,0,0,1235,1,7
33,0,0,0,1,1,1,0,0,1,1235,1,7
27,0,0,15,30,0,1,0,0,0,1235,1,7
26,0,0,2,1,0,1,0,0,1,1235,1,7
56,1,0,4,6,0,1,0,1,1,1235,1,7
26,0,0,4,0,0,1,0,0,0,1235,1,7
26,0,1,1,27,0,1,0,0,0,1235,1,7
56,1,0,2,2,1,1,0,1,1,1235,1,7
23,0,0,0,0,1,1,0,0,1,1235,1,7
37,0,0,4,1,0,0,1,0,0,1235,1,7
30,1,0,1,0,1,0,1,1,0,1235,1,7
19,0,0,2,1,1,1,0,0,0,1235,1,7
21,0,0,1,13,1,1,0,0,1,1235,1,7
22,0,0,12,0,1,1,0,0,0,1235,1,7
35,0,0,12,1,0,0,1,0,0,1235,1,7
35,1,0,2,0,0,1,0,1,0,1235,1,7
22,0,0,0,0,0,1,0,0,1,1235,1,7
39,0,1,2,6,1,1,0,0,1,1235,1,7
54,1,0,3,0,1,1,0,1,1,1235,1,7
22,0,0,1,0,1,0,1,0,0,1235,1,7
42,1,0,1,0,1,0,1,1,0,1235,1,7
27,1,0,5,2,1,0,1,1,1,1235,1,7
21,0,1,0,0,1,0,1,0,1,1235,1,7
35,0,0,1,1,1,0,1,0,0,1235,1,7
49,0,1,1,0,0,1,0,0,1,1235,1,7
58,1,0,5,1,1,1,0,1,0,1235,1,7
34,0,0,27,0,0,0,1,0,1,1235,1,7
29,1,0,1,0,1,0,1,1,1,1235,1,7
34,1,0,0,0,0,1,0,1,1,1235,1,7
23,0,0,1,120,1,1,0,0,0,1235,1,7
21,1,0,1,-1,1,1,0,1,1,1235,1,7
24,0,1,0,1,1,1,0,0,1,1235,1,7
52,1,0,1,24,0,1,0,1,1,1235,1,7
33,0,0,0,0,1,0,1,0,1,1235,1,7
34,1,1,0,31,1,1,0,1,0,1235,1,7
54,0,0,0,-1,0,0,1,0,1,1235,1,7
45,1,0,2,2,1,0,1,1,1,1235,1,7
49,0,0,1,5,1,1,0,0,1,1235,1,7
39,0,0,0,0,0,0,1,0,1,1235,1,7
77,0,0,0,-1,1,0,1,0,1,1235,1,7
30,0,0,0,1,0,0,1,0,1,1235,1,7
46,0,0,0,5,1,1,0,0,1,1235,1,7
28,1,1,0,0,0,0,1,1,1,1235,1,7
50,0,0,4,0,1,1,0,0,0,1235,1,7
31,1,0,3,1,0,1,0,1,0,1235,1,7
39,0,0,12,1,0,1,0,0,0,1235,1,7
33,0,0,2,-1,0,1,0,0,0,1235,1,7
21,0,0,0,6,1,1,0,0,0,1235,1,7
22,0,0,0,1,1,1,0,0,0,1235,1,7
23,0,1,1,1,1,1,0,0,0,1235,1,7
36,0,0,0,1,1,1,0,0,1,1235,1,7
29,0,1,5,8,1,1,0,0,0,1235,1,7
33,1,0,5,118,1,1,0,1,0,1235,1,7
32,0,0,2,1,1,1,0,0,0,1235,1,7
27,1,0,0,1,1,0,1,1,1,1235,1,7
61,0,1,1,0,0,1,0,0,0,1235,1,7
41,0,0,0,0,1,1,0,0,1,1235,1,7
42,0,0,7,1,0,1,0,0,0,1235,1,7
36,0,1,0,0,0,0,1,0,1,1235,1,7
42,0,0,4,25,1,1,0,0,0,1235,1,7
56,1,0,0,0,0,0,1,1,1,1235,1,7
20,0,0,1,5,0,1,0,0,0,1235,1,7
25,0,0,0,-1,0,0,1,0,1,1235,1,7
53,0,1,5,1,1,1,0,0,1,1235,1,7
46,1,0,14,0,1,1,0,1,0,1235,1,7
42,0,1,6,0,1,1,0,0,1,1235,1,7
37,1,1,0,0,0,0,1,1,1,1235,1,7
30,0,0,7,2,0,0,1,0,0,1235,1,7
27,1,0,5,6,1,1,0,1,0,1235,1,7
21,0,0,0,1,1,1,0,0,0,1235,1,7
23,1,1,5,0,0,1,0,1,0,1235,1,7
24,0,1,2,1,0,1,0,0,0,1235,1,7
23,0,0,2,1,0,1,0,0,0,1235,1,7
58,0,0,1,10,1,1,0,0,1,1235,1,7
53,0,0,0,1,1,0,1,0,0,1235,1,7
39,1,0,3,1,1,1,0,1,0,1235,1,7
35,0,0,2,1,1,1,0,0,1,1235,1,7
32,0,0,1,0,0,1,0,0,1,1235,1,7
50,0,0,9,27,1,0,1,0,0,1235,1,7
36,1,1,0,1,0,0,1,1,1,1235,1,7
31,0,1,1,1,0,0,1,0,0,1235,1,7
58,1,1,0,0,1,0,1,1,1,1235,1,7
25,0,0,1,2,0,1,0,0,1,1235,1,7
24,1,0,3,1,1,0,1,1,0,1235,1,7
54,0,0,1,0,1,1,0,0,1,1235,1,7
24,0,0,2,9,0,1,0,0,1,1235,1,7
32,1,0,2,5,0,0,1,1,0,1235,1,7
34,1,0,5,1,0,1,0,1,1,1235,1,7
37,1,0,0,0,0,0,1,1,1,1235,1,7
36,1,0,12,13,0,1,0,1,1,1235,1,7
25,0,0,4,86,0,1,0,0,0,1235,1,7
61,0,0,0,0,1,1,0,0,1,1235,1,7
53,1,0,1,4,0,0,1,1,0,1235,1,7
24,0,0,1,33,1,1,0,0,1,1235,1,7
61,1,0,0,-1,0,0,1,1,1,1235,1,7
42,0,0,0,6,1,1,0,0,0,1235,1,7
29,1,0,10,2,0,1,0,1,0,1235,1,7
32,0,0,9,111,1,1,0,0,1,1235,1,7
29,0,0,1,0,0,0,1,0,1,1235,1,7
55,0,0,3,69,0,0,1,0,0,1235,1,7
37,0,0,2,2,1,1,0,0,0,1235,1,7
23,1,0,0,6,1,1,0,1,0,1235,1,7
33,0,0,6,1,1,0,1,0,0,1235,1,7
23,1,0,11,3,1,1,0,1,0,1235,1,7
34,0,0,5,0,1,1,0,0,0,1235,1,7
20,0,0,2,0,1,1,0,0,0,1235,1,7
25,0,0,1,0,1,1,0,0,1,1235,1,7
34,0,0,3,1,1,0,1,0,1,1235,1,7
22,1,0,1,19,1,1,0,1,0,1235,1,7
24,1,1,0,0,0,1,0,1,1,1235,1,7
30,0,0,0,5,1,1,0,0,1,1235,1,7
57,0,0,0,0,0,1,0,0,0,1235,1,7
33,0,0,5,-1,1,1,0,0,1,1235,1,7
25,0,1,4,0,1,1,0,0,0,1235,1,7
57,1,0,2,9,1,1,0,1,1,1235,1,7
21,1,1,0,2,1,0,1,1,0,1235,1,7
37,0,0,0,0,1,0,1,0,1,1235,1,7
53,1,0,8,5,1,0,1,1,1,1235,1,7
46,0,0,3,2,0,1,0,0,1,1235,1,7
32,1,0,11,141,0,1,0,1,1,1235,1,7
54,0,0,0,1,1,0,1,0,1,1235,1,7
27,0,0,3,9,0,1,0,0,0,1235,1,7
55,1,1,0,1,0,1,0,1,1,1235,1,7
37,1,0,2,9,1,1,0,1,0,1235,1,7
37,0,0,11,1,0,1,0,0,1,1235,1,7
54,1,0,0,1,0,0,1,1,1,1235,1,7
29,1,0,2,0,1,0,1,1,0,1235,1,7
26,0,0,5,36,1,1,0,0,0,1235,1,7
62,0,0,0,-1,0,0,1,0,1,1235,1,7
46,1,0,0,0,1,1,0,1,1,1235,1,7
63,0,0,2,1,0,0,1,0,1,1235,1,7
40,1,0,4,1,0,0,1,1,1,1235,1,7
27,0,1,0,1,1,0,1,0,1,1235,1,7
54,1,1,1,4,1,0,1,1,1,1235,1,7
25,1,0,9,54,1,1,0,1,1,1235,1,7
27,0,0,3,12,1,1,0,0,1,1235,1,7
50,1,0,0,1,1,0,1,1,1,1235,1,7
37,0,0,0,1,1,1,0,0,1,1235,1,7
35,0,0,7,195,0,1,0,0,1,1235,1,7
37,0,0,12,52,0,0,1,0,1,1235,1,7
39,1,0,0,0,0,1,0,1,0,1235,1,7
48,0,0,12,1,1,1,0,0,1,1235,1,7
41,0,0,3,2,1,0,1,0,0,1235,1,7
23,0,0,4,31,1,1,0,0,1,1235,1,7
35,0,0,0,0,1,1,0,0,1,1235,1,7
42,0,0,1,50,1,1,0,0,0,1235,1,7
33,0,0,5,0,1,1,0,0,0,1235,1,7
27,0,1,0,0,1,0,1,0,1,1235,1,7
33,0,1,0,2,0,1,0,0,1,1235,1,7
32,1,0,2,1,1,1,0,1,1,1235,1,7
24,1,0,1,2,0,0,1,1,1,1235,1,7
50,0,0,24,32,1,0,1,0,0,1235,1,7
35,0,0,16,191,1,1,0,0,0,1235,1,7
21,0,0,0,1,1,1,0,0,0,1235,1,7
24,1,0,3,39,1,1,0,1,0,1235,1,7
26,0,0,3,0,1,1,0,0,0,1235,1,7
36,0,0,2,47,0,1,0,0,0,1235,1,7
34,1,1,5,0,0,1,0,1,0,1235,1,7
34,0,0,12,1,0,1,0,0,0,1235,1,7
33,1,0,0,1,0,0,1,1,1,1235,1,7
24,1,1,0,1,0,1,0,1,1,1235,1,7
46,0,0,0,0,1,1,0,0,1,1235,1,7
49,0,0,7,12,1,1,0,0,0,1235,1,7
26,0,1,1,2,1,1,0,0,1,1235,1,7
51,0,0,0,1,1,1,0,0,0,1235,1,7
34,1,0,1,2,1,1,0,1,1,1235,1,7
23,0,0,2,1,1,0,1,0,0,1235,1,7
44,0,0,0,1,0,0,1,0,0,1235,1,7
25,0,0,0,0,1,1,0,0,0,1235,1,7
21,0,0,2,21,1,0,1,0,0,1235,1,7
28,1,0,0,2,1,0,1,1,0,1235,1,7
25,0,0,1,27,1,1,0,0,0,1235,1,7
31,1,0,0,0,0,0,1,1,0,1235,1,7
25,1,0,0,0,1,1,0,1,1,1235,1,7
45,1,0,2,358,0,1,0,1,1,1235,1,7
56,1,0,0,0,0,0,1,1,1,1235,1,7
27,1,0,1,0,1,1,0,1,1,1235,1,7
53,1,0,8,4,0,0,1,1,0,1235,1,7
55,0,0,1,1,1,1,0,0,0,1235,1,7
46,1,1,1,25,1,1,0,1,1,1235,1,7
33,0,0,11,1,1,1,0,0,0,1235,1,7
46,0,0,0,1,1,1,0,0,1,1235,1,7
32,0,0,3,2,1,1,0,0,0,1235,1,7
29,0,0,0,0,0,1,0,0,1,1235,1,7
22,0,0,0,0,1,1,0,0,0,1235,1,7
42,1,0,0,6,0,0,1,1,1,1235,1,7
37,0,1,0,0,0,1,0,0,1,1235,1,7
26,1,0,1,0,0,0,1,1,1,1235,1,7
42,0,0,2,0,0,1,0,0,1,1235,1,7
35,0,1,7,2,1,1,0,0,0,1235,1,7
59,1,0,0,0,1,1,0,1,1,1235,1,7
27,0,0,4,1,0,1,0,0,0,1235,1,7
22,1,0,0,0,1,1,0,1,1,1235,1,7
22,0,0,1,0,0,0,1,0,0,1235,1,7
46,0,1,0,1,1,1,0,0,1,1235,1,7
21,1,0,1,0,1,1,0,1,1,1235,1,7
37,0,0,2,0,1,0,1,0,1,1235,1,7
31,0,0,15,104,0,1,0,0,1,1235,1,7
44,0,1,0,0,0,1,0,0,1,1235,1,7
32,0,0,17,111,0,1,0,0,0,1235,1,7
24,0,0,4,1,1,1,0,0,0,1235,1,7
31,0,1,0,0,1,0,1,0,1,1235,1,7
50,0,1,1,1,0,1,0,0,1,1235,1,7
25,1,0,5,0,0,1,0,1,0,1235,1,7
59,1,0,2,6,1,0,1,1,0,1235,1,7
26,0,0,15,42,0,1,0,0,1,1235,1,7
30,0,0,11,0,1,1,0,0,1,1235,1,7
52,1,0,6,1,0,1,0,1,0,1235,1,7
57,1,0,0,-1,1,1,0,1,1,1235,1,7
33,0,0,3,114,1,0,1,0,0,1235,1,7
54,0,0,0,-1,1,1,0,0,1,1235,1,7
48,0,0,0,0,1,0,1,0,1,1235,1,7
31,1,0,0,38,1,0,1,1,1,1235,1,7
27,0,0,7,4,0,1,0,0,0,1235,1,7
42,1,0,0,1,1,1,0,1,1,1235,1,7
30,0,0,2,5,1,0,1,0,1,1235,1,7
46,0,0,2,64,1,1,0,0,0,1235,1,7
20,1,0,0,0,0,0,1,1,0,1235,1,7
20,0,0,0,11,1,1,0,0,1,1235,1,7
20,1,0,0,1,0,0,1,1,1,1235,1,7
46,0,0,9,115,1,1,0,0,0,1235,1,7
32,0,0,4,1,0,1,0,0,0,1235,1,7
23,0,0,1,0,0,0,1,0,1,1235,1,7
25,1,0,2,1,0,1,0,1,0,1235,1,7
23,1,1,0,1,0,1,0,1,0,1235,1,7
25,0,0,0,4,1,0,1,0,0,1235,1,7
35,0,0,2,13,1,1,0,0,1,1235,1,7
47,1,0,12,66,0,0,1,1,0,1235,1,7
26,0,0,7,1,1,1,0,0,1,1235,1,7
21,1,0,0,0,1,1,0,1,1,1235,1,7
37,0,0,0,1,0,0,1,0,1,1235,1,7
60,1,0,18,3,1,0,1,1,0,1235,1,7
46,0,0,2,0,1,1,0,0,1,1235,1,7
31,0,1,2,1,0,1,0,0,0,1235,1,7
64,1,1,0,0,1,0,1,1,1,1235,1,7
41,0,0,8,1,1,1,0,0,1,1235,1,7
31,1,0,10,1,0,1,0,1,0,1235,1,7
23,0,0,6,5,1,0,1,0,0,1235,1,7
39,1,0,5,18,0,1,0,1,1,1235,1,7
27,1,0,6,34,0,1,0,1,0,1235,1,7
23,0,0,3,0,1,1,0,0,0,1235,1,7
23,1,0,0,0,0,0,1,1,0,1235,1,7
26,1,0,0,0,0,1,0,1,1,1235,1,7
23,0,0,2,237,1,1,0,0,1,1235,1,7
23,0,0,0,2,0,1,0,0,1,1235,1,7
21,0,0,0,0,1,1,0,0,1,1235,1,7
20,0,0,0,1,1,1,0,0,0,1235,1,7
32,0,0,17,0,0,1,0,0,0,1235,1,7
33,0,0,16,0,1,1,0,0,0,1235,1,7
29,0,0,2,0,0,0,1,0,1,1235,1,7
41,0,0,18,299,1,1,0,0,0,1235,1,7
37,1,0,2,47,0,1,0,1,0,1235,1,7
34,1,0,2,1,1,0,1,1,1,1235,1,7
52,1,1,0,0,1,0,1,1,1,1235,1,7
24,1,0,0,0,0,0,1,1,1,1235,1,7
40,0,0,0,0,0,0,1,0,1,1235,1,7
36,0,0,1,39,1,0,1,0,0,1235,1,7
30,0,0,0,1,0,0,1,0,1,1235,1,7
33,0,0,0,0,1,1,0,0,1,1235,1,7
42,0,0,3,1,0,1,0,0,0,1235,1,7
23,0,0,0,3,0,1,0,0,1,1235,1,7
32,0,0,4,44,1,1,0,0,0,1235,1,7
54,1,0,3,8,0,1,0,1,0,1235,1,7
42,0,0,0,1,1,1,0,0,0,1235,1,7
48,0,0,7,4,0,0,1,0,0,1235,1,7
26,1,1,1,0,0,0,1,1,1,1235,1,7
29,0,0,4,8,0,1,0,0,0,1235,1,7
59,1,0,0,0,1,0,1,1,0,1235,1,7
20,0,0,0,0,0,1,0,0,0,1235,1,7
54,0,0,0,27,1,1,0,0,1,1235,1,7
32,1,0,0,0,0,1,0,1,1,1235,1,7
34,1,0,9,1,0,1,0,1,0,1235,1,7
23,0,0,0,0,0,0,1,0,1,1235,1,7
27,1,0,0,1,0,0,1,1,1,1235,1,7
27,0,0,4,1,0,0,1,0,1,1235,1,7
32,1,0,9,4,0,0,1,1,0,1235,1,7
35,0,0,17,2,1,0,1,0,0,1235,1,7
23,0,1,0,0,1,1,0,0,1,1235,1,7
56,1,1,0,0,1,0,1,1,1,1235,1,7
22,0,0,0,53,1,0,1,0,1,1235,1,7
41,0,0,0,177,0,1,0,0,1,1235,1,7
