sex(,Age,Unrelated_column_one,credit_history_1,credit_history_2,credit_history_3,savings_1,savings_2,savings_3,employment_1,employment_2,employment_3,foreign_worker_0,foreign_worker_1,predicted,!Probability,samples,fold,model_num
1,1,1,1,0,0,1,0,0,1,0,0,1,0,1,1,32,1,0
1,1,0,1,0,0,1,0,0,1,0,0,1,0,1,1,32,1,0
1,1,1,1,0,0,1,0,0,1,0,0,1,0,1,1,32,1,0
1,1,1,1,0,0,1,0,0,1,0,0,1,0,1,1,32,1,0
1,1,0,0,1,0,1,0,0,1,0,0,1,0,1,1,32,1,0
1,0,0,1,0,0,1,0,0,1,0,0,1,0,1,1,32,1,0
0,1,1,1,0,0,1,0,0,1,0,0,1,0,0,1,32,1,0
0,1,1,1,0,0,1,0,0,1,0,0,1,0,0,1,32,1,0
1,1,0,0,0,1,1,0,0,1,0,0,1,0,1,1,32,1,0
0,1,0,1,0,0,1,0,0,1,0,0,1,0,0,1,32,1,0
0,0,1,1,0,0,1,0,0,1,0,0,1,0,0,1,32,1,0
0,0,0,1,0,0,1,0,0,1,0,0,1,0,0,1,32,1,0
1,1,0,1,0,0,1,0,0,0,1,0,1,0,1,0,32,1,0
1,1,0,1,0,0,0,0,1,0,1,0,1,0,1,1,32,1,0
1,1,0,1,0,0,1,0,0,0,1,0,1,0,1,1,32,1,0
1,1,0,1,0,0,0,0,1,1,0,0,1,0,1,1,32,1,0
1,1,1,0,0,1,1,0,0,0,1,0,1,0,1,1,32,1,0
1,1,1,0,0,1,1,0,0,0,1,0,1,0,1,1,32,1,0
1,1,1,1,0,0,1,0,0,0,1,0,1,0,1,1,32,1,0
1,1,1,1,0,0,1,0,0,0,1,0,1,0,1,1,32,1,0
1,1,0,0,0,1,1,0,0,0,1,0,1,0,1,1,32,1,0
1,1,0,0,0,1,1,0,0,0,1,0,1,0,1,1,32,1,0
1,1,1,0,0,1,1,0,0,1,0,0,1,0,1,1,32,1,0
1,1,1,0,0,1,1,0,0,0,1,0,1,0,1,1,32,1,0
0,1,0,1,0,0,1,0,0,0,1,0,1,0,0,1,32,1,0
0,1,1,1,0,0,1,0,0,0,1,0,1,0,0,1,32,1,0
1,1,1,1,0,0,0,0,1,0,1,0,1,0,1,1,32,1,0
1,1,0,1,0,0,0,1,0,0,1,0,1,0,1,1,32,1,0
0,1,1,0,0,1,1,0,0,1,0,0,1,0,0,1,32,1,0
1,1,1,0,0,1,0,1,0,1,0,0,1,0,1,1,32,1,0
1,1,0,0,0,1,0,0,1,0,1,0,1,0,1,1,32,1,0
0,1,1,1,0,0,0,0,1,1,0,0,1,0,0,1,32,1,0
1,1,1,1,0,0,1,0,0,1,0,0,1,0,1,1,160,1,0
1,1,0,1,0,0,1,0,0,1,0,0,1,0,1,1,160,1,0
1,1,0,1,0,0,1,0,0,1,0,0,1,0,1,1,160,1,0
1,1,0,1,0,0,1,0,0,1,0,0,1,0,1,1,160,1,0
1,1,1,1,0,0,1,0,0,1,0,0,1,0,1,1,160,1,0
1,1,0,1,0,0,1,0,0,1,0,0,1,0,1,1,160,1,0
1,0,1,1,0,0,1,0,0,1,0,0,1,0,1,1,160,1,0
1,0,1,1,0,0,1,0,0,1,0,0,1,0,1,0,160,1,0
1,0,1,1,0,0,1,0,0,1,0,0,1,0,1,0,160,1,0
1,1,0,1,0,0,1,0,0,1,0,0,1,0,1,1,160,1,0
1,1,1,1,0,0,1,0,0,1,0,0,1,0,1,1,160,1,0
1,1,1,1,0,0,1,0,0,1,0,0,1,0,1,0,160,1,0
1,1,1,1,0,0,1,0,0,1,0,0,1,0,1,1,160,1,0
1,1,0,1,0,0,1,0,0,1,0,0,0,1,1,1,160,1,0
1,1,0,1,0,0,1,0,0,1,0,0,0,1,1,1,160,1,0
1,1,1,1,0,0,1,0,0,0,0,1,1,0,1,1,160,1,0
1,1,1,0,1,0,1,0,0,1,0,0,1,0,1,0,160,1,0
1,1,1,0,1,0,1,0,0,1,0,0,1,0,1,1,160,1,0
1,1,1,1,0,0,1,0,0,1,0,0,1,0,1,1,160,1,0
1,1,0,1,0,0,0,1,0,1,0,0,1,0,1,0,160,1,0
1,1,0,0,1,0,1,0,0,1,0,0,1,0,1,1,160,1,0
1,1,0,1,0,0,1,0,0,1,0,0,1,0,1,1,160,1,0
1,1,0,0,1,0,1,0,0,1,0,0,1,0,1,0,160,1,0
1,1,0,0,1,0,1,0,0,1,0,0,1,0,1,1,160,1,0
1,1,0,1,0,0,1,0,0,1,0,0,1,0,1,1,160,1,0
1,0,0,1,0,0,1,0,0,1,0,0,1,0,1,1,160,1,0
1,1,0,1,0,0,1,0,0,1,0,0,1,0,1,0,160,1,0
1,0,0,1,0,0,1,0,0,1,0,0,1,0,1,1,160,1,0
1,0,1,1,0,0,1,0,0,0,0,1,1,0,1,1,160,1,0
1,0,0,1,0,0,1,0,0,1,0,0,1,0,1,1,160,1,0
0,1,1,1,0,0,1,0,0,1,0,0,1,0,0,1,160,1,0
0,1,1,1,0,0,1,0,0,1,0,0,1,0,0,0,160,1,0
0,1,1,1,0,0,1,0,0,1,0,0,1,0,0,0,160,1,0
0,1,1,1,0,0,1,0,0,1,0,0,1,0,0,0,160,1,0
0,1,1,1,0,0,1,0,0,1,0,0,1,0,0,1,160,1,0
0,0,1,1,0,0,1,0,0,1,0,0,1,0,0,1,160,1,0
0,0,1,1,0,0,1,0,0,1,0,0,1,0,0,0,160,1,0
0,1,1,1,0,0,1,0,0,1,0,0,1,0,0,1,160,1,0
1,1,1,0,1,0,1,0,0,0,0,1,1,0,1,0,160,1,0
1,1,1,0,1,0,1,0,0,0,0,1,1,0,1,1,160,1,0
1,1,0,0,0,1,1,0,0,1,0,0,1,0,1,1,160,1,0
1,1,0,0,0,1,1,0,0,1,0,0,1,0,1,0,160,1,0
0,0,0,0,0,1,1,0,0,1,0,0,1,0,0,1,160,1,0
0,0,0,0,0,1,1,0,0,1,0,0,1,0,0,1,160,1,0
1,1,0,0,0,1,1,0,0,1,0,0,1,0,1,0,160,1,0
1,0,0,0,0,1,1,0,0,1,0,0,1,0,1,1,160,1,0
1,0,0,0,0,1,1,0,0,1,0,0,1,0,1,1,160,1,0
0,1,0,1,0,0,1,0,0,1,0,0,1,0,0,0,160,1,0
0,1,0,1,0,0,1,0,0,1,0,0,1,0,0,0,160,1,0
0,1,0,1,0,0,1,0,0,1,0,0,1,0,0,1,160,1,0
0,0,0,1,0,0,1,0,0,1,0,0,1,0,0,0,160,1,0
0,0,0,1,0,0,1,0,0,1,0,0,1,0,0,1,160,1,0
0,1,0,1,0,0,0,0,1,1,0,0,1,0,0,0,160,1,0
0,0,1,1,0,0,1,0,0,1,0,0,1,0,0,1,160,1,0
1,1,1,0,1,0,0,0,1,1,0,0,1,0,1,0,160,1,0
1,1,0,0,1,0,1,0,0,0,1,0,1,0,1,1,160,1,0
1,1,0,0,1,0,1,0,0,0,1,0,1,0,1,1,160,1,0
0,0,0,1,0,0,1,0,0,1,0,0,1,0,0,0,160,1,0
0,0,0,1,0,0,1,0,0,1,0,0,1,0,0,0,160,1,0
1,1,0,0,1,0,1,0,0,0,1,0,1,0,1,1,160,1,0
1,0,0,1,0,0,1,0,0,0,1,0,1,0,1,0,160,1,0
1,1,0,1,0,0,1,0,0,0,1,0,1,0,1,0,160,1,0
1,1,0,1,0,0,1,0,0,0,1,0,1,0,1,0,160,1,0
1,1,0,1,0,0,1,0,0,0,1,0,1,0,1,1,160,1,0
1,1,0,1,0,0,1,0,0,0,1,0,1,0,1,0,160,1,0
1,1,0,1,0,0,0,0,1,0,0,1,1,0,1,1,160,1,0
0,0,1,1,0,0,1,0,0,0,0,1,1,0,0,1,160,1,0
1,1,0,1,0,0,0,0,1,0,1,0,1,0,1,0,160,1,0
1,1,0,1,0,0,1,0,0,0,1,0,1,0,1,1,160,1,0
1,0,0,1,0,0,0,0,1,1,0,0,1,0,1,0,160,1,0
1,1,0,1,0,0,1,0,0,0,1,0,1,0,1,1,160,1,0
1,1,0,1,0,0,1,0,0,0,1,0,1,0,1,0,160,1,0
1,1,0,1,0,0,1,0,0,0,1,0,1,0,1,1,160,1,0
1,1,0,1,0,0,1,0,0,0,1,0,1,0,1,1,160,1,0
1,1,0,1,0,0,1,0,0,0,1,0,1,0,1,1,160,1,0
1,1,0,1,0,0,0,0,1,1,0,0,1,0,1,1,160,1,0
1,0,1,1,0,0,0,0,1,1,0,0,1,0,1,0,160,1,0
1,1,0,1,0,0,0,0,1,1,0,0,1,0,1,1,160,1,0
0,1,1,1,0,0,0,0,1,1,0,0,1,0,0,0,160,1,0
1,1,0,1,0,0,0,0,1,1,0,0,1,0,1,0,160,1,0
0,1,1,0,0,1,1,0,0,0,1,0,1,0,0,1,160,1,0
1,1,1,0,0,1,1,0,0,0,1,0,1,0,1,1,160,1,0
0,1,1,0,0,1,1,0,0,0,1,0,1,0,0,1,160,1,0
1,1,1,0,0,1,1,0,0,0,1,0,1,0,1,1,160,1,0
0,1,1,0,0,1,1,0,0,0,1,0,1,0,0,1,160,1,0
1,1,1,0,0,1,1,0,0,0,1,0,1,0,1,1,160,1,0
1,1,1,0,0,1,1,0,0,0,1,0,1,0,1,1,160,1,0
1,1,1,0,0,1,1,0,0,0,1,0,1,0,1,1,160,1,0
1,1,1,0,0,1,1,0,0,0,1,0,1,0,1,1,160,1,0
1,1,1,0,1,0,1,0,0,0,1,0,1,0,1,0,160,1,0
1,1,1,1,0,0,1,0,0,0,1,0,1,0,1,1,160,1,0
1,1,1,1,0,0,1,0,0,0,1,0,1,0,1,1,160,1,0
1,1,1,1,0,0,1,0,0,0,1,0,1,0,1,1,160,1,0
1,1,1,1,0,0,1,0,0,0,1,0,1,0,1,1,160,1,0
1,1,1,1,0,0,1,0,0,0,1,0,1,0,1,1,160,1,0
1,1,1,1,0,0,1,0,0,0,1,0,1,0,1,0,160,1,0
1,1,1,1,0,0,1,0,0,0,1,0,1,0,1,0,160,1,0
1,1,1,1,0,0,1,0,0,0,1,0,1,0,1,0,160,1,0
1,1,1,1,0,0,1,0,0,0,1,0,1,0,1,1,160,1,0
1,1,0,0,1,0,1,0,0,0,1,0,1,0,1,1,160,1,0
1,1,0,0,0,1,1,0,0,0,1,0,1,0,1,1,160,1,0
1,1,0,0,0,1,0,1,0,0,1,0,1,0,1,1,160,1,0
1,1,0,0,0,1,1,0,0,0,1,0,1,0,1,1,160,1,0
1,1,0,0,0,1,0,1,0,0,1,0,1,0,1,1,160,1,0
1,1,0,0,0,1,1,0,0,0,1,0,1,0,1,1,160,1,0
1,1,0,0,0,1,1,0,0,0,1,0,1,0,1,0,160,1,0
1,1,0,0,0,1,1,0,0,0,1,0,1,0,1,1,160,1,0
1,1,1,0,0,1,1,0,0,0,0,1,1,0,1,1,160,1,0
1,1,0,0,0,1,1,0,0,0,1,0,1,0,1,1,160,1,0
1,1,1,0,0,1,0,1,0,0,0,1,1,0,1,1,160,1,0
1,1,1,0,0,1,1,0,0,1,0,0,0,1,1,1,160,1,0
1,1,1,0,0,1,1,0,0,1,0,0,0,1,1,1,160,1,0
1,1,0,0,0,1,1,0,0,1,0,0,0,1,1,1,160,1,0
1,1,1,0,0,1,1,0,0,1,0,0,1,0,1,1,160,1,0
1,1,1,0,0,1,1,0,0,1,0,0,1,0,1,1,160,1,0
1,1,1,0,0,1,0,0,1,0,1,0,1,0,1,1,160,1,0
1,1,1,0,0,1,1,0,0,1,0,0,1,0,1,1,160,1,0
0,1,0,0,0,1,1,0,0,0,1,0,0,1,0,1,160,1,0
1,1,1,0,0,1,1,0,0,0,0,1,1,0,1,1,160,1,0
1,1,1,0,0,1,0,0,1,0,1,0,1,0,1,1,160,1,0
0,0,1,1,0,0,0,0,1,0,1,0,1,0,0,1,160,1,0
1,0,1,1,0,0,0,1,0,0,1,0,1,0,1,1,160,1,0
0,0,0,1,0,0,0,1,0,0,0,1,1,0,0,1,160,1,0
0,1,0,1,0,0,1,0,0,0,1,0,1,0,0,1,160,1,0
0,1,0,1,0,0,1,0,0,0,1,0,1,0,0,0,160,1,0
0,0,0,0,0,1,1,0,0,0,1,0,1,0,0,1,160,1,0
1,1,1,0,1,0,0,0,1,0,1,0,1,0,1,1,160,1,0
0,1,1,1,0,0,1,0,0,0,1,0,1,0,0,1,160,1,0
0,1,1,1,0,0,1,0,0,0,1,0,1,0,0,1,160,1,0
0,0,0,0,0,1,1,0,0,0,1,0,1,0,0,1,160,1,0
0,1,0,1,0,0,0,1,0,1,0,0,1,0,0,1,160,1,0
0,1,0,1,0,0,0,1,0,1,0,0,1,0,0,0,160,1,0
1,1,1,1,0,0,0,0,1,0,1,0,1,0,1,1,160,1,0
0,1,0,1,0,0,0,1,0,1,0,0,1,0,0,1,160,1,0
1,1,1,1,0,0,0,1,0,1,0,0,1,0,1,1,160,1,0
0,1,0,0,0,1,0,1,0,0,1,0,1,0,0,1,160,1,0
1,1,0,1,0,0,0,1,0,0,1,0,1,0,1,1,160,1,0
0,1,0,0,0,1,0,1,0,0,1,0,1,0,0,1,160,1,0
1,1,1,0,1,0,0,0,1,0,1,0,1,0,1,1,160,1,0
1,1,0,1,0,0,0,1,0,0,1,0,1,0,1,1,160,1,0
0,1,1,0,0,1,1,0,0,1,0,0,1,0,0,0,160,1,0
0,1,1,0,0,1,1,0,0,1,0,0,1,0,0,0,160,1,0
0,1,0,0,0,1,1,0,0,1,0,0,1,0,0,1,160,1,0
0,1,0,0,0,1,0,1,0,1,0,0,1,0,0,1,160,1,0
0,1,0,0,0,1,1,0,0,1,0,0,1,0,0,1,160,1,0
0,0,1,0,0,1,1,0,0,1,0,0,1,0,0,1,160,1,0
1,0,1,0,0,1,0,1,0,1,0,0,1,0,1,0,160,1,0
1,1,1,0,1,0,0,1,0,1,0,0,1,0,1,0,160,1,0
0,1,0,1,0,0,1,0,0,1,0,0,0,1,0,0,160,1,0
0,0,1,0,0,1,1,0,0,1,0,0,1,0,0,1,160,1,0
1,1,0,0,0,1,0,0,1,0,1,0,1,0,1,1,160,1,0
1,1,0,0,0,1,0,0,1,0,1,0,1,0,1,1,160,1,0
1,1,0,0,0,1,0,0,1,0,1,0,1,0,1,1,160,1,0
1,1,0,0,0,1,0,0,1,0,1,0,1,0,1,1,160,1,0
1,1,0,0,0,1,0,0,1,0,1,0,1,0,1,1,160,1,0
1,1,0,1,0,0,0,0,1,0,1,0,0,1,1,1,160,1,0
0,1,1,1,0,0,0,0,1,0,1,0,1,0,0,0,160,1,0
1,1,0,1,0,0,0,0,1,0,1,0,0,1,1,1,160,1,0
0,1,1,1,0,0,0,0,1,0,1,0,1,0,0,1,160,1,0
1,1,0,0,0,1,0,0,1,1,0,0,0,1,1,1,160,1,0
1,0,0,1,0,0,1,0,0,1,0,0,0,1,1,1,224,1,0
1,0,1,1,0,0,1,0,0,1,0,0,1,0,1,1,224,1,0
1,1,0,1,0,0,1,0,0,1,0,0,1,0,1,1,224,1,0
1,0,1,1,0,0,1,0,0,1,0,0,1,0,1,1,224,1,0
1,1,1,1,0,0,1,0,0,1,0,0,1,0,1,0,224,1,0
1,1,0,1,0,0,1,0,0,1,0,0,1,0,1,1,224,1,0
1,1,0,1,0,0,1,0,0,1,0,0,1,0,1,1,224,1,0
1,1,0,1,0,0,1,0,0,1,0,0,1,0,1,1,224,1,0
1,1,0,1,0,0,1,0,0,1,0,0,1,0,1,1,224,1,0
1,1,0,1,0,0,1,0,0,1,0,0,1,0,1,1,224,1,0
1,0,1,1,0,0,1,0,0,1,0,0,1,0,1,0,224,1,0
1,0,1,1,0,0,1,0,0,1,0,0,1,0,1,0,224,1,0
1,1,0,1,0,0,1,0,0,1,0,0,1,0,1,1,224,1,0
1,1,0,1,0,0,1,0,0,1,0,0,1,0,1,1,224,1,0
1,1,1,1,0,0,1,0,0,1,0,0,1,0,1,0,224,1,0
1,1,0,1,0,0,1,0,0,1,0,0,0,1,1,1,224,1,0
1,1,0,1,0,0,1,0,0,1,0,0,0,1,1,1,224,1,0
1,1,1,1,0,0,1,0,0,1,0,0,1,0,1,0,224,1,0
1,1,1,1,0,0,1,0,0,1,0,0,1,0,1,1,224,1,0
1,1,1,1,0,0,1,0,0,1,0,0,1,0,1,1,224,1,0
1,1,0,1,0,0,1,0,0,1,0,0,0,1,1,1,224,1,0
1,1,1,1,0,0,1,0,0,0,0,1,1,0,1,1,224,1,0
1,1,1,0,1,0,1,0,0,1,0,0,1,0,1,0,224,1,0
1,1,1,1,0,0,1,0,0,1,0,0,1,0,1,1,224,1,0
1,1,0,1,0,0,0,1,0,1,0,0,1,0,1,0,224,1,0
1,1,1,0,1,0,1,0,0,1,0,0,1,0,1,1,224,1,0
1,1,1,1,0,0,1,0,0,1,0,0,1,0,1,1,224,1,0
1,1,1,1,0,0,1,0,0,1,0,0,1,0,1,0,224,1,0
1,1,0,0,1,0,1,0,0,1,0,0,1,0,1,1,224,1,0
1,1,0,1,0,0,1,0,0,1,0,0,1,0,1,0,224,1,0
1,1,0,0,1,0,1,0,0,1,0,0,1,0,1,0,224,1,0
1,1,0,0,1,0,1,0,0,1,0,0,1,0,1,1,224,1,0
1,1,0,1,0,0,1,0,0,1,0,0,1,0,1,1,224,1,0
1,1,0,0,1,0,1,0,0,1,0,0,1,0,1,1,224,1,0
1,1,0,1,0,0,1,0,0,1,0,0,1,0,1,1,224,1,0
1,1,0,1,0,0,1,0,0,1,0,0,1,0,1,0,224,1,0
0,0,1,1,0,0,1,0,0,1,0,0,1,0,0,0,224,1,0
1,0,0,1,0,0,1,0,0,1,0,0,1,0,1,1,224,1,0
1,1,0,1,0,0,1,0,0,1,0,0,1,0,1,1,224,1,0
1,1,0,1,0,0,1,0,0,1,0,0,1,0,1,1,224,1,0
1,0,0,1,0,0,1,0,0,1,0,0,1,0,1,1,224,1,0
1,0,0,1,0,0,1,0,0,1,0,0,1,0,1,1,224,1,0
0,1,1,1,0,0,1,0,0,1,0,0,1,0,0,1,224,1,0
0,1,1,1,0,0,1,0,0,1,0,0,1,0,0,1,224,1,0
0,1,1,1,0,0,1,0,0,1,0,0,1,0,0,1,224,1,0
0,1,1,1,0,0,1,0,0,1,0,0,1,0,0,0,224,1,0
0,1,1,1,0,0,1,0,0,1,0,0,1,0,0,1,224,1,0
0,1,1,1,0,0,1,0,0,1,0,0,1,0,0,1,224,1,0
0,1,1,1,0,0,1,0,0,1,0,0,1,0,0,0,224,1,0
0,1,0,1,0,0,1,0,0,1,0,0,1,0,0,1,224,1,0
0,1,1,1,0,0,1,0,0,1,0,0,1,0,0,1,224,1,0
1,1,1,1,0,0,0,0,1,1,0,0,1,0,1,0,224,1,0
1,1,1,1,0,0,0,0,1,1,0,0,1,0,1,1,224,1,0
0,1,1,1,0,0,1,0,0,0,0,1,1,0,0,0,224,1,0
0,1,1,1,0,0,1,0,0,0,0,1,1,0,0,0,224,1,0
0,0,1,1,0,0,1,0,0,1,0,0,1,0,0,1,224,1,0
1,1,0,0,0,1,1,0,0,1,0,0,1,0,1,1,224,1,0
1,1,0,0,0,1,1,0,0,1,0,0,1,0,1,1,224,1,0
1,1,0,0,0,1,1,0,0,1,0,0,1,0,1,1,224,1,0
1,1,0,0,0,1,1,0,0,1,0,0,1,0,1,1,224,1,0
1,1,0,0,0,1,1,0,0,1,0,0,1,0,1,1,224,1,0
0,0,0,0,0,1,1,0,0,1,0,0,1,0,0,0,224,1,0
1,1,0,0,0,1,1,0,0,1,0,0,1,0,1,1,224,1,0
0,1,0,1,0,0,1,0,0,1,0,0,1,0,0,1,224,1,0
0,1,0,1,0,0,1,0,0,1,0,0,1,0,0,1,224,1,0
0,1,0,1,0,0,1,0,0,1,0,0,1,0,0,1,224,1,0
0,1,0,1,0,0,1,0,0,1,0,0,1,0,0,1,224,1,0
0,1,0,1,0,0,1,0,0,1,0,0,1,0,0,1,224,1,0
0,1,0,1,0,0,1,0,0,1,0,0,1,0,0,1,224,1,0
1,0,0,0,0,1,1,0,0,1,0,0,1,0,1,1,224,1,0
0,0,1,1,0,0,1,0,0,1,0,0,1,0,0,1,224,1,0
0,0,1,1,0,0,1,0,0,1,0,0,1,0,0,0,224,1,0
0,0,1,1,0,0,1,0,0,1,0,0,1,0,0,0,224,1,0
0,0,0,1,0,0,1,0,0,1,0,0,1,0,0,0,224,1,0
0,0,1,1,0,0,1,0,0,1,0,0,1,0,0,0,224,1,0
0,0,1,1,0,0,1,0,0,1,0,0,1,0,0,0,224,1,0
0,0,1,1,0,0,1,0,0,1,0,0,1,0,0,0,224,1,0
0,0,0,1,0,0,1,0,0,1,0,0,1,0,0,1,224,1,0
0,0,0,1,0,0,1,0,0,1,0,0,1,0,0,0,224,1,0
1,1,0,0,1,0,1,0,0,0,1,0,1,0,1,1,224,1,0
0,0,0,1,0,0,1,0,0,1,0,0,1,0,0,0,224,1,0
0,0,0,1,0,0,1,0,0,1,0,0,1,0,0,1,224,1,0
1,1,0,0,0,1,0,0,1,1,0,0,1,0,1,1,224,1,0
1,1,0,0,1,0,1,0,0,0,1,0,1,0,1,1,224,1,0
1,1,0,1,0,0,1,0,0,0,1,0,1,0,1,0,224,1,0
1,1,0,1,0,0,1,0,0,0,1,0,1,0,1,0,224,1,0
1,1,0,1,0,0,1,0,0,0,1,0,1,0,1,0,224,1,0
1,1,0,1,0,0,1,0,0,0,1,0,1,0,1,1,224,1,0
1,1,0,1,0,0,1,0,0,0,1,0,1,0,1,1,224,1,0
1,0,0,1,0,0,1,0,0,0,1,0,1,0,1,0,224,1,0
0,0,0,1,0,0,1,0,0,0,1,0,1,0,0,1,224,1,0
1,1,0,1,0,0,0,0,1,0,0,1,1,0,1,1,224,1,0
1,1,0,1,0,0,0,0,1,0,1,0,1,0,1,1,224,1,0
1,0,0,1,0,0,0,0,1,0,1,0,1,0,1,1,224,1,0
1,1,0,1,0,0,0,0,1,0,1,0,1,0,1,1,224,1,0
1,0,1,1,0,0,0,0,1,0,0,1,1,0,1,0,224,1,0
1,1,0,1,0,0,0,0,1,0,0,1,1,0,1,0,224,1,0
0,0,1,1,0,0,0,0,1,0,0,1,1,0,0,1,224,1,0
1,1,0,1,0,0,1,0,0,0,1,0,1,0,1,1,224,1,0
1,1,0,1,0,0,1,0,0,0,1,0,1,0,1,0,224,1,0
1,1,0,1,0,0,1,0,0,0,1,0,1,0,1,0,224,1,0
1,1,0,1,0,0,1,0,0,0,1,0,1,0,1,1,224,1,0
1,1,0,1,0,0,1,0,0,0,1,0,1,0,1,1,224,1,0
1,1,0,1,0,0,1,0,0,0,1,0,1,0,1,0,224,1,0
1,1,0,1,0,0,1,0,0,0,1,0,1,0,1,1,224,1,0
0,1,1,1,0,0,0,0,1,1,0,0,1,0,0,1,224,1,0
1,1,0,1,0,0,0,0,1,1,0,0,1,0,1,0,224,1,0
0,1,1,1,0,0,0,0,1,1,0,0,1,0,0,0,224,1,0
0,0,1,0,1,0,0,0,1,1,0,0,1,0,0,1,224,1,0
1,1,0,1,0,0,0,0,1,1,0,0,1,0,1,1,224,1,0
1,1,0,1,0,0,0,0,1,1,0,0,1,0,1,0,224,1,0
0,0,1,0,1,0,0,0,1,1,0,0,1,0,0,1,224,1,0
0,1,1,0,0,1,1,0,0,0,1,0,1,0,0,1,224,1,0
1,1,1,0,0,1,1,0,0,0,1,0,1,0,1,1,224,1,0
1,1,1,0,0,1,1,0,0,0,1,0,1,0,1,0,224,1,0
1,1,1,0,0,1,1,0,0,0,1,0,1,0,1,0,224,1,0
1,1,1,0,0,1,1,0,0,0,1,0,1,0,1,1,224,1,0
0,1,1,0,0,1,1,0,0,0,1,0,1,0,0,0,224,1,0
1,1,1,0,0,1,1,0,0,0,1,0,1,0,1,0,224,1,0
1,1,1,0,0,1,1,0,0,0,1,0,1,0,1,1,224,1,0
1,1,1,0,0,1,1,0,0,0,1,0,1,0,1,1,224,1,0
1,1,1,0,0,1,1,0,0,0,1,0,1,0,1,1,224,1,0
1,1,1,0,1,0,1,0,0,0,1,0,1,0,1,0,224,1,0
1,1,1,0,0,1,1,0,0,0,1,0,1,0,1,1,224,1,0
1,1,1,0,1,0,1,0,0,0,1,0,1,0,1,0,224,1,0
1,1,1,0,1,0,1,0,0,0,1,0,1,0,1,0,224,1,0
1,1,1,1,0,0,1,0,0,0,1,0,1,0,1,0,224,1,0
1,1,1,1,0,0,1,0,0,0,1,0,1,0,1,1,224,1,0
1,1,1,1,0,0,1,0,0,0,1,0,1,0,1,0,224,1,0
1,1,1,1,0,0,1,0,0,0,1,0,1,0,1,0,224,1,0
1,1,1,1,0,0,1,0,0,0,1,0,1,0,1,0,224,1,0
1,1,1,1,0,0,1,0,0,0,1,0,1,0,1,0,224,1,0
1,1,1,1,0,0,1,0,0,0,1,0,1,0,1,0,224,1,0
1,1,1,1,0,0,1,0,0,0,1,0,1,0,1,1,224,1,0
1,1,1,1,0,0,1,0,0,0,1,0,1,0,1,1,224,1,0
1,1,1,1,0,0,1,0,0,0,1,0,1,0,1,1,224,1,0
1,1,1,1,0,0,1,0,0,0,1,0,1,0,1,1,224,1,0
1,1,1,1,0,0,1,0,0,0,1,0,1,0,1,1,224,1,0
1,1,1,1,0,0,1,0,0,0,1,0,1,0,1,1,224,1,0
1,0,1,0,0,1,1,0,0,0,1,0,1,0,1,1,224,1,0
1,1,0,0,0,1,1,0,0,0,1,0,1,0,1,1,224,1,0
1,1,0,0,0,1,0,1,0,0,1,0,1,0,1,1,224,1,0
1,1,0,0,0,1,1,0,0,0,1,0,1,0,1,1,224,1,0
1,1,0,0,0,1,1,0,0,0,1,0,1,0,1,1,224,1,0
1,1,0,0,0,1,1,0,0,0,1,0,1,0,1,1,224,1,0
1,1,0,0,0,1,1,0,0,0,1,0,1,0,1,0,224,1,0
1,1,0,0,0,1,1,0,0,0,1,0,1,0,1,1,224,1,0
0,1,0,0,0,1,1,0,0,0,1,0,1,0,0,1,224,1,0
1,1,0,0,0,1,1,0,0,0,0,1,1,0,1,1,224,1,0
1,1,1,0,0,1,0,1,0,0,1,0,1,0,1,1,224,1,0
0,1,0,0,0,1,1,0,0,0,1,0,1,0,0,1,224,1,0
1,1,0,0,0,1,1,0,0,0,1,0,1,0,1,1,224,1,0
1,1,1,0,0,1,1,0,0,0,0,1,1,0,1,1,224,1,0
0,1,0,0,0,1,1,0,0,0,1,0,1,0,0,1,224,1,0
1,1,1,0,0,1,1,0,0,0,1,0,0,1,1,1,224,1,0
1,1,1,0,0,1,1,0,0,1,0,0,1,0,1,1,224,1,0
1,1,1,0,0,1,1,0,0,1,0,0,1,0,1,1,224,1,0
1,1,1,0,0,1,1,0,0,1,0,0,1,0,1,0,224,1,0
1,1,1,0,0,1,1,0,0,1,0,0,0,1,1,1,224,1,0
1,1,1,0,0,1,1,0,0,1,0,0,1,0,1,1,224,1,0
1,1,1,0,0,1,1,0,0,0,1,0,0,1,1,1,224,1,0
0,1,1,0,0,1,0,1,0,0,1,0,0,1,0,1,224,1,0
0,1,0,0,0,1,1,0,0,0,1,0,0,1,0,1,224,1,0
1,1,1,0,0,1,0,0,1,0,1,0,1,0,1,1,224,1,0
1,1,1,0,0,1,0,0,1,0,1,0,1,0,1,1,224,1,0
0,1,0,0,0,1,1,0,0,0,0,1,1,0,0,0,224,1,0
1,1,1,0,0,1,1,0,0,0,0,1,1,0,1,1,224,1,0
1,1,1,0,0,1,0,0,1,0,1,0,1,0,1,0,224,1,0
1,1,1,1,0,0,0,1,0,0,1,0,1,0,1,1,224,1,0
0,1,0,1,0,0,1,0,0,0,1,0,1,0,0,1,224,1,0
0,0,0,1,0,0,0,1,0,0,1,0,1,0,0,1,224,1,0
1,1,1,1,0,0,0,1,0,0,1,0,1,0,1,1,224,1,0
0,1,1,1,0,0,0,1,0,0,1,0,1,0,0,1,224,1,0
1,1,1,1,0,0,0,1,0,0,1,0,1,0,1,1,224,1,0
0,0,1,1,0,0,0,0,1,0,1,0,1,0,0,1,224,1,0
0,1,1,1,0,0,1,0,0,0,1,0,1,0,0,0,224,1,0
0,0,1,1,0,0,0,1,0,1,0,0,1,0,0,1,224,1,0
0,0,0,0,0,1,1,0,0,0,1,0,1,0,0,1,224,1,0
0,1,1,1,0,0,1,0,0,0,1,0,1,0,0,1,224,1,0
0,1,1,1,0,0,1,0,0,0,1,0,1,0,0,1,224,1,0
0,1,1,1,0,0,1,0,0,0,1,0,1,0,0,0,224,1,0
0,1,1,1,0,0,1,0,0,0,1,0,1,0,0,1,224,1,0
1,1,1,1,0,0,0,1,0,1,0,0,1,0,1,1,224,1,0
0,1,0,1,0,0,0,1,0,1,0,0,1,0,0,1,224,1,0
1,0,0,0,0,1,0,1,0,1,0,0,1,0,1,1,224,1,0
0,1,0,1,0,0,0,1,0,1,0,0,1,0,0,0,224,1,0
1,1,1,1,0,0,0,0,1,0,1,0,1,0,1,1,224,1,0
1,1,1,1,0,0,0,0,1,0,1,0,1,0,1,1,224,1,0
1,1,1,1,0,0,0,0,1,0,1,0,1,0,1,1,224,1,0
0,1,0,1,0,0,0,0,1,0,1,0,1,0,0,1,224,1,0
1,1,0,1,0,0,0,0,1,0,1,0,1,0,1,1,224,1,0
1,1,0,0,1,0,0,0,1,0,1,0,1,0,1,1,224,1,0
1,1,0,1,0,0,0,1,0,0,1,0,1,0,1,1,224,1,0
1,1,0,1,0,0,0,1,0,0,1,0,1,0,1,1,224,1,0
1,1,0,1,0,0,0,1,0,0,1,0,1,0,1,1,224,1,0
1,1,0,1,0,0,0,0,1,0,1,0,1,0,1,1,224,1,0
0,1,0,0,0,1,1,0,0,1,0,0,1,0,0,1,224,1,0
0,1,1,0,0,1,1,0,0,1,0,0,1,0,0,1,224,1,0
0,1,1,0,0,1,1,0,0,1,0,0,1,0,0,1,224,1,0
0,1,0,0,0,1,1,0,0,1,0,0,1,0,0,1,224,1,0
0,1,1,0,0,1,1,0,0,1,0,0,1,0,0,1,224,1,0
0,1,1,0,0,1,1,0,0,1,0,0,1,0,0,1,224,1,0
0,1,0,0,0,1,1,0,0,1,0,0,1,0,0,1,224,1,0
1,1,0,0,0,1,0,1,0,1,0,0,1,0,1,0,224,1,0
1,1,1,0,1,0,0,1,0,1,0,0,1,0,1,0,224,1,0
1,1,0,0,0,1,0,0,1,1,0,0,1,0,1,1,224,1,0
0,1,0,0,0,1,0,0,1,0,1,0,1,0,0,1,224,1,0
1,1,0,0,0,1,0,1,0,1,0,0,1,0,1,1,224,1,0
1,1,1,0,0,1,0,1,0,1,0,0,1,0,1,1,224,1,0
1,1,0,0,0,1,0,1,0,1,0,0,1,0,1,0,224,1,0
1,1,0,0,0,1,0,0,1,0,1,0,1,0,1,1,224,1,0
0,1,0,0,0,1,0,0,1,0,1,0,1,0,0,1,224,1,0
1,1,0,0,0,1,0,0,1,0,1,0,1,0,1,1,224,1,0
1,0,1,0,0,1,0,0,1,0,1,0,1,0,1,1,224,1,0
1,1,0,0,0,1,0,0,1,0,1,0,1,0,1,1,224,1,0
1,1,0,0,0,1,0,0,1,0,1,0,1,0,1,1,224,1,0
1,1,0,0,0,1,0,0,1,0,1,0,1,0,1,1,224,1,0
0,1,1,1,0,0,0,0,1,0,1,0,1,0,0,0,224,1,0
0,1,1,1,0,0,0,0,1,0,1,0,1,0,0,1,224,1,0
1,1,1,0,0,1,0,0,1,1,0,0,1,0,1,0,224,1,0
1,1,1,0,0,1,0,0,1,1,0,0,1,0,1,1,224,1,0
0,0,1,1,0,0,1,0,0,1,0,0,0,1,0,1,224,1,0
1,1,1,0,0,1,0,0,1,1,0,0,1,0,1,1,224,1,0
0,1,1,1,0,0,0,0,1,0,0,1,1,0,0,0,224,1,0
