sex(,Age,Medu,Fedu,Traveltime,Studytime,Failures,Famrel,Freetime,Goout,Dalc,Walc,Health,Absences,G1,G2,Unrelated_column_one,school_GP,school_MS,address_R,address_U,famsize_GT3,famsize_LE3,pstatus_A,pstatus_T,mjob_at_home,mjob_health,mjob_other,mjob_services,mjob_teacher,fjob_at_home,fjob_health,fjob_other,fjob_services,fjob_teacher,reason_course,reason_home,reason_other,reason_reputation,guardian_father,guardian_mother,guardian_other,schoolsup_0,schoolsup_1,famsup_0,famsup_1,paid_0,paid_1,activities_0,activities_1,nursery_0,nursery_1,higher_0,higher_1,internet_0,internet_1,romantic_0,romantic_1,predicted,!Probability,samples,fold,model_num
0,15,2,0,1,1,0,1,1,1,1,1,1,0,0,0,0,1,0,0,1,1,0,0,1,0,0,0,0,0,0,0,1,0,0,0,0,0,0,1,0,0,1,0,0,1,1,0,0,1,1,0,0,1,0,1,1,0,0,1,32,1,0
0,15,0,0,1,1,0,1,1,1,1,1,1,0,0,0,0,1,0,0,1,1,0,0,1,0,0,0,0,0,0,0,1,0,0,0,0,0,1,0,1,0,1,0,0,1,1,0,0,1,0,1,0,1,0,1,1,0,0,1,32,1,0
0,15,0,0,1,1,0,1,1,1,1,1,1,0,0,0,0,0,1,0,1,1,0,0,1,0,0,0,0,0,0,0,1,0,0,0,0,0,0,0,1,0,1,0,1,0,1,0,0,1,0,1,0,1,0,1,0,1,0,0,32,1,0
0,15,4,2,1,1,0,1,1,1,1,1,1,0,0,0,1,1,0,0,1,1,0,0,1,0,0,0,0,0,0,0,1,0,0,0,0,0,0,0,1,0,1,0,0,1,1,0,0,1,0,1,0,1,0,1,1,0,0,1,32,1,0
0,15,4,2,1,1,0,1,1,1,1,1,1,0,0,0,0,1,0,0,1,1,0,0,1,0,0,0,0,0,0,0,0,0,0,0,1,0,0,0,1,0,1,0,0,1,1,0,1,0,0,1,0,1,0,1,1,0,0,1,32,1,0
0,15,0,0,1,1,0,1,1,1,1,1,3,0,0,0,0,1,0,0,1,1,0,0,1,0,0,0,0,0,0,0,1,0,0,0,0,0,0,0,1,0,1,0,0,1,1,0,0,1,0,1,0,1,0,1,1,0,0,1,32,1,0
0,15,0,0,1,1,0,1,1,1,1,1,1,0,0,0,1,1,0,0,1,1,0,0,1,0,0,0,0,0,0,0,1,0,0,0,0,0,0,0,1,0,1,0,0,1,1,0,1,0,0,1,0,1,0,1,1,0,0,0,32,1,0
0,15,0,0,1,1,0,1,1,1,1,1,1,0,0,0,0,0,1,0,1,1,0,0,1,0,0,1,0,0,0,0,1,0,0,0,0,0,0,0,1,0,1,0,0,1,1,0,1,0,0,1,0,1,0,1,1,0,0,0,32,1,0
0,15,0,0,1,1,0,1,1,1,1,1,1,0,0,0,0,0,1,0,1,1,0,0,1,0,0,0,0,0,0,0,0,0,0,1,0,0,0,0,1,0,1,0,0,1,1,0,1,0,0,1,0,1,0,1,1,0,0,0,32,1,0
0,15,0,0,1,1,0,1,1,1,1,1,1,0,0,0,0,1,0,0,1,1,0,0,1,0,0,0,0,0,0,0,1,0,0,1,0,0,0,0,1,0,1,0,0,1,1,0,1,0,0,1,0,1,1,0,1,0,0,0,32,1,0
0,15,0,0,1,1,0,1,1,1,1,1,1,0,0,0,1,1,0,0,1,1,0,0,1,0,0,0,0,0,0,0,1,0,0,0,0,0,0,0,1,0,1,0,0,1,0,1,1,0,0,1,0,1,0,1,1,0,0,0,32,1,0
0,15,0,0,1,1,0,1,1,1,1,1,1,0,0,0,1,1,0,0,1,1,0,0,1,0,0,1,0,0,0,0,1,0,0,0,0,0,0,0,0,0,1,0,0,1,1,0,1,0,0,1,0,1,0,1,1,0,0,0,32,1,0
1,15,4,0,1,1,0,1,1,1,1,1,5,0,0,0,0,1,0,0,1,1,0,0,1,0,0,0,0,0,0,0,0,0,0,0,1,0,0,0,1,0,1,0,0,1,0,1,1,0,0,1,0,1,0,1,1,0,1,0,32,1,0
1,15,0,0,1,1,0,1,1,1,1,1,5,0,0,0,0,1,0,0,1,1,0,0,1,0,0,0,0,0,0,0,1,0,0,0,1,0,0,0,1,0,1,0,0,1,0,1,1,0,0,1,0,1,0,1,1,0,1,0,32,1,0
0,15,0,0,1,1,0,1,1,1,1,1,1,0,0,0,0,1,0,0,1,1,0,0,1,0,0,1,0,0,0,0,1,0,0,0,1,0,0,0,1,0,1,0,0,1,1,0,1,0,0,1,0,1,0,1,1,0,0,0,32,1,0
1,15,0,0,1,1,0,1,1,1,1,1,1,0,0,0,1,1,0,0,1,1,0,0,1,0,0,1,0,0,0,0,1,0,0,1,0,0,0,0,1,0,1,0,1,0,1,0,1,0,0,1,0,1,0,1,1,0,1,0,32,1,0
0,15,0,0,1,1,0,5,1,1,1,1,3,0,0,0,1,1,0,0,1,1,0,0,1,0,0,1,0,0,0,0,1,0,0,0,0,0,0,0,1,0,1,0,1,0,1,0,1,0,0,1,0,1,0,1,1,0,0,0,32,1,0
1,15,0,0,1,1,0,1,1,1,1,1,1,0,0,0,0,1,0,0,1,1,0,0,1,0,0,0,0,0,0,0,0,1,0,1,0,0,0,0,1,0,1,0,1,0,1,0,1,0,0,1,0,1,1,0,1,0,1,0,32,1,0
1,15,0,0,1,1,0,1,1,1,1,1,5,0,0,0,0,1,0,1,0,1,0,0,1,0,0,0,0,0,0,0,0,1,0,0,0,0,0,0,1,0,1,0,1,0,1,0,1,0,0,1,0,1,0,1,1,0,1,0,32,1,0
0,15,0,0,1,1,0,1,1,1,1,1,1,0,0,0,1,0,1,1,0,1,0,0,1,0,0,1,0,0,0,0,1,0,0,1,0,0,0,0,0,0,1,0,1,0,1,0,0,1,0,1,0,1,1,0,0,1,0,0,32,1,0
0,15,0,0,1,1,0,1,1,1,1,1,1,0,0,0,1,1,0,0,1,1,0,0,1,0,0,1,0,0,0,0,0,0,0,1,0,0,0,0,1,0,1,0,1,0,1,0,0,1,0,1,0,1,1,0,1,0,0,0,32,1,0
0,15,0,0,1,1,0,1,1,1,1,1,1,0,0,0,1,1,0,1,0,1,0,0,1,0,0,1,0,0,0,0,1,0,0,1,0,0,0,0,1,0,1,0,0,1,1,0,0,1,0,1,0,1,0,1,1,0,0,0,32,1,0
1,15,4,4,1,1,0,5,1,1,1,1,3,0,0,0,1,1,0,0,1,1,0,0,1,0,0,0,0,1,0,0,0,0,0,1,0,0,0,0,1,0,1,0,1,0,1,0,0,1,0,1,0,1,0,1,1,0,1,1,32,1,0
1,15,0,0,1,1,0,5,1,1,1,1,1,0,0,0,0,0,1,1,0,0,1,0,1,0,0,0,0,0,0,0,0,0,0,0,0,0,1,0,1,0,1,0,0,1,1,0,0,1,0,1,0,1,0,1,0,1,1,0,32,1,0
1,15,0,0,1,1,0,1,1,1,1,1,5,0,0,0,0,1,0,0,1,0,1,0,1,0,0,0,0,0,0,0,0,0,0,0,0,0,1,0,1,0,1,0,0,1,1,0,1,0,0,1,0,1,0,1,1,0,1,0,32,1,0
1,15,0,0,1,1,0,1,1,1,1,1,1,0,0,0,0,1,0,0,1,1,0,0,1,0,0,0,0,0,0,0,1,0,0,0,0,0,0,0,1,0,1,0,0,1,1,0,0,1,0,1,0,1,0,1,0,1,1,0,32,1,0
1,15,0,0,1,1,0,1,1,1,1,1,5,0,0,0,0,1,0,0,1,0,1,0,1,0,0,0,0,0,0,0,1,0,0,0,0,0,0,0,1,0,1,0,0,1,1,0,0,1,0,1,0,1,0,1,1,0,1,0,32,1,0
1,15,4,0,1,1,0,1,1,1,1,1,5,0,0,0,1,1,0,0,1,1,0,0,1,0,0,1,0,0,0,0,1,0,0,0,0,0,0,0,1,0,1,0,0,1,1,0,0,1,0,1,0,1,0,1,0,1,1,1,32,1,0
1,15,0,0,1,1,0,1,1,1,1,1,3,0,0,0,0,1,0,0,1,0,1,0,1,0,0,1,0,0,0,0,1,0,0,0,0,0,0,0,1,0,1,0,1,0,1,0,0,1,0,1,0,1,0,1,0,1,1,0,32,1,0
0,15,0,0,1,1,0,1,1,1,1,1,1,0,0,0,0,1,0,0,1,0,1,0,1,1,0,0,0,0,0,0,1,0,0,0,0,0,0,0,1,0,1,0,0,1,1,0,1,0,0,1,0,1,0,1,1,0,0,0,32,1,0
0,15,0,0,1,1,0,1,1,1,1,1,1,0,0,0,1,0,1,0,1,0,1,0,1,0,0,0,0,0,0,0,1,0,0,0,0,0,0,0,0,0,1,0,1,0,1,0,0,1,0,1,0,1,0,1,0,1,0,0,32,1,0
1,15,0,0,1,1,0,1,1,1,1,1,1,0,0,0,0,1,0,0,1,0,1,0,1,0,0,0,0,0,0,0,0,1,0,0,0,0,0,1,0,0,1,0,0,1,1,0,0,1,0,1,0,1,0,1,0,1,1,0,32,1,0
1,18,4,4,1,2,0,3,2,4,1,4,2,4,15,14,1,0,1,0,1,1,0,0,1,0,0,0,0,1,0,0,0,0,1,0,1,0,0,1,0,0,1,0,1,0,0,1,0,1,1,0,0,1,0,1,1,0,1,1,160,1,5
1,16,4,4,1,2,0,4,2,4,2,4,1,2,14,12,0,1,0,0,1,1,0,0,1,0,1,0,0,0,0,0,1,0,0,0,0,0,1,1,0,0,1,0,0,1,0,1,0,1,0,1,0,1,0,1,1,0,1,1,160,1,5
1,18,4,4,1,2,0,3,2,4,1,4,2,4,17,18,0,0,1,0,1,1,0,0,1,0,0,0,0,1,0,0,0,0,1,0,1,0,0,1,0,0,1,0,1,0,1,0,0,1,1,0,0,1,0,1,1,0,1,1,160,1,5
0,17,3,3,1,2,0,3,3,3,1,3,3,6,8,7,1,1,0,0,1,1,0,1,0,0,1,0,0,0,0,0,1,0,0,0,0,0,1,0,1,0,1,0,0,1,1,0,1,0,1,0,0,1,0,1,0,1,0,0,160,1,5
0,16,4,3,1,3,0,3,4,4,2,4,4,0,14,12,1,1,0,0,1,1,0,0,1,0,0,0,0,1,0,1,0,0,0,0,1,0,0,0,1,0,0,1,0,1,1,0,0,1,0,1,0,1,0,1,1,0,0,1,160,1,5
0,16,4,4,1,2,0,4,3,4,1,2,3,4,8,8,1,0,1,0,1,1,0,0,1,0,1,0,0,0,0,1,0,0,0,1,0,0,0,0,1,0,1,0,0,1,1,0,1,0,0,1,0,1,0,1,0,1,0,0,160,1,5
1,16,4,4,1,2,0,4,2,4,2,4,1,0,12,12,1,1,0,0,1,1,0,0,1,0,1,0,0,0,0,0,1,0,0,0,0,0,1,1,0,0,1,0,0,1,1,0,0,1,0,1,0,1,0,1,1,0,1,1,160,1,5
0,17,3,2,1,4,0,5,2,2,1,2,5,0,18,18,0,1,0,0,1,1,0,0,1,0,1,0,0,0,0,1,0,0,0,0,0,0,1,1,0,0,1,0,0,1,1,0,0,1,1,0,0,1,0,1,1,0,0,1,160,1,5
0,16,2,2,1,2,1,3,1,2,1,1,5,6,10,12,0,1,0,0,1,1,0,0,1,1,0,0,0,0,0,0,1,0,0,0,1,0,0,0,1,0,0,1,1,0,1,0,0,1,0,1,0,1,0,1,1,0,0,1,160,1,5
0,16,4,4,1,2,0,4,4,2,1,1,3,0,16,16,1,1,0,0,1,1,0,0,1,0,1,0,0,0,0,1,0,0,0,0,0,0,1,0,1,0,1,0,0,1,1,0,1,0,0,1,0,1,0,1,0,1,0,1,160,1,5
0,15,3,3,2,1,0,4,1,3,1,1,4,0,14,16,0,0,1,1,0,1,0,0,1,0,0,1,0,0,0,0,0,1,0,1,0,0,0,1,0,0,1,0,1,0,1,0,1,0,1,0,0,1,0,1,1,0,0,1,160,1,5
0,17,4,4,2,2,0,4,3,3,1,2,5,4,12,12,0,0,1,1,0,1,0,0,1,0,0,0,0,1,0,0,0,1,0,0,0,1,0,1,0,0,1,0,0,1,0,1,0,1,0,1,0,1,0,1,1,0,0,1,160,1,5
1,16,2,1,2,2,0,4,2,2,1,4,5,2,9,7,0,0,1,0,1,1,0,0,1,0,1,0,0,0,0,0,0,1,0,0,0,1,0,0,1,0,1,0,1,0,1,0,1,0,1,0,0,1,0,1,0,1,1,0,160,1,5
0,15,4,3,1,1,0,4,5,5,1,3,1,6,14,12,1,1,0,0,1,1,0,0,1,0,0,0,1,0,0,0,1,0,0,0,0,0,1,0,1,0,1,0,1,0,1,0,0,1,0,1,0,1,0,1,1,0,0,1,160,1,5
0,17,4,4,2,2,0,4,3,3,1,2,5,4,12,12,0,0,1,1,0,1,0,0,1,0,0,0,0,1,0,0,0,1,0,0,0,1,0,1,0,0,1,0,0,1,0,1,0,1,0,1,0,1,0,1,1,0,0,1,160,1,5
0,16,4,3,1,2,0,4,3,5,1,5,2,2,14,14,1,1,0,0,1,1,0,0,1,0,1,0,0,0,0,0,1,0,0,0,1,0,0,0,1,0,1,0,0,1,1,0,0,1,0,1,0,1,0,1,1,0,0,1,160,1,5
0,17,3,3,1,3,0,3,2,3,1,1,4,2,15,12,1,1,0,0,1,1,0,0,1,0,0,1,0,0,0,0,1,0,0,0,1,0,0,0,1,0,1,0,1,0,1,0,0,1,1,0,0,1,1,0,1,0,0,1,160,1,5
0,16,4,4,1,1,0,5,3,4,1,2,1,6,11,14,0,1,0,0,1,1,0,0,1,0,0,1,0,0,0,0,1,0,0,0,0,0,1,0,1,0,1,0,1,0,1,0,0,1,1,0,0,1,0,1,1,0,0,1,160,1,5
1,18,2,2,1,1,0,5,4,2,1,2,5,6,15,14,0,1,0,0,1,1,0,0,1,0,0,1,0,0,0,0,1,0,0,0,0,0,1,0,1,0,1,0,1,0,1,0,1,0,1,0,0,1,0,1,1,0,1,1,160,1,5
1,17,4,4,1,1,0,4,2,1,1,2,5,6,10,8,1,1,0,0,1,1,0,0,1,0,0,0,0,1,0,0,0,0,1,1,0,0,0,0,1,0,1,0,0,1,1,0,0,1,1,0,0,1,0,1,1,0,1,0,160,1,5
1,18,4,4,1,2,1,4,3,3,2,2,2,0,10,10,1,1,0,0,1,1,0,0,1,0,0,0,0,1,0,0,0,1,0,0,1,0,0,1,0,0,1,0,0,1,1,0,0,1,0,1,0,1,0,1,1,0,1,0,160,1,5
0,19,4,4,2,2,0,2,3,4,2,3,2,0,10,9,0,1,0,0,1,1,0,0,1,0,1,0,0,0,0,0,1,0,0,0,0,0,1,0,0,1,1,0,0,1,0,1,0,1,0,1,0,1,0,1,1,0,0,0,160,1,5
0,18,2,1,1,2,0,4,2,5,1,2,1,8,14,14,0,1,0,0,1,1,0,0,1,0,0,1,0,0,0,0,1,0,0,0,1,0,0,0,1,0,1,0,0,1,1,0,1,0,0,1,0,1,0,1,0,1,0,1,160,1,5
1,18,4,4,1,1,0,1,4,2,2,2,1,0,18,18,1,1,0,0,1,0,1,0,1,0,0,0,0,1,0,0,0,0,1,0,1,0,0,0,1,0,1,0,0,1,1,0,1,0,0,1,0,1,0,1,0,1,1,1,160,1,5
0,17,4,2,2,3,0,4,3,3,1,1,3,0,16,16,0,1,0,0,1,1,0,0,1,0,0,1,0,0,0,0,1,0,0,0,0,0,1,0,1,0,1,0,0,1,1,0,1,0,0,1,0,1,0,1,1,0,0,1,160,1,5
1,16,4,4,1,1,0,3,4,4,1,4,5,4,12,12,1,1,0,0,1,1,0,0,1,0,1,0,0,0,0,0,1,0,0,1,0,0,0,0,1,0,1,0,0,1,1,0,0,1,0,1,0,1,0,1,1,0,1,1,160,1,5
0,19,2,1,3,2,0,3,4,1,1,1,2,20,14,12,0,1,0,0,1,1,0,0,1,1,0,0,0,0,0,0,1,0,0,0,0,1,0,0,0,1,1,0,0,1,1,0,1,0,0,1,1,0,0,1,0,1,0,1,160,1,5
0,15,2,2,1,1,0,4,3,1,1,1,2,8,14,12,0,1,0,1,0,1,0,0,1,1,0,0,0,0,0,0,1,0,0,0,0,0,1,0,1,0,0,1,0,1,0,1,0,1,0,1,0,1,1,0,1,0,0,1,160,1,5
0,17,3,3,2,3,0,4,2,2,2,3,5,10,11,11,0,1,0,0,1,1,0,0,1,0,0,0,1,0,0,0,1,0,0,0,1,0,0,0,1,0,1,0,0,1,1,0,1,0,0,1,0,1,0,1,0,1,0,0,160,1,5
1,17,4,4,1,2,0,4,4,4,1,3,5,0,11,9,0,1,0,0,1,0,1,0,1,0,0,0,0,1,0,0,1,0,0,0,0,0,1,0,1,0,1,0,0,1,1,0,0,1,0,1,0,1,0,1,1,0,1,0,160,1,5
0,17,1,1,1,2,0,5,3,3,1,1,3,4,5,5,1,1,0,0,1,1,0,0,1,1,0,0,0,0,0,0,1,0,0,1,0,0,0,1,0,0,1,0,0,1,1,0,1,0,1,0,0,1,0,1,1,0,0,0,160,1,5
1,18,1,1,2,1,0,3,3,2,1,2,3,4,10,10,0,0,1,0,1,0,1,0,1,0,0,1,0,0,0,0,0,1,0,0,1,0,0,1,0,0,1,0,1,0,1,0,1,0,1,0,0,1,0,1,0,1,1,0,160,1,5
0,17,2,2,1,1,0,5,3,2,1,2,3,21,12,12,0,1,0,1,0,1,0,0,1,0,0,1,0,0,0,0,1,0,0,0,0,0,1,0,1,0,1,0,0,1,1,0,1,0,0,1,0,1,0,1,1,0,0,1,160,1,5
0,16,2,3,2,2,0,3,3,3,1,1,2,0,8,10,0,0,1,1,0,1,0,0,1,1,0,0,0,0,0,0,0,1,0,0,0,1,0,0,1,0,1,0,0,1,1,0,0,1,0,1,0,1,0,1,1,0,0,0,160,1,5
0,17,4,3,2,2,0,5,5,4,1,1,1,0,6,9,1,0,1,0,1,1,0,0,1,0,0,0,0,1,0,0,1,0,0,0,0,1,0,0,1,0,1,0,1,0,1,0,1,0,0,1,0,1,0,1,1,0,0,0,160,1,5
1,17,3,2,2,2,2,4,4,4,1,4,3,4,7,6,0,1,0,1,0,1,0,0,1,0,0,1,0,0,0,0,1,0,0,1,0,0,0,0,1,0,0,1,0,1,1,0,1,0,0,1,0,1,0,1,0,1,1,0,160,1,5
0,16,1,1,4,3,0,4,4,3,1,1,5,2,10,9,0,0,1,1,0,1,0,0,1,1,0,0,0,0,0,0,1,0,0,0,0,1,0,1,0,0,0,1,0,1,1,0,1,0,0,1,0,1,1,0,1,0,0,0,160,1,5
0,17,3,2,2,1,0,4,3,3,2,2,1,5,9,11,1,0,1,0,1,1,0,0,1,1,0,0,0,0,0,0,1,0,0,0,1,0,0,0,1,0,1,0,1,0,1,0,1,0,0,1,0,1,1,0,0,1,0,0,160,1,5
0,16,3,1,1,1,0,3,1,3,1,3,1,0,8,6,1,0,1,0,1,1,0,0,1,0,0,1,0,0,0,0,1,0,0,1,0,0,0,0,1,0,1,0,1,0,1,0,0,1,0,1,0,1,0,1,1,0,0,0,160,1,5
0,16,3,3,2,1,2,4,3,2,1,1,5,0,4,0,0,1,0,0,1,1,0,1,0,0,0,1,0,0,0,0,1,0,0,1,0,0,0,0,0,1,1,0,0,1,1,0,0,1,1,0,0,1,0,1,0,1,0,0,160,1,5
0,15,1,1,3,2,0,4,2,1,1,2,2,0,12,14,1,0,1,1,0,1,0,0,1,1,0,0,0,0,1,0,0,0,0,1,0,0,0,1,0,0,1,0,0,1,1,0,1,0,0,1,0,1,1,0,1,0,0,1,160,1,5
0,17,3,3,2,1,0,4,4,3,1,1,4,0,11,12,1,0,1,0,1,1,0,0,1,0,0,0,1,0,0,0,0,1,0,1,0,0,0,0,1,0,1,0,0,1,1,0,1,0,0,1,0,1,0,1,1,0,0,1,160,1,5
0,17,3,3,2,1,0,4,4,3,1,1,4,0,11,12,1,0,1,0,1,1,0,0,1,0,0,0,1,0,0,0,0,1,0,1,0,0,0,0,1,0,1,0,0,1,1,0,1,0,0,1,0,1,0,1,1,0,0,1,160,1,5
0,16,2,3,1,2,0,4,3,3,1,1,2,10,11,12,0,1,0,0,1,1,0,0,1,0,0,0,1,0,0,0,0,1,0,1,0,0,0,0,1,0,1,0,1,0,1,0,1,0,0,1,0,1,0,1,1,0,0,1,160,1,5
0,18,2,2,2,3,0,5,3,3,1,3,4,2,10,9,0,0,1,1,0,1,0,0,1,1,0,0,0,0,0,0,1,0,0,0,0,1,0,0,1,0,1,0,1,0,0,1,1,0,0,1,0,1,1,0,1,0,0,0,160,1,5
1,17,3,1,2,1,0,2,4,5,3,4,2,3,14,16,0,0,1,0,1,0,1,0,1,0,0,0,1,0,0,0,0,1,0,1,0,0,0,0,1,0,1,0,1,0,1,0,1,0,1,0,0,1,0,1,1,0,1,1,160,1,5
1,17,3,1,2,1,0,2,4,5,3,4,2,3,14,16,0,0,1,0,1,0,1,0,1,0,0,0,1,0,0,0,0,1,0,1,0,0,0,0,1,0,1,0,1,0,1,0,1,0,1,0,0,1,0,1,1,0,1,1,160,1,5
0,16,1,2,1,3,1,1,3,2,1,2,4,3,9,8,1,0,1,0,1,1,0,0,1,0,0,1,0,0,0,0,0,1,0,1,0,0,0,0,1,0,1,0,0,1,1,0,1,0,0,1,0,1,1,0,1,0,0,0,160,1,5
1,17,3,1,2,1,0,2,4,5,3,4,2,3,14,16,0,0,1,0,1,0,1,0,1,0,0,0,1,0,0,0,0,1,0,1,0,0,0,0,1,0,1,0,1,0,1,0,1,0,1,0,0,1,0,1,1,0,1,1,160,1,5
0,18,2,2,2,3,0,5,3,3,1,3,4,0,14,17,1,0,1,1,0,1,0,0,1,1,0,0,0,0,0,0,1,0,0,0,0,1,0,0,1,0,1,0,1,0,1,0,1,0,0,1,0,1,1,0,1,0,0,1,160,1,5
1,16,3,1,2,4,0,4,3,2,1,1,5,0,12,15,1,1,0,0,1,1,0,0,1,0,0,1,0,0,0,0,1,0,0,0,0,0,1,1,0,0,1,0,0,1,0,1,1,0,0,1,0,1,0,1,1,0,1,1,160,1,5
0,16,2,2,1,1,0,1,2,2,1,3,5,6,10,11,1,1,0,0,1,1,0,0,1,0,0,0,1,0,0,0,0,1,0,0,1,0,0,0,1,0,1,0,0,1,1,0,1,0,1,0,0,1,0,1,1,0,0,0,160,1,5
0,17,3,1,1,3,0,3,4,3,2,3,5,1,12,14,1,1,0,0,1,1,0,0,1,0,0,0,1,0,0,0,0,1,0,1,0,0,0,1,0,0,1,0,0,1,1,0,1,0,1,0,0,1,0,1,1,0,0,1,160,1,5
1,16,3,1,2,4,0,4,3,2,1,1,5,0,12,15,1,1,0,0,1,1,0,0,1,0,0,1,0,0,0,0,1,0,0,0,0,0,1,1,0,0,1,0,0,1,0,1,1,0,0,1,0,1,0,1,1,0,1,1,160,1,5
0,16,3,1,1,2,0,3,3,3,2,3,2,0,12,12,0,1,0,0,1,0,1,0,1,0,0,1,0,0,0,0,1,0,0,0,1,0,0,1,0,0,0,1,0,1,1,0,1,0,0,1,0,1,1,0,1,0,0,0,160,1,5
0,15,2,3,2,1,0,3,5,1,1,1,5,4,11,11,0,1,0,0,1,1,0,0,1,0,0,1,0,0,0,0,1,0,0,0,0,1,0,1,0,0,1,0,0,1,1,0,0,1,0,1,0,1,1,0,1,0,0,0,160,1,5
0,15,2,3,2,1,0,3,5,1,1,1,5,4,11,11,0,1,0,0,1,1,0,0,1,0,0,1,0,0,0,0,1,0,0,0,0,1,0,1,0,0,1,0,0,1,1,0,0,1,0,1,0,1,1,0,1,0,0,0,160,1,5
0,16,2,3,1,2,0,4,4,3,1,3,4,6,8,10,0,1,0,0,1,1,0,0,1,0,0,1,0,0,0,0,1,0,0,0,0,0,1,0,1,0,0,1,0,1,0,1,0,1,0,1,0,1,1,0,1,0,0,0,160,1,5
0,17,2,2,2,2,0,4,3,5,1,2,4,0,11,10,1,0,1,1,0,1,0,0,1,1,0,0,0,0,0,0,1,0,0,1,0,0,0,0,1,0,1,0,0,1,1,0,1,0,0,1,0,1,0,1,1,0,0,0,160,1,5
0,16,3,1,1,4,0,4,3,3,1,2,5,0,10,9,1,1,0,0,1,1,0,0,1,0,0,0,1,0,0,0,1,0,0,1,0,0,0,0,1,0,0,1,0,1,1,0,1,0,0,1,0,1,0,1,1,0,0,0,160,1,5
0,17,4,4,1,3,0,5,4,4,1,3,4,7,10,9,0,1,0,0,1,1,0,0,1,0,0,0,0,1,0,0,0,1,0,1,0,0,0,0,1,0,1,0,0,1,0,1,0,1,0,1,0,1,0,1,1,0,0,0,160,1,5
1,19,4,4,2,1,1,4,3,4,1,1,4,38,8,9,0,1,0,0,1,1,0,0,1,0,0,0,0,1,0,0,0,1,0,0,0,0,1,0,0,1,1,0,0,1,0,1,1,0,0,1,0,1,0,1,0,1,1,0,160,1,5
0,18,2,2,1,3,0,4,3,3,1,2,2,5,18,18,0,1,0,0,1,1,0,0,1,1,0,0,0,0,1,0,0,0,0,0,0,1,0,0,1,0,1,0,0,1,0,1,1,0,0,1,0,1,0,1,1,0,0,1,160,1,5
0,19,3,3,1,2,2,4,3,5,3,3,5,15,9,9,0,1,0,0,1,1,0,0,1,0,0,1,0,0,0,0,0,1,0,0,1,0,0,0,0,1,1,0,0,1,0,1,0,1,0,1,0,1,0,1,1,0,0,0,160,1,5
0,19,3,3,1,2,2,4,3,5,3,3,5,15,9,9,0,1,0,0,1,1,0,0,1,0,0,1,0,0,0,0,0,1,0,0,1,0,0,0,0,1,1,0,0,1,0,1,0,1,0,1,0,1,0,1,1,0,0,0,160,1,5
1,15,3,4,1,1,0,5,5,5,3,2,5,0,12,12,1,1,0,0,1,1,0,0,1,0,0,0,1,0,0,0,0,1,0,0,1,0,0,1,0,0,0,1,1,0,1,0,1,0,0,1,0,1,0,1,1,0,1,0,160,1,5
1,17,2,1,1,1,0,5,4,5,1,2,5,22,9,7,0,1,0,0,1,1,0,0,1,0,0,1,0,0,0,0,1,0,0,0,1,0,0,0,1,0,1,0,0,1,1,0,1,0,0,1,0,1,0,1,1,0,1,0,160,1,5
1,15,3,4,1,2,0,5,4,4,1,1,1,0,16,18,0,1,0,0,1,1,0,1,0,0,0,0,1,0,0,0,1,0,0,1,0,0,0,0,1,0,1,0,0,1,0,1,0,1,0,1,0,1,0,1,1,0,1,1,160,1,5
1,15,4,2,1,2,0,4,3,3,2,2,5,4,11,12,0,1,0,0,1,1,0,0,1,0,0,0,0,1,0,0,1,0,0,0,1,0,0,0,1,0,1,0,0,1,1,0,1,0,0,1,0,1,1,0,1,0,1,1,160,1,5
1,17,4,4,2,2,0,3,3,3,2,3,4,2,10,11,0,1,0,1,0,0,1,1,0,0,0,0,0,1,0,0,1,0,0,1,0,0,0,0,1,0,1,0,0,1,0,1,1,0,0,1,0,1,0,1,1,0,1,0,160,1,5
1,15,2,2,1,3,0,4,5,2,1,1,3,0,14,16,0,1,0,0,1,1,0,1,0,0,0,1,0,0,0,0,1,0,0,0,1,0,0,0,0,1,1,0,0,1,1,0,1,0,0,1,0,1,0,1,0,1,1,1,160,1,5
0,19,3,2,2,2,1,4,2,2,1,2,1,22,12,10,0,1,0,0,1,0,1,0,1,0,0,0,1,0,0,0,1,0,0,0,0,0,1,0,0,1,1,0,0,1,0,1,1,0,1,0,0,1,0,1,0,1,0,0,160,1,5
1,16,3,4,1,2,0,5,3,3,1,1,5,4,11,11,0,1,0,0,1,0,1,1,0,0,0,0,1,0,0,0,1,0,0,0,1,0,0,0,1,0,0,1,0,1,1,0,0,1,0,1,0,1,0,1,1,0,1,0,160,1,5
1,18,2,2,1,2,0,4,4,4,2,4,5,10,12,11,0,1,0,0,1,1,0,0,1,0,0,0,1,0,0,0,1,0,0,0,1,0,0,0,1,0,1,0,0,1,1,0,0,1,0,1,0,1,0,1,1,0,1,0,160,1,5
1,18,2,2,1,2,0,4,4,4,2,4,5,10,12,11,0,1,0,0,1,1,0,0,1,0,0,0,1,0,0,0,1,0,0,0,1,0,0,0,1,0,1,0,0,1,1,0,0,1,0,1,0,1,0,1,1,0,1,0,160,1,5
1,17,3,4,3,2,0,5,4,5,2,4,5,0,10,0,1,1,0,1,0,1,0,0,1,1,0,0,0,0,0,0,1,0,0,1,0,0,0,0,1,0,1,0,1,0,1,0,1,0,0,1,0,1,1,0,1,0,1,0,160,1,5
0,18,4,3,2,1,0,3,2,4,1,4,1,8,12,12,1,1,0,0,1,0,1,0,1,0,1,0,0,0,0,0,0,1,0,1,0,0,0,0,1,0,1,0,0,1,1,0,1,0,0,1,0,1,0,1,1,0,0,1,160,1,5
0,17,4,4,1,1,0,4,4,4,1,1,5,2,15,16,0,1,0,1,0,1,0,0,1,0,0,0,0,1,0,0,0,0,1,1,0,0,0,0,1,0,1,0,1,0,1,0,0,1,0,1,0,1,0,1,1,0,0,1,160,1,5
1,15,4,0,2,4,0,3,4,3,1,1,1,0,12,11,1,1,0,0,1,1,0,0,1,0,0,0,0,1,0,0,1,0,0,1,0,0,0,0,1,0,1,0,1,0,1,0,0,1,0,1,0,1,0,1,1,0,1,0,160,1,5
1,15,4,2,1,1,0,2,2,4,2,4,1,0,11,11,1,1,0,0,1,1,0,0,1,0,1,0,0,0,0,0,0,1,0,0,0,1,0,0,1,0,1,0,1,0,1,0,1,0,0,1,0,1,0,1,1,0,1,0,160,1,5
0,17,1,1,1,2,0,4,3,4,1,2,5,4,11,10,0,1,0,0,1,1,0,0,1,0,0,1,0,0,0,0,0,1,0,1,0,0,0,1,0,0,1,0,0,1,1,0,1,0,0,1,0,1,1,0,1,0,0,0,160,1,5
1,18,3,2,2,1,0,4,4,5,2,4,5,8,7,8,1,1,0,0,1,1,0,0,1,0,0,0,1,0,0,0,1,0,0,1,0,0,0,0,1,0,1,0,1,0,1,0,1,0,0,1,1,0,0,1,1,0,1,0,160,1,5
0,19,3,3,1,2,0,4,3,5,3,3,5,16,11,12,1,1,0,0,1,1,0,0,1,0,0,1,0,0,0,0,0,1,0,0,1,0,0,0,0,1,1,0,0,1,1,0,0,1,0,1,0,1,0,1,1,0,0,0,160,1,5
0,20,1,0,2,1,1,5,3,1,1,1,5,5,8,10,1,1,0,0,1,1,0,0,1,0,0,1,0,0,0,0,1,0,0,0,0,0,1,0,1,0,0,1,1,0,1,0,1,0,0,1,0,1,0,1,0,1,0,0,160,1,5
0,18,3,2,1,3,0,5,4,3,2,3,1,4,14,16,1,1,0,0,1,1,0,0,1,0,0,1,0,0,0,0,0,1,0,0,0,1,0,0,1,0,1,0,1,0,1,0,1,0,0,1,0,1,0,1,0,1,0,1,160,1,5
1,15,2,3,1,2,0,4,4,4,1,1,1,2,11,8,0,1,0,1,0,1,0,0,1,1,0,0,0,0,0,0,0,1,0,1,0,0,0,0,1,0,0,1,1,0,0,1,0,1,0,1,0,1,1,0,1,0,1,0,160,1,5
0,17,2,1,3,2,0,2,1,1,1,1,3,2,12,12,0,1,0,1,0,1,0,0,1,1,0,0,0,0,0,0,0,1,0,1,0,0,0,0,1,0,1,0,1,0,1,0,0,1,0,1,0,1,1,0,1,0,0,1,160,1,5
1,19,1,1,2,1,1,4,3,2,1,3,5,0,5,8,0,0,1,1,0,1,0,0,1,0,0,1,0,0,0,0,0,1,0,0,0,1,0,0,1,0,1,0,1,0,1,0,1,0,0,1,0,1,1,0,1,0,1,0,160,1,5
1,18,2,2,1,2,1,5,5,4,3,5,2,0,7,7,1,1,0,0,1,1,0,0,1,0,0,1,0,0,0,0,0,1,0,0,0,0,1,1,0,0,1,0,1,0,1,0,1,0,0,1,1,0,0,1,1,0,1,0,160,1,5
0,18,1,1,3,2,1,4,4,2,1,2,2,2,9,10,0,0,1,0,1,1,0,0,1,1,0,0,0,0,0,0,0,1,0,1,0,0,0,0,1,0,1,0,1,0,1,0,1,0,0,1,1,0,1,0,1,0,0,0,160,1,5
1,19,1,1,3,2,3,5,4,4,3,3,2,8,8,7,0,0,1,1,0,1,0,0,1,0,0,1,0,0,0,0,0,1,0,0,1,0,0,0,0,1,1,0,1,0,1,0,1,0,0,1,0,1,0,1,1,0,1,0,160,1,5
1,18,2,1,1,1,1,3,2,5,2,5,5,4,6,9,1,1,0,0,1,1,0,0,1,0,0,0,1,0,0,0,0,1,0,0,0,1,0,0,1,0,1,0,1,0,1,0,1,0,1,0,1,0,0,1,1,0,1,0,160,1,5
1,17,3,1,2,1,0,2,4,5,3,4,2,6,10,10,1,0,1,0,1,0,1,0,1,0,0,0,1,0,0,0,0,1,0,1,0,0,0,0,1,0,1,0,1,0,1,0,1,0,1,0,0,1,0,1,1,0,1,0,160,1,5
1,18,4,3,1,3,0,5,3,2,1,2,4,4,15,14,1,1,0,1,0,1,0,0,1,0,0,0,0,1,0,0,0,1,0,1,0,0,0,0,1,0,1,0,1,0,1,0,1,0,0,1,0,1,0,1,0,1,1,1,160,1,5
1,18,4,3,1,3,0,5,3,2,1,2,4,9,16,15,1,1,0,1,0,1,0,0,1,0,0,0,0,1,0,0,0,1,0,1,0,0,0,0,1,0,1,0,1,0,1,0,1,0,0,1,0,1,0,1,0,1,1,1,160,1,5
1,17,1,1,2,3,0,4,3,3,1,1,1,2,12,14,1,1,0,1,0,1,0,0,1,0,0,1,0,0,0,0,1,0,0,0,1,0,0,1,0,0,1,0,1,0,1,0,1,0,1,0,0,1,0,1,0,1,1,1,160,1,5
0,17,1,1,3,1,1,5,2,1,1,2,1,0,7,6,1,0,1,1,0,1,0,0,1,0,0,1,0,0,0,0,0,1,0,0,0,0,1,0,1,0,1,0,0,1,0,1,1,0,0,1,0,1,0,1,0,1,0,0,160,1,5
0,17,2,3,2,2,0,4,2,1,1,1,3,2,11,12,1,1,0,0,1,1,0,0,1,0,0,1,0,0,0,0,1,0,0,1,0,0,0,1,0,0,1,0,1,0,1,0,0,1,0,1,0,1,0,1,0,1,0,1,160,1,5
0,16,2,2,1,2,0,5,4,3,1,1,1,0,11,12,0,0,1,1,0,0,1,0,1,0,0,1,0,0,0,0,0,1,0,1,0,0,0,1,0,0,1,0,1,0,1,0,0,1,0,1,0,1,1,0,0,1,0,0,160,1,5
0,15,1,1,1,1,1,4,1,3,1,1,2,6,10,10,1,0,1,1,0,1,0,0,1,1,0,0,0,0,0,0,0,1,0,0,0,1,0,0,1,0,1,0,0,1,1,0,1,0,0,1,0,1,1,0,0,1,0,0,160,1,5
0,16,1,2,1,2,0,4,4,3,1,1,1,4,8,10,1,1,0,0,1,0,1,0,1,0,0,1,0,0,0,0,0,1,0,0,0,0,1,1,0,0,0,1,1,0,1,0,0,1,0,1,0,1,0,1,1,0,0,0,160,1,5
0,17,3,2,1,2,0,5,4,2,1,1,3,4,14,14,0,1,0,0,1,1,0,0,1,0,0,1,0,0,0,0,1,0,0,1,0,0,0,1,0,0,1,0,1,0,1,0,0,1,0,1,0,1,1,0,1,0,0,1,160,1,5
0,18,1,1,2,2,1,1,1,1,1,1,5,0,6,5,0,0,1,0,1,1,0,0,1,0,0,1,0,0,0,0,1,0,0,1,0,0,0,0,1,0,1,0,1,0,1,0,0,1,0,1,0,1,1,0,1,0,0,0,160,1,5
0,16,2,2,2,2,1,4,3,3,2,2,5,14,10,11,0,1,0,0,1,0,1,0,1,0,0,1,0,0,1,0,0,0,0,1,0,0,0,1,0,0,0,1,1,0,1,0,0,1,0,1,0,1,0,1,1,0,0,0,160,1,5
0,17,2,1,3,2,0,2,1,1,1,1,3,2,12,11,1,1,0,1,0,1,0,0,1,1,0,0,0,0,0,0,0,1,0,1,0,0,0,0,1,0,1,0,1,0,1,0,0,1,0,1,0,1,1,0,1,0,0,0,160,1,5
0,16,4,4,1,2,0,2,4,4,2,3,4,6,10,11,1,1,0,1,0,1,0,0,1,0,1,0,0,0,0,0,0,0,1,0,0,1,0,0,1,0,1,0,0,1,1,0,0,1,0,1,0,1,1,0,1,0,0,0,160,1,5
1,15,1,2,2,1,0,4,4,4,2,4,5,2,8,9,0,1,0,0,1,0,1,0,1,0,0,1,0,0,0,0,1,0,0,1,0,0,0,0,1,0,1,0,1,0,1,0,0,1,0,1,0,1,1,0,1,0,1,0,160,1,5
0,17,2,1,2,3,0,3,2,3,1,2,3,0,15,15,0,1,0,0,1,1,0,1,0,0,0,1,0,0,0,0,1,0,0,1,0,0,0,0,1,0,1,0,1,0,1,0,0,1,0,1,0,1,0,1,0,1,0,1,160,1,5
0,16,2,1,1,2,0,4,3,5,1,1,5,0,12,12,1,1,0,0,1,1,0,0,1,0,0,1,0,0,0,0,1,0,0,1,0,0,0,0,1,0,1,0,0,1,1,0,1,0,0,1,0,1,1,0,0,1,0,0,160,1,5
0,16,4,4,1,2,0,2,4,4,2,3,4,6,10,11,1,1,0,1,0,1,0,0,1,0,1,0,0,0,0,0,0,0,1,0,0,1,0,0,1,0,1,0,0,1,1,0,0,1,0,1,0,1,1,0,1,0,0,0,160,1,5
1,15,4,4,1,1,0,4,3,3,1,3,5,0,12,12,0,1,0,0,1,0,1,0,1,0,1,0,0,0,0,0,0,1,0,1,0,0,0,1,0,0,1,0,0,1,1,0,0,1,0,1,0,1,0,1,1,0,1,0,160,1,5
0,18,4,4,1,2,0,5,4,3,3,4,2,1,12,14,0,0,1,1,0,0,1,0,1,0,0,0,0,1,0,0,0,1,0,1,0,0,0,0,1,0,1,0,1,0,1,0,0,1,0,1,0,1,0,1,1,0,0,1,160,1,5
1,16,4,4,1,1,0,5,3,2,1,2,5,0,12,12,1,1,0,0,1,1,0,0,1,0,0,0,1,0,0,0,0,1,0,1,0,0,0,0,1,0,1,0,1,0,1,0,0,1,0,1,0,1,0,1,1,0,1,0,160,1,5
1,15,4,4,1,1,0,4,3,3,1,3,5,0,12,12,0,1,0,0,1,0,1,0,1,0,1,0,0,0,0,0,0,1,0,1,0,0,0,1,0,0,1,0,0,1,1,0,0,1,0,1,0,1,0,1,1,0,1,0,160,1,5
1,18,4,3,2,1,0,4,2,3,1,2,1,0,10,10,0,1,0,0,1,0,1,0,1,0,0,0,0,1,0,0,0,1,0,1,0,0,0,0,1,0,1,0,1,0,1,0,0,1,0,1,0,1,0,1,1,0,1,0,160,1,5
1,15,4,1,1,2,0,5,3,4,1,2,2,7,7,9,0,0,1,1,0,0,1,0,1,0,1,0,0,0,0,0,0,1,0,0,0,0,1,1,0,0,1,0,0,1,1,0,0,1,0,1,0,1,0,1,1,0,1,0,160,1,5
1,18,1,2,3,1,0,4,3,3,2,3,3,3,9,10,1,0,1,1,0,0,1,0,1,1,0,0,0,0,0,0,0,1,0,0,0,1,0,1,0,0,1,0,0,1,1,0,0,1,0,1,1,0,0,1,0,1,1,0,160,1,5
0,16,1,2,2,1,0,5,4,5,1,4,2,0,14,14,0,0,1,1,0,0,1,0,1,0,0,1,0,0,0,0,1,0,0,0,0,0,1,0,1,0,1,0,1,0,1,0,0,1,0,1,0,1,0,1,1,0,0,1,160,1,5
1,16,2,2,2,1,0,5,4,3,2,4,4,6,7,8,1,0,1,1,0,1,0,0,1,0,0,0,1,0,0,0,0,1,0,1,0,0,0,0,1,0,1,0,0,1,1,0,0,1,0,1,0,1,0,1,0,1,1,0,160,1,5
0,16,1,2,1,2,0,4,4,5,1,3,3,0,8,9,1,0,1,1,0,0,1,0,1,1,0,0,0,0,0,0,1,0,0,1,0,0,0,0,1,0,1,0,1,0,1,0,0,1,0,1,1,0,0,1,1,0,0,0,160,1,5
1,15,2,2,1,4,0,4,3,4,1,1,4,2,11,12,1,1,0,0,1,0,1,0,1,0,0,0,1,0,0,1,0,0,0,0,0,0,1,0,1,0,1,0,0,1,1,0,0,1,0,1,0,1,0,1,1,0,1,0,160,1,5
1,16,4,4,2,3,0,2,4,3,1,1,5,4,12,12,0,1,0,1,0,1,0,1,0,0,0,1,0,0,0,0,0,0,1,0,0,0,1,0,1,0,1,0,0,1,1,0,0,1,0,1,0,1,0,1,0,1,1,1,160,1,5
0,17,2,2,1,1,0,4,5,3,1,1,5,4,9,9,0,0,1,0,1,1,0,0,1,0,0,1,0,0,1,0,0,0,0,1,0,0,0,0,1,0,1,0,0,1,1,0,0,1,0,1,1,0,1,0,1,0,0,0,160,1,5
1,15,2,2,1,4,0,4,3,4,1,1,4,2,11,12,1,1,0,0,1,0,1,0,1,0,0,0,1,0,0,1,0,0,0,0,0,0,1,0,1,0,1,0,0,1,1,0,0,1,0,1,0,1,0,1,1,0,1,0,160,1,5
1,15,4,2,2,1,1,5,5,5,3,4,5,6,11,11,0,1,0,0,1,0,1,1,0,0,1,0,0,0,0,1,0,0,0,0,0,1,0,1,0,0,1,0,1,0,1,0,1,0,0,1,0,1,1,0,1,0,1,0,160,1,5
1,17,3,3,1,2,0,4,3,4,2,3,4,6,11,12,0,1,0,0,1,1,0,0,1,0,0,0,1,0,0,0,0,1,0,0,0,1,0,0,1,0,1,0,0,1,1,0,0,1,0,1,0,1,0,1,0,1,1,1,160,1,5
0,16,3,2,2,2,2,2,5,5,1,1,1,8,5,5,0,0,1,0,1,1,0,1,0,0,0,0,1,0,1,0,0,0,0,1,0,0,0,0,1,0,1,0,0,1,1,0,0,1,0,1,0,1,1,0,0,1,0,0,160,1,5
1,16,1,1,2,2,0,5,4,5,4,5,3,0,7,0,1,0,1,0,1,1,0,0,1,1,0,0,0,0,0,0,0,1,0,0,1,0,0,0,1,0,1,0,0,1,1,0,0,1,0,1,0,1,1,0,0,1,1,0,160,1,5
1,19,3,2,1,1,0,4,5,4,1,1,4,6,11,9,1,1,0,0,1,1,0,0,1,0,0,0,1,0,1,0,0,0,0,0,1,0,0,0,1,0,1,0,0,1,1,0,1,0,0,1,1,0,0,1,0,1,1,0,160,1,5
1,16,4,2,1,1,0,4,3,3,3,4,3,10,10,8,0,1,0,1,0,1,0,0,1,0,0,0,0,1,0,0,0,1,0,0,0,1,0,0,1,0,1,0,0,1,1,0,0,1,0,1,0,1,0,1,0,1,1,0,160,1,5
1,16,4,3,1,2,0,5,4,2,1,2,5,10,15,15,1,1,0,0,1,0,1,0,1,0,0,0,1,0,0,0,1,0,0,0,0,0,1,0,1,0,1,0,0,1,0,1,0,1,0,1,0,1,0,1,1,0,1,1,160,1,5
1,17,1,1,2,1,1,4,4,4,1,2,5,2,7,9,0,1,0,0,1,0,1,0,1,0,1,0,0,0,0,0,1,0,0,1,0,0,0,0,1,0,1,0,0,1,1,0,0,1,0,1,0,1,0,1,1,0,1,0,160,1,5
1,17,4,1,2,1,0,4,5,4,2,4,5,22,11,11,0,1,0,0,1,0,1,1,0,0,0,0,1,0,0,0,1,0,0,0,1,0,0,0,1,0,1,0,1,0,1,0,0,1,0,1,0,1,0,1,0,1,1,0,160,1,5
0,16,3,3,2,2,0,4,4,5,1,1,4,4,10,11,0,1,0,0,1,0,1,0,1,0,0,1,0,0,0,0,1,0,0,0,0,0,1,0,1,0,1,0,0,1,0,1,0,1,0,1,0,1,0,1,1,0,0,0,160,1,5
1,16,4,2,1,2,0,4,5,1,1,3,5,2,15,15,0,1,0,0,1,0,1,0,1,0,0,0,0,1,0,0,1,0,0,1,0,0,0,0,1,0,1,0,1,0,1,0,0,1,0,1,0,1,0,1,1,0,1,1,160,1,5
0,17,3,3,1,2,0,5,3,3,2,3,1,56,9,9,0,1,0,0,1,0,1,0,1,0,0,1,0,0,0,0,1,0,0,0,0,0,1,0,1,0,1,0,0,1,1,0,0,1,0,1,0,1,0,1,0,1,0,0,160,1,5
0,21,4,4,1,3,2,3,3,2,1,1,5,0,9,12,1,1,0,0,1,0,1,0,1,0,0,1,0,0,0,0,1,0,0,0,0,0,1,0,0,1,1,0,1,0,0,1,0,1,0,1,0,1,0,1,1,0,0,0,160,1,5
0,17,3,3,1,2,0,5,3,3,2,3,1,56,9,9,0,1,0,0,1,0,1,0,1,0,0,1,0,0,0,0,1,0,0,0,0,0,1,0,1,0,1,0,0,1,1,0,0,1,0,1,0,1,0,1,0,1,0,0,160,1,5
0,16,2,4,2,2,0,4,2,2,1,2,5,2,14,12,1,1,0,0,1,0,1,0,1,0,0,1,0,0,0,1,0,0,0,1,0,0,0,1,0,0,1,0,0,1,1,0,0,1,0,1,0,1,0,1,0,1,0,1,160,1,5
1,18,3,4,2,2,0,4,2,5,3,4,1,13,17,17,1,1,0,1,0,0,1,1,0,0,0,1,0,0,0,0,1,0,0,0,0,0,1,0,1,0,1,0,0,1,0,1,0,1,0,1,0,1,0,1,1,0,1,1,160,1,5
1,16,3,3,1,2,0,4,2,3,1,2,3,2,12,12,0,1,0,0,1,1,0,0,1,0,0,0,1,0,0,0,1,0,0,0,1,0,0,0,1,0,1,0,1,0,0,1,0,1,0,1,0,1,0,1,0,1,1,0,160,1,5
1,17,2,1,2,1,2,3,3,2,2,2,5,0,7,6,1,1,0,1,0,0,1,0,1,1,0,0,0,0,0,0,1,0,0,1,0,0,0,0,1,0,1,0,1,0,1,0,0,1,0,1,1,0,0,1,0,1,1,0,160,1,5
0,16,3,3,1,1,0,4,5,4,1,1,4,0,14,12,1,0,1,0,1,1,0,0,1,0,0,1,0,0,0,0,1,0,0,0,0,0,1,0,1,0,1,0,1,0,1,0,0,1,0,1,1,0,0,1,0,1,0,1,160,1,5
1,16,4,3,1,1,0,5,4,5,1,1,3,7,14,14,1,1,0,0,1,0,1,0,1,0,0,0,0,1,0,0,1,0,0,1,0,0,0,0,1,0,1,0,1,0,1,0,0,1,1,0,0,1,0,1,1,0,1,1,160,1,5
1,17,1,1,4,2,0,5,3,5,1,5,5,0,8,8,1,1,0,1,0,0,1,0,1,0,0,1,0,0,0,0,0,1,0,1,0,0,0,0,1,0,1,0,1,0,1,0,0,1,0,1,1,0,1,0,0,1,1,0,160,1,5
0,17,2,2,1,2,0,4,3,4,1,3,4,0,12,17,1,1,0,0,1,1,0,0,1,0,0,0,1,0,0,0,0,1,0,0,0,0,1,0,1,0,1,0,0,1,1,0,0,1,0,1,0,1,0,1,1,0,0,1,160,1,5
0,17,4,4,1,2,0,2,3,4,1,1,1,0,16,15,0,0,1,0,1,0,1,0,1,1,0,0,0,0,1,0,0,0,0,1,0,0,0,0,1,0,1,0,0,1,0,1,0,1,0,1,0,1,0,1,0,1,0,1,160,1,5
0,18,1,2,2,2,0,4,4,3,1,2,4,0,12,12,1,0,1,0,1,0,1,1,0,1,0,0,0,0,0,0,1,0,0,0,0,0,1,0,1,0,1,0,1,0,1,0,1,0,0,1,0,1,0,1,1,0,0,1,160,1,5
0,15,4,3,1,2,0,4,3,2,1,1,1,0,15,14,0,1,0,0,1,1,0,1,0,0,0,0,1,0,0,0,0,1,0,0,0,0,1,0,1,0,1,0,0,1,1,0,0,1,0,1,0,1,0,1,1,0,0,1,160,1,5
0,16,3,4,1,2,0,2,4,3,1,2,3,14,12,11,0,1,0,0,1,1,0,0,1,1,0,0,0,0,0,0,1,0,0,1,0,0,0,0,1,0,1,0,0,1,1,0,1,0,0,1,0,1,0,1,1,0,0,0,160,1,5
0,17,2,2,1,3,0,3,4,3,1,1,3,8,12,11,1,0,1,0,1,1,0,0,1,0,0,1,0,0,1,0,0,0,0,0,1,0,0,0,1,0,1,0,1,0,1,0,0,1,0,1,0,1,1,0,0,1,0,0,160,1,5
0,18,2,1,1,2,0,4,3,4,1,3,5,2,12,12,1,1,0,0,1,0,1,1,0,0,0,1,0,0,0,0,1,0,0,1,0,0,0,0,1,0,1,0,0,1,1,0,1,0,1,0,0,1,0,1,0,1,0,1,160,1,5
0,17,3,2,2,2,0,1,2,3,1,2,5,2,12,12,0,0,1,0,1,0,1,1,0,0,0,0,1,0,0,0,1,0,0,0,0,0,1,0,1,0,1,0,1,0,1,0,1,0,0,1,0,1,1,0,0,1,0,0,160,1,5
0,18,1,1,1,2,0,5,2,3,1,2,3,2,8,10,0,0,1,0,1,0,1,1,0,1,0,0,0,0,0,0,0,1,0,1,0,0,0,0,1,0,1,0,1,0,1,0,1,0,0,1,0,1,1,0,0,1,0,0,160,1,5
0,18,2,1,1,2,0,4,3,4,1,3,5,2,12,12,1,1,0,0,1,0,1,1,0,0,0,1,0,0,0,0,1,0,0,1,0,0,0,0,1,0,1,0,0,1,1,0,1,0,1,0,0,1,0,1,0,1,0,1,160,1,5
1,17,2,2,1,2,0,4,4,2,5,5,4,4,14,12,0,1,0,0,1,0,1,0,1,0,0,1,0,0,0,0,1,0,0,0,1,0,0,1,0,0,1,0,1,0,0,1,0,1,1,0,0,1,0,1,0,1,1,1,160,1,5
1,15,4,4,1,4,0,1,3,3,5,5,3,0,11,12,0,1,0,0,1,1,0,1,0,0,0,1,0,0,0,0,0,1,0,0,0,0,1,0,1,0,1,0,0,1,1,0,0,1,1,0,0,1,0,1,0,1,1,0,160,1,5
1,18,2,2,1,1,1,4,4,3,2,2,1,26,7,8,0,1,0,0,1,1,0,0,1,0,0,1,0,0,1,0,0,0,0,1,0,0,0,0,0,1,1,0,0,1,1,0,0,1,1,0,1,0,0,1,0,1,1,0,160,1,5
0,18,2,3,1,4,0,4,5,5,1,3,2,4,15,14,0,1,0,0,1,1,0,0,1,0,0,1,0,0,0,0,0,1,0,0,0,0,1,1,0,0,1,0,0,1,0,1,0,1,0,1,0,1,0,1,0,1,0,1,160,1,5
1,21,1,1,2,2,2,5,3,3,5,2,4,21,9,10,1,1,0,1,0,0,1,0,1,1,0,0,0,0,0,0,1,0,0,1,0,0,0,0,0,1,1,0,0,1,1,0,0,1,0,1,1,0,0,1,0,1,1,0,160,1,5
0,17,3,1,1,2,0,4,5,4,2,3,1,10,8,9,0,0,1,1,0,1,0,0,1,1,0,0,0,0,0,0,1,0,0,0,0,0,1,0,1,0,1,0,0,1,1,0,0,1,1,0,0,1,0,1,1,0,0,0,224,1,7
0,15,4,4,1,2,0,4,4,4,1,1,3,2,12,12,1,1,0,0,1,1,0,0,1,0,0,0,1,0,0,0,0,0,1,0,0,1,0,1,0,0,0,1,0,1,1,0,0,1,1,0,0,1,0,1,1,0,0,0,224,1,7
1,17,1,1,1,2,0,4,3,3,1,2,4,2,12,10,0,1,0,0,1,1,0,0,1,0,0,1,0,0,0,0,1,0,0,0,0,0,1,1,0,0,1,0,1,0,0,1,1,0,1,0,0,1,0,1,1,0,1,0,224,1,7
0,15,4,4,1,2,0,4,4,4,1,1,3,2,12,12,1,1,0,0,1,1,0,0,1,0,0,0,1,0,0,0,0,0,1,0,0,1,0,1,0,0,0,1,0,1,1,0,0,1,1,0,0,1,0,1,1,0,0,0,224,1,7
0,17,3,3,1,2,0,3,3,3,1,3,3,6,8,7,1,1,0,0,1,1,0,1,0,0,1,0,0,0,0,0,1,0,0,0,0,0,1,0,1,0,1,0,0,1,1,0,1,0,1,0,0,1,0,1,0,1,0,0,224,1,7
0,18,4,4,2,2,0,4,3,5,1,2,1,0,18,18,0,0,1,0,1,1,0,0,1,0,0,0,0,1,0,0,0,0,1,0,0,0,1,0,1,0,1,0,1,0,1,0,0,1,1,0,0,1,0,1,1,0,0,1,224,1,7
0,16,3,3,1,3,0,4,1,2,1,1,2,4,11,11,0,1,0,1,0,1,0,0,1,0,0,0,1,0,0,0,1,0,0,0,0,0,1,1,0,0,0,1,0,1,1,0,0,1,0,1,0,1,0,1,1,0,0,0,224,1,7
0,18,4,4,3,2,0,3,2,2,4,2,5,0,7,5,1,0,1,1,0,1,0,0,1,0,0,1,0,0,0,0,0,0,1,0,0,1,0,1,0,0,1,0,0,1,1,0,1,0,1,0,0,1,0,1,0,1,0,0,224,1,7
0,18,4,4,3,2,0,3,2,2,4,2,5,0,7,5,1,0,1,1,0,1,0,0,1,0,0,1,0,0,0,0,0,0,1,0,0,1,0,1,0,0,1,0,0,1,1,0,1,0,1,0,0,1,0,1,0,1,0,0,224,1,7
0,15,3,1,2,4,0,4,4,2,2,3,3,12,16,16,0,1,0,1,0,0,1,0,1,0,0,1,0,0,0,0,1,0,0,0,0,0,1,1,0,0,1,0,0,1,1,0,1,0,1,0,0,1,0,1,1,0,0,1,224,1,7
0,16,4,4,1,3,0,5,3,2,1,1,5,0,12,12,0,1,0,0,1,1,0,0,1,0,0,0,0,1,0,0,0,1,0,0,1,0,0,0,1,0,1,0,0,1,1,0,0,1,1,0,0,1,0,1,1,0,0,1,224,1,7
0,19,4,4,2,2,0,2,3,4,2,3,2,2,14,12,1,1,0,0,1,1,0,0,1,0,1,0,0,0,0,0,1,0,0,0,0,0,1,0,0,1,1,0,0,1,1,0,0,1,0,1,0,1,0,1,1,0,0,1,224,1,7
0,15,3,1,2,4,0,4,4,2,2,3,3,12,16,16,0,1,0,1,0,0,1,0,1,0,0,1,0,0,0,0,1,0,0,0,0,0,1,1,0,0,1,0,0,1,1,0,1,0,1,0,0,1,0,1,1,0,0,1,224,1,7
1,18,4,4,1,2,0,4,3,3,2,2,2,0,12,12,0,1,0,0,1,1,0,0,1,0,0,0,0,1,0,0,0,1,0,0,1,0,0,1,0,0,1,0,0,1,1,0,0,1,0,1,0,1,0,1,1,0,1,1,224,1,7
0,17,1,1,2,1,0,4,4,5,1,2,5,0,11,11,1,0,1,1,0,1,0,0,1,1,0,0,0,0,0,0,1,0,0,0,0,0,1,0,1,0,1,0,0,1,1,0,0,1,1,0,0,1,0,1,0,1,0,0,224,1,7
0,18,2,2,1,3,0,4,3,3,1,1,3,0,11,12,0,1,0,0,1,1,0,0,1,1,0,0,0,0,0,0,0,1,0,0,1,0,0,0,1,0,1,0,0,1,1,0,0,1,0,1,0,1,0,1,0,1,0,1,224,1,7
0,17,1,1,2,1,0,4,4,5,1,2,5,0,11,11,1,0,1,1,0,1,0,0,1,1,0,0,0,0,0,0,1,0,0,0,0,0,1,0,1,0,1,0,0,1,1,0,0,1,1,0,0,1,0,1,0,1,0,0,224,1,7
0,19,2,3,1,3,1,5,4,2,1,2,5,0,7,5,0,0,1,1,0,1,0,0,1,0,0,0,1,0,0,0,1,0,0,1,0,0,0,0,1,0,1,0,1,0,1,0,0,1,1,0,0,1,0,1,1,0,0,0,224,1,7
0,20,3,3,2,2,1,3,3,4,2,4,3,8,11,9,0,0,1,0,1,1,0,0,1,1,0,0,0,0,0,0,0,1,0,0,0,1,0,0,1,0,1,0,1,0,1,0,0,1,0,1,0,1,0,1,0,1,0,0,224,1,7
0,17,1,1,2,1,0,4,4,5,1,2,5,0,11,11,1,0,1,1,0,1,0,0,1,1,0,0,0,0,0,0,1,0,0,0,0,0,1,0,1,0,1,0,0,1,1,0,0,1,1,0,0,1,0,1,0,1,0,0,224,1,7
0,15,3,3,2,1,0,4,1,3,1,1,4,0,14,16,0,0,1,1,0,1,0,0,1,0,0,1,0,0,0,0,0,1,0,1,0,0,0,1,0,0,1,0,1,0,1,0,1,0,1,0,0,1,0,1,1,0,0,1,224,1,7
1,17,3,3,1,2,0,4,3,4,1,4,4,4,11,9,1,1,0,0,1,1,0,0,1,0,0,1,0,0,0,0,1,0,0,0,0,0,1,1,0,0,1,0,1,0,1,0,0,1,1,0,0,1,0,1,1,0,1,0,224,1,7
0,17,2,4,1,3,0,4,4,3,1,1,5,7,12,14,0,1,0,1,0,1,0,0,1,1,0,0,0,0,0,0,1,0,0,1,0,0,0,1,0,0,1,0,0,1,1,0,1,0,0,1,0,1,0,1,0,1,0,1,224,1,7
0,17,3,3,1,3,0,3,2,3,1,1,4,2,15,12,1,1,0,0,1,1,0,0,1,0,0,1,0,0,0,0,1,0,0,0,1,0,0,0,1,0,1,0,1,0,1,0,0,1,1,0,0,1,1,0,1,0,0,1,224,1,7
0,16,4,2,1,2,0,4,2,3,1,1,3,0,17,17,0,1,0,0,1,1,0,0,1,0,1,0,0,0,0,0,0,1,0,0,1,0,0,1,0,0,1,0,1,0,1,0,1,0,0,1,0,1,0,1,0,1,0,1,224,1,7
0,17,1,1,1,2,0,4,3,2,1,1,4,10,10,9,1,1,0,0,1,1,0,0,1,1,0,0,0,0,0,0,1,0,0,1,0,0,0,0,1,0,0,1,1,0,1,0,1,0,1,0,0,1,1,0,0,1,0,0,224,1,7
0,15,3,4,1,3,0,4,3,2,1,1,5,2,11,12,1,1,0,1,0,1,0,0,1,0,0,0,1,0,0,1,0,0,0,1,0,0,0,0,1,0,0,1,0,1,1,0,0,1,0,1,0,1,0,1,1,0,0,0,224,1,7
1,17,4,4,1,1,0,4,2,1,1,2,5,6,10,8,1,1,0,0,1,1,0,0,1,0,0,0,0,1,0,0,0,0,1,1,0,0,0,0,1,0,1,0,0,1,1,0,0,1,1,0,0,1,0,1,1,0,1,0,224,1,7
0,17,4,4,1,1,0,4,2,1,1,1,4,0,11,11,1,1,0,0,1,1,0,0,1,0,0,1,0,0,0,0,0,0,1,1,0,0,0,0,1,0,0,1,0,1,1,0,1,0,0,1,0,1,1,0,0,1,0,0,224,1,7
0,17,4,2,2,3,0,4,3,3,1,1,3,0,16,16,0,1,0,0,1,1,0,0,1,0,0,1,0,0,0,0,1,0,0,0,0,0,1,0,1,0,1,0,0,1,1,0,1,0,0,1,0,1,0,1,1,0,0,1,224,1,7
1,18,4,4,1,2,1,4,3,3,2,2,2,0,10,10,1,1,0,0,1,1,0,0,1,0,0,0,0,1,0,0,0,1,0,0,1,0,0,1,0,0,1,0,0,1,1,0,0,1,0,1,0,1,0,1,1,0,1,0,224,1,7
0,18,4,3,1,2,0,3,1,2,1,3,2,21,17,18,1,1,0,0,1,1,0,0,1,0,0,0,1,0,0,0,1,0,0,0,1,0,0,1,0,0,1,0,0,1,0,1,1,0,0,1,0,1,0,1,0,1,0,1,224,1,7
0,16,4,4,1,3,0,3,2,3,1,2,2,10,12,12,0,1,0,0,1,1,0,0,1,0,0,0,1,0,0,0,0,1,0,0,0,0,1,0,1,0,1,0,0,1,1,0,0,1,0,1,0,1,0,1,1,0,0,1,224,1,7
0,17,4,3,1,3,0,4,2,2,1,2,3,0,17,18,1,1,0,0,1,1,0,0,1,0,1,0,0,0,0,0,0,1,0,0,0,0,1,0,1,0,1,0,0,1,1,0,1,0,0,1,0,1,0,1,1,0,0,1,224,1,7
1,19,3,3,1,2,1,4,4,4,1,1,3,20,15,14,0,1,0,0,1,1,0,0,1,0,0,1,0,0,0,0,1,0,0,0,1,0,0,0,0,1,1,0,0,1,1,0,0,1,0,1,0,1,0,1,0,1,1,1,224,1,7
0,17,4,2,1,4,0,4,2,3,1,1,4,2,14,15,0,1,0,0,1,0,1,0,1,0,0,0,0,1,0,0,0,1,0,0,0,0,1,0,1,0,1,0,0,1,1,0,0,1,0,1,0,1,0,1,1,0,0,1,224,1,7
1,15,4,4,1,1,0,5,3,3,1,1,5,4,10,12,0,1,0,0,1,1,0,0,1,0,0,0,1,0,0,0,1,0,0,1,0,0,0,0,1,0,1,0,0,1,1,0,0,1,1,0,0,1,0,1,1,0,1,1,224,1,7
0,15,2,1,3,3,0,5,2,2,1,1,4,0,10,12,0,1,0,0,1,1,0,0,1,0,0,0,1,0,0,0,1,0,0,0,0,0,1,1,0,0,1,0,0,1,1,0,0,1,0,1,0,1,0,1,1,0,0,1,224,1,7
1,17,4,4,1,1,0,5,2,3,1,2,5,4,12,12,0,1,0,0,1,1,0,0,1,0,0,0,1,0,0,0,0,0,1,0,1,0,0,0,1,0,1,0,1,0,1,0,1,0,0,1,0,1,0,1,1,0,1,1,224,1,7
0,15,2,4,1,3,0,4,3,2,1,1,5,2,10,9,0,1,0,1,0,1,0,0,1,0,0,0,1,0,0,1,0,0,0,1,0,0,0,0,1,0,0,1,0,1,0,1,0,1,0,1,0,1,0,1,1,0,0,0,224,1,7
0,17,2,1,1,2,0,4,3,5,2,4,4,4,12,16,0,1,0,0,1,1,0,0,1,0,0,0,1,0,0,0,1,0,0,0,0,0,1,0,1,0,1,0,0,1,1,0,0,1,0,1,0,1,0,1,1,0,0,1,224,1,7
0,17,4,2,1,4,0,4,2,3,1,1,4,2,14,15,0,1,0,0,1,0,1,0,1,0,0,0,0,1,0,0,0,1,0,0,0,0,1,0,1,0,1,0,0,1,1,0,0,1,0,1,0,1,0,1,1,0,0,1,224,1,7
0,17,1,1,1,2,0,5,3,3,1,1,3,2,9,11,1,1,0,0,1,1,0,0,1,1,0,0,0,0,0,0,1,0,0,1,0,0,0,1,0,0,1,0,0,1,1,0,1,0,1,0,0,1,0,1,1,0,0,0,224,1,7
1,18,1,1,2,1,0,3,3,2,1,2,3,4,10,10,0,0,1,0,1,0,1,0,1,0,0,1,0,0,0,0,0,1,0,0,1,0,0,1,0,0,1,0,1,0,1,0,1,0,1,0,0,1,0,1,0,1,1,0,224,1,7
0,17,1,1,1,2,0,5,3,3,1,1,3,4,5,5,1,1,0,0,1,1,0,0,1,1,0,0,0,0,0,0,1,0,0,1,0,0,0,1,0,0,1,0,0,1,1,0,1,0,1,0,0,1,0,1,1,0,0,0,224,1,7
0,17,1,1,1,2,0,5,3,3,1,1,3,4,5,5,1,1,0,0,1,1,0,0,1,1,0,0,0,0,0,0,1,0,0,1,0,0,0,1,0,0,1,0,0,1,1,0,1,0,1,0,0,1,0,1,1,0,0,0,224,1,7
0,16,2,3,1,2,0,4,4,3,1,3,4,4,11,12,0,1,0,0,1,1,0,0,1,0,0,1,0,0,0,0,1,0,0,0,0,0,1,0,1,0,0,1,0,1,1,0,0,1,0,1,0,1,1,0,1,0,0,0,224,1,7
0,17,4,3,2,2,0,5,5,4,1,1,1,0,6,9,1,0,1,0,1,1,0,0,1,0,0,0,0,1,0,0,1,0,0,0,0,1,0,0,1,0,1,0,1,0,1,0,1,0,0,1,0,1,0,1,1,0,0,0,224,1,7
0,16,3,2,1,2,0,1,2,2,1,2,1,8,14,15,1,1,0,0,1,1,0,0,1,0,0,1,0,0,0,0,1,0,0,0,0,0,1,0,1,0,1,0,0,1,1,0,1,0,0,1,0,1,0,1,1,0,0,1,224,1,7
0,16,3,1,1,1,0,3,1,3,1,3,1,0,8,6,1,0,1,0,1,1,0,0,1,0,0,1,0,0,0,0,1,0,0,1,0,0,0,0,1,0,1,0,1,0,1,0,0,1,0,1,0,1,0,1,1,0,0,0,224,1,7
0,17,3,2,2,1,0,4,3,3,2,2,1,5,9,11,1,0,1,0,1,1,0,0,1,1,0,0,0,0,0,0,1,0,0,0,1,0,0,0,1,0,1,0,1,0,1,0,1,0,0,1,0,1,1,0,0,1,0,0,224,1,7
0,16,1,1,4,3,0,4,4,3,1,1,5,2,10,9,0,0,1,1,0,1,0,0,1,1,0,0,0,0,0,0,1,0,0,0,0,1,0,1,0,0,0,1,0,1,1,0,1,0,0,1,0,1,1,0,1,0,0,0,224,1,7
1,17,1,1,1,2,0,4,4,3,2,4,5,4,8,9,0,0,1,0,1,1,0,0,1,0,0,1,0,0,0,0,1,0,0,0,1,0,0,0,1,0,1,0,1,0,0,1,1,0,1,0,0,1,0,1,1,0,1,0,224,1,7
0,15,3,3,1,2,0,4,5,4,1,1,1,4,12,12,1,0,1,1,0,1,0,0,1,0,0,0,1,0,0,0,1,0,0,0,0,0,1,0,1,0,1,0,0,1,1,0,1,0,0,1,0,1,0,1,0,1,0,0,224,1,7
0,16,3,3,2,1,2,4,3,2,1,1,5,0,4,0,0,1,0,0,1,1,0,1,0,0,0,1,0,0,0,0,1,0,0,1,0,0,0,0,0,1,1,0,0,1,1,0,0,1,1,0,0,1,0,1,0,1,0,0,224,1,7
0,16,3,3,2,1,0,4,3,2,1,1,5,4,9,9,1,1,0,0,1,1,0,1,0,0,0,1,0,0,0,0,1,0,0,1,0,0,0,0,0,1,1,0,0,1,1,0,0,1,1,0,0,1,0,1,0,1,0,0,224,1,7
0,16,3,4,1,1,0,3,2,1,1,4,5,16,12,11,1,1,0,0,1,1,0,1,0,0,0,0,1,0,0,0,1,0,0,1,0,0,0,1,0,0,1,0,1,0,1,0,1,0,0,1,0,1,0,1,1,0,0,0,224,1,7
0,16,2,3,3,2,0,4,5,4,1,2,1,2,15,15,0,0,1,1,0,1,0,0,1,0,0,1,0,0,0,0,0,1,0,1,0,0,0,0,1,0,1,0,0,1,1,0,1,0,0,1,0,1,0,1,1,0,0,1,224,1,7
0,18,2,2,2,3,0,5,3,3,1,3,4,2,10,9,0,0,1,1,0,1,0,0,1,1,0,0,0,0,0,0,1,0,0,0,0,1,0,0,1,0,1,0,1,0,0,1,1,0,0,1,0,1,1,0,1,0,0,0,224,1,7
0,19,1,1,2,2,1,1,1,4,4,1,1,12,7,8,0,0,1,0,1,1,0,0,1,0,0,1,0,0,0,0,1,0,0,1,0,0,0,0,0,1,1,0,0,1,1,0,1,0,0,1,0,1,0,1,0,1,0,0,224,1,7
0,18,1,1,2,3,0,5,3,2,1,1,4,0,19,17,0,0,1,0,1,0,1,0,1,1,0,0,0,0,0,0,0,1,0,1,0,0,0,1,0,0,1,0,1,0,1,0,1,0,0,1,0,1,0,1,1,0,0,1,224,1,7
0,15,1,1,3,2,0,4,2,1,1,2,2,0,12,14,1,0,1,1,0,1,0,0,1,1,0,0,0,0,1,0,0,0,0,1,0,0,0,1,0,0,1,0,0,1,1,0,1,0,0,1,0,1,1,0,1,0,0,1,224,1,7
0,18,2,4,1,2,1,2,3,2,1,3,1,8,8,5,0,0,1,0,1,1,0,1,0,0,0,1,0,0,0,0,0,1,0,0,0,0,1,1,0,0,1,0,0,1,1,0,1,0,0,1,0,1,0,1,1,0,0,0,224,1,7
0,15,3,3,1,1,0,5,3,4,4,4,1,0,12,12,0,1,0,0,1,0,1,1,0,0,0,1,0,0,0,0,1,0,0,0,0,1,0,0,1,0,1,0,1,0,1,0,1,0,0,1,0,1,0,1,1,0,0,1,224,1,7
0,18,3,1,1,2,0,4,3,4,1,1,1,4,15,15,1,0,1,0,1,0,1,0,1,0,0,0,0,1,0,0,0,1,0,1,0,0,0,0,1,0,1,0,0,1,1,0,1,0,0,1,0,1,0,1,1,0,0,1,224,1,7
0,19,0,1,1,2,2,3,4,2,1,1,5,0,9,10,0,1,0,0,1,1,0,0,1,1,0,0,0,0,0,0,1,0,0,1,0,0,0,0,0,1,1,0,0,1,1,0,1,0,1,0,1,0,1,0,1,0,0,0,224,1,7
0,16,1,1,3,2,0,5,3,2,1,1,1,0,16,17,0,0,1,1,0,0,1,0,1,1,0,0,0,0,0,0,1,0,0,1,0,0,0,1,0,0,1,0,0,1,1,0,1,0,0,1,0,1,1,0,1,0,0,1,224,1,7
0,18,3,1,1,2,0,4,3,4,1,1,1,4,15,15,1,0,1,0,1,0,1,0,1,0,0,0,0,1,0,0,0,1,0,1,0,0,0,0,1,0,1,0,0,1,1,0,1,0,0,1,0,1,0,1,1,0,0,1,224,1,7
0,16,2,2,1,2,0,4,3,4,1,2,2,4,8,7,1,1,0,0,1,0,1,0,1,1,0,0,0,0,0,0,1,0,0,1,0,0,0,0,1,0,1,0,0,1,1,0,1,0,0,1,0,1,1,0,1,0,0,0,224,1,7
0,18,2,2,2,3,0,5,3,3,1,3,4,0,14,17,1,0,1,1,0,1,0,0,1,1,0,0,0,0,0,0,1,0,0,0,0,1,0,0,1,0,1,0,1,0,1,0,1,0,0,1,0,1,1,0,1,0,0,1,224,1,7
0,17,1,1,1,3,0,4,3,3,1,1,3,0,12,12,1,1,0,0,1,1,0,0,1,0,0,0,1,0,0,0,0,0,1,0,0,0,1,0,1,0,1,0,0,1,1,0,1,0,0,1,0,1,0,1,1,0,0,1,224,1,7
0,16,3,2,1,2,0,1,2,2,1,2,1,14,12,12,1,1,0,0,1,1,0,0,1,0,0,1,0,0,0,0,1,0,0,0,0,0,1,0,1,0,1,0,0,1,0,1,1,0,0,1,0,1,0,1,1,0,0,0,224,1,7
0,15,1,1,1,2,0,4,4,2,1,2,5,0,8,11,1,1,0,0,1,1,0,0,1,0,0,1,0,0,0,0,0,1,0,1,0,0,0,1,0,0,1,0,0,1,0,1,1,0,0,1,0,1,0,1,1,0,0,0,224,1,7
0,15,2,2,2,2,0,4,1,3,1,3,4,2,8,9,1,1,0,1,0,0,1,0,1,0,1,0,0,0,0,0,0,1,0,0,0,0,1,0,1,0,0,1,0,1,0,1,1,0,0,1,0,1,0,1,1,0,0,0,224,1,7
1,16,3,1,2,4,0,4,3,2,1,1,5,0,12,15,1,1,0,0,1,1,0,0,1,0,0,1,0,0,0,0,1,0,0,0,0,0,1,1,0,0,1,0,0,1,0,1,1,0,0,1,0,1,0,1,1,0,1,1,224,1,7
0,15,1,1,1,2,0,4,4,2,1,2,5,0,12,12,0,1,0,0,1,1,0,0,1,0,0,1,0,0,0,0,0,1,0,1,0,0,0,1,0,0,1,0,0,1,1,0,1,0,0,1,0,1,0,1,1,0,0,0,224,1,7
0,16,3,2,1,2,0,1,2,2,1,2,1,14,12,12,1,1,0,0,1,1,0,0,1,0,0,1,0,0,0,0,1,0,0,0,0,0,1,0,1,0,1,0,0,1,0,1,1,0,0,1,0,1,0,1,1,0,0,0,224,1,7
1,15,3,3,2,1,0,4,3,3,2,4,3,11,12,10,1,0,1,0,1,1,0,0,1,0,0,0,1,0,0,0,0,1,0,1,0,0,0,1,0,0,1,0,0,1,1,0,0,1,1,0,0,1,0,1,1,0,1,0,224,1,7
0,17,2,3,2,1,0,3,3,3,1,4,3,4,12,12,1,1,0,0,1,1,0,0,1,1,0,0,0,0,0,0,1,0,0,0,1,0,0,1,0,0,1,0,0,1,1,0,1,0,0,1,0,1,1,0,1,0,0,1,224,1,7
1,15,2,3,1,3,0,5,3,2,1,2,5,4,11,10,1,1,0,0,1,1,0,0,1,0,0,1,0,0,0,0,1,0,0,0,1,0,0,0,1,0,0,1,1,0,0,1,1,0,1,0,0,1,0,1,1,0,1,0,224,1,7
0,16,2,2,3,2,0,4,4,5,1,1,4,4,9,10,1,0,1,1,0,1,0,0,1,0,0,1,0,0,0,0,1,0,0,1,0,0,0,0,1,0,1,0,0,1,1,0,1,0,0,1,0,1,0,1,1,0,0,0,224,1,7
0,17,2,3,2,1,0,5,5,5,1,3,3,2,10,11,0,0,1,1,0,1,0,0,1,0,0,1,0,0,0,0,1,0,0,1,0,0,0,0,1,0,1,0,0,1,1,0,1,0,0,1,0,1,0,1,1,0,0,0,224,1,7
1,15,2,2,1,1,0,5,4,1,1,1,1,0,9,10,1,1,0,0,1,1,0,0,1,0,0,0,1,0,0,0,0,1,0,1,0,0,0,1,0,0,0,1,0,1,1,0,1,0,0,1,0,1,0,1,1,0,1,0,224,1,7
0,16,3,3,1,2,0,4,3,2,1,2,5,0,11,12,1,1,0,0,1,1,0,0,1,0,0,1,0,0,0,0,1,0,0,0,1,0,0,1,0,0,1,0,0,1,1,0,1,0,0,1,0,1,1,0,1,0,0,1,224,1,7
1,15,4,4,1,2,0,5,4,2,3,4,5,0,9,11,0,1,0,0,1,1,0,0,1,0,1,0,0,0,0,0,0,1,0,0,1,0,0,0,1,0,1,0,0,1,0,1,1,0,1,0,0,1,0,1,1,0,1,0,224,1,7
1,15,4,4,1,2,0,5,4,2,3,4,5,0,9,11,0,1,0,0,1,1,0,0,1,0,1,0,0,0,0,0,0,1,0,0,1,0,0,0,1,0,1,0,0,1,0,1,1,0,1,0,0,1,0,1,1,0,1,0,224,1,7
1,17,3,3,1,1,0,4,4,3,1,3,5,4,14,12,0,1,0,0,1,1,0,0,1,0,1,0,0,0,0,0,1,0,0,0,1,0,0,0,1,0,1,0,0,1,0,1,1,0,0,1,0,1,0,1,1,0,1,0,224,1,7
1,15,4,4,1,1,0,5,4,2,1,1,5,0,11,12,1,1,0,0,1,1,0,0,1,0,1,0,0,0,0,1,0,0,0,0,0,1,0,1,0,0,1,0,0,1,0,1,1,0,0,1,0,1,0,1,1,0,1,0,224,1,7
0,16,4,4,1,3,0,3,2,3,1,2,2,6,12,14,0,1,0,0,1,1,0,0,1,0,0,0,1,0,0,0,0,1,0,0,0,0,1,0,1,0,1,0,0,1,0,1,0,1,0,1,0,1,0,1,1,0,0,1,224,1,7
1,19,4,4,2,1,1,4,3,4,1,1,4,38,8,9,0,1,0,0,1,1,0,0,1,0,0,0,0,1,0,0,0,1,0,0,0,0,1,0,0,1,1,0,0,1,0,1,1,0,0,1,0,1,0,1,0,1,1,0,224,1,7
1,18,2,2,2,2,0,3,3,3,5,5,4,0,12,12,0,1,0,0,1,1,0,0,1,0,0,1,0,0,0,0,1,0,0,0,1,0,0,0,1,0,1,0,0,1,0,1,1,0,0,1,0,1,0,1,1,0,1,1,224,1,7
1,18,2,2,2,2,3,3,3,3,5,5,4,9,10,9,0,1,0,0,1,1,0,0,1,0,0,1,0,0,0,0,1,0,0,0,1,0,0,0,1,0,1,0,0,1,0,1,1,0,0,1,0,1,0,1,1,0,1,0,224,1,7
0,16,4,3,1,3,0,5,3,5,1,1,3,2,12,12,1,1,0,0,1,1,0,0,1,0,0,1,0,0,1,0,0,0,0,1,0,0,0,0,1,0,0,1,0,1,1,0,1,0,0,1,0,1,0,1,1,0,0,1,224,1,7
0,15,2,2,1,4,0,5,1,2,1,1,3,4,10,10,0,1,0,0,1,1,0,0,1,0,0,1,0,0,0,0,1,0,0,1,0,0,0,0,1,0,0,1,0,1,1,0,1,0,0,1,0,1,0,1,1,0,0,0,224,1,7
1,15,4,2,1,2,0,4,3,3,2,2,5,4,11,12,0,1,0,0,1,1,0,0,1,0,0,0,0,1,0,0,1,0,0,0,1,0,0,0,1,0,1,0,0,1,1,0,1,0,0,1,0,1,1,0,1,0,1,1,224,1,7
0,18,2,1,2,2,0,5,3,3,1,2,1,0,8,8,0,1,0,0,1,1,0,0,1,0,0,0,1,0,0,0,1,0,0,1,0,0,0,0,1,0,1,0,0,1,0,1,0,1,0,1,0,1,0,1,1,0,0,0,224,1,7
1,17,2,1,1,1,0,5,4,5,1,2,5,22,9,7,0,1,0,0,1,1,0,0,1,0,0,1,0,0,0,0,1,0,0,0,1,0,0,0,1,0,1,0,0,1,1,0,1,0,0,1,0,1,0,1,1,0,1,0,224,1,7
1,16,1,1,2,2,0,3,4,2,1,1,5,18,9,7,0,1,0,0,1,0,1,0,1,0,0,1,0,0,0,0,1,0,0,0,1,0,0,0,1,0,1,0,0,1,0,1,1,0,0,1,0,1,0,1,1,0,1,0,224,1,7
1,19,4,3,1,2,0,4,3,1,1,1,1,12,11,11,1,1,0,0,1,0,1,1,0,0,0,0,1,0,1,0,0,0,0,0,0,0,1,0,1,0,1,0,0,1,1,0,1,0,0,1,0,1,0,1,1,0,1,0,224,1,7
0,16,1,1,2,1,0,4,3,2,1,4,5,2,12,12,0,1,0,0,1,1,0,0,1,1,0,0,0,0,0,0,1,0,0,0,1,0,0,0,1,0,1,0,0,1,1,0,1,0,0,1,0,1,1,0,1,0,0,1,224,1,7
0,15,3,2,1,2,0,4,4,4,1,1,5,4,12,11,0,1,0,0,1,0,1,0,1,0,0,0,1,0,0,0,1,0,0,0,0,0,1,0,1,0,1,0,0,1,1,0,1,0,0,1,0,1,0,1,1,0,0,0,224,1,7
0,16,2,2,1,1,0,4,3,4,1,2,1,6,7,7,1,0,1,0,1,0,1,1,0,0,0,1,0,0,0,0,1,0,0,0,1,0,0,0,1,0,1,0,0,1,1,0,1,0,0,1,1,0,1,0,1,0,0,0,224,1,7
0,16,1,1,1,4,0,2,2,1,1,1,5,0,14,14,0,0,1,0,1,1,0,0,1,0,0,1,0,0,0,0,1,0,0,1,0,0,0,0,0,1,0,1,0,1,1,0,0,1,0,1,0,1,0,1,1,0,0,1,224,1,7
1,15,2,2,1,3,0,4,5,2,1,1,3,0,14,16,0,1,0,0,1,1,0,1,0,0,0,1,0,0,0,0,1,0,0,0,1,0,0,0,0,1,1,0,0,1,1,0,1,0,0,1,0,1,0,1,0,1,1,1,224,1,7
0,15,3,2,1,2,0,4,4,4,1,1,5,4,12,11,0,1,0,0,1,0,1,0,1,0,0,0,1,0,0,0,1,0,0,0,0,0,1,0,1,0,1,0,0,1,1,0,1,0,0,1,0,1,0,1,1,0,0,0,224,1,7
1,16,3,4,3,2,0,3,4,5,1,2,5,4,9,10,0,0,1,1,0,1,0,0,1,0,0,1,0,0,0,1,0,0,0,0,0,1,0,0,1,0,1,0,1,0,1,0,1,0,1,0,0,1,1,0,1,0,1,0,224,1,7
1,16,2,1,2,1,0,3,3,2,1,3,3,0,8,9,0,1,0,1,0,1,0,0,1,0,0,1,0,0,0,0,1,0,0,1,0,0,0,0,1,0,1,0,1,0,1,0,0,1,1,0,0,1,1,0,1,0,1,0,224,1,7
0,19,3,1,1,3,1,5,4,3,1,2,5,12,14,12,1,1,0,1,0,1,0,1,0,0,0,0,1,0,1,0,0,0,0,0,1,0,0,0,0,1,1,0,1,0,0,1,1,0,0,1,0,1,1,0,1,0,0,1,224,1,7
1,16,2,1,2,1,0,3,3,2,1,3,3,2,14,12,1,1,0,1,0,1,0,0,1,0,0,1,0,0,0,0,1,0,0,1,0,0,0,0,1,0,1,0,1,0,1,0,0,1,1,0,0,1,1,0,1,0,1,0,224,1,7
0,18,4,3,2,1,0,3,2,4,1,4,1,8,12,12,1,1,0,0,1,0,1,0,1,0,1,0,0,0,0,0,0,1,0,1,0,0,0,0,1,0,1,0,0,1,1,0,1,0,0,1,0,1,0,1,1,0,0,1,224,1,7
1,16,2,2,1,2,0,4,4,4,1,1,3,0,12,12,1,1,0,0,1,0,1,0,1,0,0,1,0,0,0,0,1,0,0,0,1,0,0,0,1,0,1,0,1,0,1,0,1,0,0,1,0,1,0,1,1,0,1,1,224,1,7
0,18,4,3,2,1,0,3,2,4,1,4,1,8,12,12,1,1,0,0,1,0,1,0,1,0,1,0,0,0,0,0,0,1,0,1,0,0,0,0,1,0,1,0,0,1,1,0,1,0,0,1,0,1,0,1,1,0,0,1,224,1,7
1,17,2,3,2,1,0,5,2,2,1,1,2,4,12,12,1,1,0,0,1,1,0,0,1,0,0,1,0,0,0,0,1,0,0,1,0,0,0,1,0,0,1,0,1,0,1,0,1,0,0,1,0,1,0,1,1,0,1,1,224,1,7
1,17,2,3,2,1,0,5,2,2,1,1,2,4,12,12,1,1,0,0,1,1,0,0,1,0,0,1,0,0,0,0,1,0,0,1,0,0,0,1,0,0,1,0,1,0,1,0,1,0,0,1,0,1,0,1,1,0,1,1,224,1,7
0,18,3,3,1,2,0,5,3,4,1,1,4,0,7,0,0,1,0,0,1,1,0,0,1,0,0,0,1,0,0,0,0,1,0,0,1,0,0,0,1,0,1,0,1,0,1,0,0,1,0,1,0,1,0,1,1,0,0,0,224,1,7
0,17,2,4,1,2,0,5,4,2,2,3,5,0,16,17,0,1,0,0,1,1,0,0,1,0,0,0,1,0,0,0,0,1,0,0,0,0,1,1,0,0,1,0,0,1,1,0,0,1,0,1,0,1,1,0,1,0,0,1,224,1,7
1,17,2,3,2,1,0,5,2,2,1,1,2,4,12,12,1,1,0,0,1,1,0,0,1,0,0,1,0,0,0,0,1,0,0,1,0,0,0,1,0,0,1,0,1,0,1,0,1,0,0,1,0,1,0,1,1,0,1,1,224,1,7
0,18,3,3,1,2,0,5,3,4,1,1,4,8,10,11,1,1,0,0,1,1,0,0,1,0,0,0,1,0,0,0,0,1,0,0,1,0,0,0,1,0,1,0,1,0,1,0,0,1,0,1,0,1,0,1,1,0,0,0,224,1,7
0,17,3,4,1,3,0,4,4,5,1,3,5,16,16,15,1,1,0,0,1,1,0,0,1,0,0,0,1,0,0,0,1,0,0,1,0,0,0,0,1,0,1,0,1,0,1,0,1,0,0,1,0,1,0,1,1,0,0,1,224,1,7
1,19,1,1,2,1,1,4,3,2,1,3,5,0,6,5,1,0,1,1,0,1,0,0,1,0,0,1,0,0,0,0,0,1,0,0,0,1,0,0,1,0,1,0,1,0,1,0,1,0,0,1,0,1,1,0,1,0,1,0,224,1,7
0,17,2,1,3,2,0,2,1,1,1,1,3,2,12,12,0,1,0,1,0,1,0,0,1,1,0,0,0,0,0,0,0,1,0,1,0,0,0,0,1,0,1,0,1,0,1,0,0,1,0,1,0,1,1,0,1,0,0,1,224,1,7
1,16,2,2,1,2,0,4,3,5,2,4,4,0,9,10,1,1,0,0,1,1,0,0,1,0,0,1,0,0,0,0,1,0,0,1,0,0,0,1,0,0,1,0,1,0,1,0,1,0,0,1,1,0,0,1,1,0,1,0,224,1,7
1,19,3,2,2,1,3,3,2,1,1,1,3,4,6,11,0,0,1,0,1,1,0,0,1,1,0,0,0,0,0,0,0,1,0,1,0,0,0,0,1,0,1,0,1,0,1,0,0,1,0,1,0,1,1,0,1,0,1,0,224,1,7
1,16,1,1,1,2,1,4,4,4,1,3,5,0,14,12,0,1,0,0,1,0,1,0,1,0,0,0,1,0,0,0,1,0,0,1,0,0,0,0,1,0,1,0,1,0,1,0,1,0,0,1,0,1,1,0,0,1,1,0,224,1,7
1,17,1,1,3,1,0,4,2,3,3,4,4,4,12,12,0,0,1,1,0,1,0,0,1,0,0,1,0,0,0,0,0,1,0,0,0,1,0,1,0,0,1,0,1,0,1,0,1,0,1,0,1,0,1,0,1,0,1,1,224,1,7
1,17,1,3,1,1,0,5,3,3,1,4,2,2,10,10,0,1,0,0,1,1,0,0,1,1,0,0,0,0,0,0,0,1,0,1,0,0,0,1,0,0,1,0,1,0,1,0,1,0,0,1,1,0,0,1,1,0,1,0,224,1,7
1,18,4,3,1,3,0,5,3,2,1,2,4,4,15,14,1,1,0,1,0,1,0,0,1,0,0,0,0,1,0,0,0,1,0,1,0,0,0,0,1,0,1,0,1,0,1,0,1,0,0,1,0,1,0,1,0,1,1,1,224,1,7
1,16,3,3,1,2,1,4,5,5,4,4,5,4,10,12,0,1,0,0,1,1,0,0,1,0,0,1,0,0,0,0,0,1,0,1,0,0,0,1,0,0,1,0,0,1,0,1,1,0,0,1,0,1,0,1,0,1,1,0,224,1,7
0,17,2,1,2,2,0,4,2,5,1,2,5,0,11,10,1,1,0,1,0,1,0,0,1,1,0,0,0,0,0,0,0,1,0,0,0,0,1,0,1,0,1,0,0,1,1,0,0,1,0,1,0,1,0,1,1,0,0,0,224,1,7
0,18,3,2,2,2,0,4,1,1,1,1,5,15,12,9,0,1,0,1,0,1,0,1,0,0,0,1,0,0,0,0,0,1,0,0,1,0,0,0,1,0,1,0,1,0,1,0,1,0,1,0,1,0,0,1,0,1,0,0,224,1,7
1,18,2,1,1,1,1,3,2,5,2,5,5,4,6,9,1,1,0,0,1,1,0,0,1,0,0,0,1,0,0,0,0,1,0,0,0,1,0,0,1,0,1,0,1,0,1,0,1,0,1,0,1,0,0,1,1,0,1,0,224,1,7
1,16,2,1,2,2,0,5,2,1,1,1,2,0,8,7,0,0,1,1,0,1,0,0,1,0,0,1,0,0,0,0,0,1,0,0,0,0,1,0,1,0,1,0,1,0,1,0,0,1,0,1,0,1,0,1,1,0,1,0,224,1,7
0,18,3,2,1,3,0,4,3,3,5,1,5,10,12,11,0,1,0,0,1,1,0,1,0,0,0,1,0,0,0,0,0,1,0,1,0,0,0,0,0,1,1,0,0,1,1,0,0,1,1,0,0,1,0,1,0,1,0,0,224,1,7
0,17,1,1,3,1,1,5,2,1,1,2,1,0,8,8,1,0,1,1,0,1,0,0,1,0,0,1,0,0,0,0,0,1,0,0,0,0,1,0,1,0,1,0,0,1,1,0,1,0,0,1,0,1,0,1,0,1,0,0,224,1,7
0,18,1,1,3,2,2,3,4,4,2,2,5,3,7,8,1,0,1,0,1,1,0,0,1,0,0,1,0,0,0,0,1,0,0,1,0,0,0,0,1,0,1,0,1,0,1,0,0,1,0,1,0,1,1,0,0,1,0,0,224,1,7
1,19,3,3,1,2,0,4,5,3,1,2,5,0,10,10,0,1,0,1,0,1,0,0,1,0,0,1,0,0,0,0,0,1,0,0,0,0,1,1,0,0,1,0,1,0,1,0,0,1,0,1,0,1,1,0,0,1,1,0,224,1,7
0,16,2,2,1,2,0,5,4,3,1,1,1,0,11,12,0,0,1,1,0,0,1,0,1,0,0,1,0,0,0,0,0,1,0,1,0,0,0,1,0,0,1,0,1,0,1,0,0,1,0,1,0,1,1,0,0,1,0,0,224,1,7
0,17,2,2,1,3,0,3,3,2,2,2,3,3,11,11,1,1,0,1,0,0,1,0,1,0,0,0,1,0,0,0,0,1,0,1,0,0,0,0,1,0,1,0,0,1,0,1,0,1,0,1,0,1,0,1,1,0,0,0,224,1,7
0,17,1,2,1,1,0,3,5,5,1,3,1,4,7,8,0,0,1,1,0,1,0,0,1,0,0,1,0,0,0,0,1,0,0,1,0,0,0,0,1,0,1,0,1,0,1,0,0,1,0,1,0,1,0,1,1,0,0,0,224,1,7
1,16,1,1,2,1,0,3,4,4,3,4,5,6,11,11,0,0,1,1,0,1,0,0,1,1,0,0,0,0,0,0,1,0,0,0,0,1,0,1,0,0,1,0,1,0,1,0,0,1,0,1,0,1,1,0,1,0,1,0,224,1,7
0,16,1,1,2,1,0,3,3,3,1,2,1,8,12,11,0,1,0,1,0,1,0,0,1,0,0,1,0,0,0,0,0,1,0,0,0,0,1,0,1,0,1,0,0,1,1,0,0,1,0,1,0,1,1,0,0,1,0,0,224,1,7
0,17,0,1,2,1,0,2,4,4,3,5,5,5,9,9,1,0,1,0,1,1,0,0,1,0,0,1,0,0,1,0,0,0,0,1,0,0,0,1,0,0,1,0,1,0,1,0,0,1,1,0,0,1,1,0,1,0,0,0,224,1,7
0,17,2,2,2,2,0,5,3,2,1,1,1,0,15,17,1,0,1,1,0,1,0,0,1,0,0,1,0,0,0,0,1,0,0,0,0,0,1,0,1,0,1,0,0,1,1,0,0,1,0,1,0,1,1,0,1,0,0,1,224,1,7
1,19,3,3,1,2,1,4,5,3,1,2,5,0,15,12,1,1,0,1,0,1,0,0,1,0,0,1,0,0,0,0,0,1,0,0,0,0,1,1,0,0,1,0,1,0,1,0,0,1,0,1,0,1,1,0,0,1,1,0,224,1,7
1,19,1,1,1,1,0,3,2,3,3,3,5,5,8,9,1,0,1,0,1,0,1,0,1,0,0,1,0,0,1,0,0,0,0,1,0,0,0,1,0,0,1,0,1,0,1,0,1,0,0,1,0,1,0,1,1,0,1,0,224,1,7
0,15,1,2,2,1,0,5,1,2,1,1,1,3,11,12,0,0,1,1,0,1,0,0,1,0,0,1,0,0,0,0,0,1,0,1,0,0,0,0,1,0,1,0,1,0,1,0,1,0,0,1,0,1,1,0,1,0,0,1,224,1,7
0,17,1,1,1,3,0,4,3,3,1,1,3,0,11,11,0,0,1,0,1,0,1,0,1,0,0,1,0,0,0,0,0,1,0,1,0,0,0,1,0,0,1,0,0,1,1,0,1,0,0,1,0,1,1,0,0,1,0,0,224,1,7
1,15,4,4,2,2,0,4,4,3,1,1,2,2,11,12,1,1,0,0,1,1,0,0,1,0,0,1,0,0,0,0,0,0,1,0,0,0,1,1,0,0,1,0,0,1,1,0,0,1,0,1,0,1,1,0,1,0,1,1,224,1,7
0,17,3,1,2,2,3,5,4,4,1,1,5,2,7,9,0,0,1,1,0,1,0,0,1,0,0,1,0,0,0,0,1,0,0,1,0,0,0,0,1,0,1,0,0,1,1,0,0,1,1,0,0,1,0,1,0,1,0,0,224,1,7
1,15,4,4,2,2,0,4,4,3,1,1,2,2,11,12,1,1,0,0,1,1,0,0,1,0,0,1,0,0,0,0,0,0,1,0,0,0,1,1,0,0,1,0,0,1,1,0,0,1,0,1,0,1,1,0,1,0,1,1,224,1,7
0,16,2,1,1,2,0,5,3,4,1,1,2,8,8,9,1,1,0,0,1,1,0,1,0,0,0,1,0,0,0,0,1,0,0,0,0,1,0,0,1,0,1,0,1,0,0,1,0,1,0,1,0,1,0,1,0,1,0,0,224,1,7
0,18,3,1,1,2,0,5,3,3,1,1,4,4,8,8,1,1,0,1,0,1,0,0,1,0,0,1,0,0,0,0,1,0,0,0,0,0,1,0,1,0,1,0,1,0,1,0,0,1,0,1,0,1,0,1,0,1,0,0,224,1,7
1,15,1,2,2,1,0,4,4,4,2,4,5,2,8,9,0,1,0,0,1,0,1,0,1,0,0,1,0,0,0,0,1,0,0,1,0,0,0,0,1,0,1,0,1,0,1,0,0,1,0,1,0,1,1,0,1,0,1,0,224,1,7
1,17,4,4,2,2,0,3,3,3,2,3,4,0,12,12,1,1,0,1,0,0,1,1,0,0,0,0,0,1,0,0,1,0,0,1,0,0,0,0,1,0,1,0,0,1,1,0,1,0,0,1,0,1,0,1,1,0,1,0,224,1,7
1,16,4,4,1,1,0,5,3,2,1,2,5,4,14,15,1,1,0,0,1,1,0,0,1,0,0,0,1,0,0,0,0,1,0,1,0,0,0,0,1,0,1,0,1,0,0,1,0,1,0,1,0,1,0,1,1,0,1,1,224,1,7
0,16,4,4,1,3,0,5,4,5,1,1,4,2,15,15,0,1,0,0,1,0,1,0,1,0,1,0,0,0,0,1,0,0,0,0,0,1,0,0,1,0,1,0,0,1,1,0,0,1,0,1,0,1,0,1,0,1,0,1,224,1,7
1,16,2,1,2,1,0,2,4,3,2,3,4,4,10,8,1,0,1,0,1,0,1,0,1,1,0,0,0,0,0,0,0,1,0,1,0,0,0,0,1,0,1,0,0,1,1,0,0,1,0,1,0,1,0,1,1,0,1,0,224,1,7
1,15,4,4,1,2,0,3,2,2,1,1,5,4,14,15,0,1,0,0,1,1,0,0,1,0,0,0,0,1,0,1,0,0,0,0,0,0,1,0,1,0,1,0,0,1,1,0,0,1,0,1,0,1,1,0,1,0,1,1,224,1,7
1,15,4,4,1,1,0,5,5,3,1,1,4,6,18,19,1,1,0,0,1,0,1,1,0,0,0,0,0,1,0,0,0,0,1,1,0,0,0,0,1,0,1,0,1,0,1,0,0,1,0,1,0,1,0,1,1,0,1,1,224,1,7
1,18,4,4,1,1,0,5,4,5,1,1,5,3,17,17,1,0,1,0,1,0,1,0,1,0,0,0,1,0,0,0,1,0,0,0,0,0,1,0,1,0,1,0,0,1,1,0,0,1,0,1,0,1,0,1,1,0,1,1,224,1,7
1,15,4,4,1,1,0,5,5,3,1,1,4,6,18,19,1,1,0,0,1,0,1,1,0,0,0,0,0,1,0,0,0,0,1,1,0,0,0,0,1,0,1,0,1,0,1,0,0,1,0,1,0,1,0,1,1,0,1,1,224,1,7
1,16,2,2,2,1,0,5,4,3,2,4,4,6,7,8,1,0,1,1,0,1,0,0,1,0,0,0,1,0,0,0,0,1,0,1,0,0,0,0,1,0,1,0,0,1,1,0,0,1,0,1,0,1,0,1,0,1,1,0,224,1,7
1,18,4,4,3,1,0,2,5,5,1,1,1,5,12,12,1,0,1,1,0,1,0,0,1,1,0,0,0,0,0,0,0,1,0,0,0,1,0,0,1,0,1,0,0,1,0,1,0,1,0,1,0,1,0,1,0,1,1,1,224,1,7
1,16,2,2,2,1,0,5,4,3,2,4,4,6,7,8,1,0,1,1,0,1,0,0,1,0,0,0,1,0,0,0,0,1,0,1,0,0,0,0,1,0,1,0,0,1,1,0,0,1,0,1,0,1,0,1,0,1,1,0,224,1,7
1,15,4,1,1,2,0,5,3,4,1,2,2,7,7,9,0,0,1,1,0,0,1,0,1,0,1,0,0,0,0,0,0,1,0,0,0,0,1,1,0,0,1,0,0,1,1,0,0,1,0,1,0,1,0,1,1,0,1,0,224,1,7
0,16,1,2,2,1,0,5,4,5,1,4,2,0,14,14,0,0,1,1,0,0,1,0,1,0,0,1,0,0,0,0,1,0,0,0,0,0,1,0,1,0,1,0,1,0,1,0,0,1,0,1,0,1,0,1,1,0,0,1,224,1,7
0,18,4,4,3,1,0,4,4,3,2,2,5,7,6,5,1,0,1,1,0,1,0,0,1,0,0,0,0,1,1,0,0,0,0,0,0,0,1,0,1,0,1,0,0,1,0,1,0,1,0,1,0,1,0,1,0,1,0,0,224,1,7
1,15,4,1,1,2,0,5,3,4,1,2,2,7,7,9,0,0,1,1,0,0,1,0,1,0,1,0,0,0,0,0,0,1,0,0,0,0,1,1,0,0,1,0,0,1,1,0,0,1,0,1,0,1,0,1,1,0,1,0,224,1,7
1,15,2,2,3,4,0,5,4,5,2,3,5,8,12,14,1,0,1,0,1,0,1,1,0,0,0,1,0,0,0,0,1,0,0,0,0,0,1,0,1,0,1,0,0,1,1,0,0,1,0,1,0,1,1,0,1,0,1,1,224,1,7
1,15,2,2,1,4,0,4,3,4,1,1,4,6,11,12,1,1,0,0,1,0,1,0,1,0,0,0,1,0,0,1,0,0,0,0,0,0,1,0,1,0,1,0,0,1,1,0,0,1,0,1,0,1,0,1,1,0,1,1,224,1,7
1,16,4,4,1,1,0,3,3,2,2,1,5,16,9,9,0,1,0,0,1,1,0,0,1,0,0,0,0,1,0,0,0,0,1,1,0,0,0,0,1,0,1,0,0,1,1,0,1,0,0,1,1,0,0,1,0,1,1,0,224,1,7
0,18,2,1,1,2,1,5,4,3,1,1,5,12,12,12,1,1,0,0,1,0,1,0,1,0,0,0,1,0,1,0,0,0,0,0,0,0,1,0,1,0,1,0,1,0,1,0,1,0,0,1,0,1,0,1,0,1,0,1,224,1,7
1,18,3,3,1,2,1,4,3,3,1,3,5,8,3,5,0,1,0,1,0,0,1,0,1,0,0,1,0,0,0,0,0,1,0,1,0,0,0,0,1,0,1,0,0,1,1,0,1,0,0,1,0,1,0,1,0,1,1,0,224,1,7
1,18,3,3,1,2,1,4,3,3,1,3,5,8,3,5,0,1,0,1,0,0,1,0,1,0,0,1,0,0,0,0,0,1,0,1,0,0,0,0,1,0,1,0,0,1,1,0,1,0,0,1,0,1,0,1,0,1,1,0,224,1,7
1,16,4,4,1,2,0,4,1,3,3,5,5,18,8,6,0,1,0,0,1,0,1,1,0,0,0,0,0,1,0,1,0,0,0,0,0,0,1,0,1,0,1,0,0,1,1,0,1,0,0,1,0,1,1,0,1,0,1,0,224,1,7
1,19,3,2,1,1,0,4,5,4,1,1,4,6,11,9,1,1,0,0,1,1,0,0,1,0,0,0,1,0,1,0,0,0,0,0,1,0,0,0,1,0,1,0,0,1,1,0,1,0,0,1,1,0,0,1,0,1,1,0,224,1,7
0,17,2,1,2,2,0,4,3,4,2,2,1,10,12,15,1,1,0,0,1,1,0,0,1,0,0,0,1,0,0,0,1,0,0,1,0,0,0,0,1,0,1,0,0,1,1,0,0,1,0,1,0,1,0,1,0,1,0,1,224,1,7
1,18,1,1,2,1,1,4,4,3,3,4,4,0,8,9,0,0,1,1,0,1,0,0,1,0,0,1,0,0,0,0,1,0,0,0,1,0,0,0,1,0,1,0,1,0,1,0,0,1,0,1,1,0,0,1,1,0,1,0,224,1,7
0,18,4,3,1,3,0,4,3,4,1,1,5,2,14,15,0,1,0,0,1,1,0,0,1,0,0,1,0,0,0,0,1,0,0,1,0,0,0,0,1,0,1,0,0,1,1,0,0,1,0,1,0,1,0,1,0,1,0,1,224,1,7
1,16,4,2,1,1,0,4,3,3,3,4,3,10,10,8,0,1,0,1,0,1,0,0,1,0,0,0,0,1,0,0,0,1,0,0,0,1,0,0,1,0,1,0,0,1,1,0,0,1,0,1,0,1,0,1,0,1,1,0,224,1,7
1,16,4,2,1,1,0,4,3,3,3,4,3,10,10,8,0,1,0,1,0,1,0,0,1,0,0,0,0,1,0,0,0,1,0,0,0,1,0,0,1,0,1,0,0,1,1,0,0,1,0,1,0,1,0,1,0,1,1,0,224,1,7
1,15,4,3,1,2,0,4,5,2,1,1,5,0,12,14,0,1,0,1,0,1,0,0,1,0,0,0,0,1,1,0,0,0,0,1,0,0,0,0,1,0,1,0,0,1,1,0,0,1,0,1,0,1,0,1,0,1,1,1,224,1,7
1,16,4,2,1,2,0,4,5,1,1,3,5,0,12,12,1,1,0,0,1,0,1,0,1,0,0,0,0,1,0,0,1,0,0,1,0,0,0,0,1,0,1,0,1,0,1,0,0,1,0,1,0,1,0,1,1,0,1,1,224,1,7
1,18,3,4,1,2,0,4,3,3,1,3,5,6,16,16,1,1,0,0,1,0,1,0,1,0,0,0,1,0,0,0,1,0,0,0,1,0,0,0,1,0,1,0,1,0,1,0,0,1,0,1,0,1,0,1,0,1,1,1,224,1,7
1,17,1,1,2,1,1,4,4,4,1,2,5,0,9,10,1,1,0,0,1,0,1,0,1,0,1,0,0,0,0,0,1,0,0,1,0,0,0,0,1,0,1,0,0,1,1,0,0,1,0,1,0,1,0,1,1,0,1,0,224,1,7
1,17,1,1,2,1,1,4,4,4,1,2,5,2,7,9,0,1,0,0,1,0,1,0,1,0,1,0,0,0,0,0,1,0,0,1,0,0,0,0,1,0,1,0,0,1,1,0,0,1,0,1,0,1,0,1,1,0,1,0,224,1,7
1,17,4,4,1,2,0,5,3,5,4,5,3,13,12,12,1,1,0,0,1,0,1,0,1,0,0,0,1,0,0,0,1,0,0,0,1,0,0,0,1,0,1,0,0,1,0,1,1,0,0,1,0,1,0,1,0,1,1,1,224,1,7
1,16,4,2,1,2,0,4,5,1,1,3,5,0,12,12,1,1,0,0,1,0,1,0,1,0,0,0,0,1,0,0,1,0,0,1,0,0,0,0,1,0,1,0,1,0,1,0,0,1,0,1,0,1,0,1,1,0,1,1,224,1,7
1,17,4,4,1,2,0,4,4,4,1,3,5,0,12,11,1,1,0,0,1,0,1,0,1,0,0,0,0,1,0,0,1,0,0,0,0,0,1,0,1,0,1,0,0,1,0,1,0,1,0,1,0,1,0,1,1,0,1,0,224,1,7
1,17,4,3,1,2,0,5,2,3,1,1,2,4,10,10,0,1,0,0,1,1,0,0,1,0,0,1,0,0,0,0,1,0,0,1,0,0,0,0,1,0,1,0,0,1,1,0,0,1,0,1,0,1,0,1,0,1,1,0,224,1,7
1,18,3,4,2,2,0,4,2,5,3,4,1,13,17,17,1,1,0,1,0,0,1,1,0,0,0,1,0,0,0,0,1,0,0,0,0,0,1,0,1,0,1,0,0,1,0,1,0,1,0,1,0,1,0,1,1,0,1,1,224,1,7
1,18,4,4,1,4,0,5,5,5,5,5,5,2,5,6,0,0,1,0,1,0,1,0,1,1,0,0,0,0,0,1,0,0,0,0,1,0,0,0,1,0,1,0,0,1,1,0,0,1,0,1,1,0,0,1,0,1,1,0,224,1,7
1,16,2,1,1,2,0,4,2,3,1,2,5,0,12,14,1,1,0,0,1,0,1,0,1,0,0,1,0,0,0,0,1,0,0,1,0,0,0,0,1,0,1,0,1,0,1,0,0,1,0,1,0,1,0,1,0,1,1,1,224,1,7
1,17,4,3,1,2,0,5,2,3,1,1,2,4,10,10,0,1,0,0,1,1,0,0,1,0,0,1,0,0,0,0,1,0,0,1,0,0,0,0,1,0,1,0,0,1,1,0,0,1,0,1,0,1,0,1,0,1,1,0,224,1,7
1,17,4,3,2,2,0,2,5,5,1,4,5,8,15,15,1,1,0,0,1,0,1,0,1,0,1,0,0,0,0,0,1,0,0,1,0,0,0,0,1,0,1,0,1,0,1,0,0,1,0,1,0,1,0,1,0,1,1,1,224,1,7
1,16,4,4,1,2,0,4,4,5,5,5,5,4,12,11,1,1,0,0,1,1,0,0,1,0,0,0,0,1,0,0,0,0,1,0,1,0,0,0,1,0,1,0,0,1,0,1,0,1,0,1,0,1,0,1,0,1,1,0,224,1,7
1,18,1,1,1,1,3,2,3,5,2,5,4,0,6,5,0,1,0,0,1,0,1,0,1,0,0,1,0,0,0,0,1,0,0,1,0,0,0,0,1,0,1,0,1,0,1,0,1,0,0,1,1,0,0,1,0,1,1,0,224,1,7
1,16,4,3,1,1,0,3,1,3,1,3,5,6,12,12,0,1,0,0,1,0,1,0,1,0,1,0,0,0,0,0,1,0,0,0,1,0,0,1,0,0,1,0,1,0,1,0,0,1,0,1,0,1,0,1,1,0,1,0,224,1,7
1,18,4,4,1,1,0,4,2,5,3,4,5,2,8,9,1,1,0,0,1,0,1,0,1,0,0,1,0,0,0,0,1,0,0,0,0,0,1,1,0,0,1,0,0,1,1,0,1,0,0,1,0,1,0,1,1,0,1,0,224,1,7
1,16,2,1,1,1,1,4,4,4,3,5,5,6,9,10,0,1,0,0,1,0,1,0,1,1,0,0,0,0,0,0,1,0,0,1,0,0,0,0,1,0,1,0,1,0,1,0,0,1,0,1,0,1,1,0,0,1,1,0,224,1,7
1,16,3,3,1,2,0,4,2,3,1,2,3,0,11,12,0,1,0,0,1,1,0,0,1,0,0,0,1,0,0,0,1,0,0,0,1,0,0,0,1,0,1,0,1,0,1,0,0,1,0,1,0,1,0,1,0,1,1,1,224,1,7
1,17,2,1,2,1,2,3,3,2,2,2,5,0,7,6,1,1,0,1,0,0,1,0,1,1,0,0,0,0,0,0,1,0,0,1,0,0,0,0,1,0,1,0,1,0,1,0,0,1,0,1,1,0,0,1,0,1,1,0,224,1,7
1,18,4,4,2,3,0,4,2,2,2,2,5,0,12,12,0,0,1,0,1,0,1,0,1,0,0,0,0,1,0,0,0,1,0,0,0,1,0,0,1,0,1,0,1,0,0,1,1,0,0,1,0,1,0,1,0,1,1,1,224,1,7
0,18,4,4,1,2,0,4,2,4,1,1,4,0,14,15,1,1,0,0,1,0,1,1,0,0,1,0,0,0,0,0,1,0,0,0,1,0,0,0,1,0,1,0,0,1,0,1,1,0,0,1,0,1,0,1,0,1,0,1,224,1,7
0,18,4,2,1,2,0,4,2,2,1,1,3,0,14,17,0,1,0,0,1,0,1,0,1,0,0,0,0,1,0,0,1,0,0,1,0,0,0,0,1,0,1,0,0,1,1,0,0,1,0,1,0,1,0,1,1,0,0,1,224,1,7
0,18,2,4,2,2,1,4,3,3,1,1,3,18,10,10,1,1,0,0,1,0,1,1,0,0,0,0,1,0,0,0,1,0,0,1,0,0,0,0,1,0,1,0,0,1,1,0,1,0,0,1,0,1,0,1,1,0,0,0,224,1,7
0,16,1,1,3,2,0,4,3,2,1,3,5,6,6,8,0,0,1,0,1,0,1,0,1,1,0,0,0,0,0,0,1,0,0,0,0,1,0,0,1,0,1,0,0,1,1,0,1,0,0,1,0,1,0,1,1,0,0,0,224,1,7
0,17,4,4,1,2,0,2,3,4,1,1,1,0,16,15,0,0,1,0,1,0,1,0,1,1,0,0,0,0,1,0,0,0,0,1,0,0,0,0,1,0,1,0,0,1,0,1,0,1,0,1,0,1,0,1,0,1,0,1,224,1,7
0,16,1,1,3,2,0,4,3,2,1,3,5,6,6,8,0,0,1,0,1,0,1,0,1,1,0,0,0,0,0,0,1,0,0,0,0,1,0,0,1,0,1,0,0,1,1,0,1,0,0,1,0,1,0,1,1,0,0,0,224,1,7
0,15,1,1,1,2,0,4,3,2,2,3,3,6,12,12,0,1,0,0,1,0,1,0,1,1,0,0,0,0,0,0,1,0,0,0,0,1,0,0,1,0,0,1,1,0,1,0,1,0,0,1,0,1,0,1,1,0,0,0,224,1,7
0,17,2,2,1,3,0,3,4,3,1,1,3,8,12,11,1,0,1,0,1,1,0,0,1,0,0,1,0,0,1,0,0,0,0,0,1,0,0,0,1,0,1,0,1,0,1,0,0,1,0,1,0,1,1,0,0,1,0,0,224,1,7
0,15,4,3,1,2,0,4,4,4,2,4,2,0,12,12,1,1,0,0,1,0,1,0,1,0,0,0,1,0,0,0,0,1,0,0,0,0,1,1,0,0,0,1,1,0,1,0,0,1,0,1,0,1,0,1,0,1,0,0,224,1,7
1,16,2,2,2,1,0,2,3,3,2,2,2,4,12,11,1,1,0,0,1,0,1,0,1,0,0,0,1,0,0,0,0,1,0,0,0,0,1,1,0,0,1,0,0,1,1,0,0,1,0,1,0,1,0,1,1,0,1,0,224,1,7
0,18,1,4,3,2,0,4,3,4,1,4,5,0,12,12,0,0,1,1,0,0,1,1,0,1,0,0,0,0,0,0,1,0,0,1,0,0,0,0,1,0,1,0,1,0,1,0,1,0,0,1,0,1,1,0,0,1,0,1,224,1,7
0,17,2,2,1,4,0,3,4,1,1,1,2,2,10,11,1,1,0,0,1,0,1,0,1,0,0,0,1,0,0,0,0,1,0,1,0,0,0,1,0,0,1,0,1,0,1,0,0,1,0,1,0,1,0,1,0,1,0,0,224,1,7
0,17,2,1,1,2,0,4,2,3,2,2,2,2,11,12,0,1,0,0,1,0,1,0,1,0,0,1,0,0,0,0,1,0,0,0,1,0,0,1,0,0,1,0,1,0,1,0,0,1,0,1,0,1,0,1,1,0,0,1,224,1,7
0,17,3,2,2,2,0,1,2,3,1,2,5,0,15,14,0,0,1,0,1,0,1,1,0,0,0,0,1,0,0,0,1,0,0,0,0,0,1,0,1,0,1,0,1,0,1,0,1,0,0,1,0,1,1,0,0,1,0,1,224,1,7
0,15,4,3,1,2,0,4,4,4,2,4,2,0,10,10,0,1,0,0,1,0,1,0,1,0,0,0,1,0,0,0,0,1,0,0,0,0,1,1,0,0,0,1,1,0,1,0,0,1,0,1,0,1,0,1,0,1,0,0,224,1,7
0,17,1,1,1,3,0,4,3,4,1,1,5,12,12,12,0,1,0,0,1,1,0,0,1,1,0,0,0,0,0,0,1,0,0,0,0,0,1,0,1,0,1,0,0,1,1,0,0,1,0,1,0,1,1,0,0,1,0,0,224,1,7
1,16,2,2,2,1,2,2,3,3,2,2,2,8,9,9,0,1,0,0,1,0,1,0,1,0,0,0,1,0,0,0,0,1,0,0,0,0,1,1,0,0,1,0,0,1,1,0,0,1,0,1,0,1,0,1,1,0,1,0,224,1,7
1,18,4,3,2,1,0,4,2,3,1,2,1,8,10,11,0,1,0,0,1,0,1,0,1,0,0,0,0,1,0,0,0,1,0,1,0,0,0,0,1,0,1,0,1,0,0,1,0,1,0,1,0,1,0,1,1,0,1,0,224,1,7
1,18,4,4,2,1,0,3,2,4,1,4,3,22,9,9,1,1,0,0,1,1,0,0,1,0,0,0,0,1,0,0,0,1,0,0,1,0,0,0,1,0,1,0,1,0,0,1,0,1,0,1,0,1,0,1,1,0,1,0,224,1,7
1,18,2,2,1,1,1,4,4,3,2,2,1,26,7,8,0,1,0,0,1,1,0,0,1,0,0,1,0,0,1,0,0,0,0,1,0,0,0,0,0,1,1,0,0,1,1,0,0,1,1,0,1,0,0,1,0,1,1,0,224,1,7
0,17,2,4,1,2,0,4,3,2,1,1,5,8,14,15,0,1,0,0,1,0,1,0,1,0,0,0,1,0,0,0,0,1,0,1,0,0,0,1,0,0,1,0,1,0,1,0,0,1,0,1,0,1,0,1,0,1,0,1,224,1,7
